Situation code,ACK  code,Situation code name,Situation Description,Text,Notes,RecordCode,Filename,Probability,SUBSET Code
1,artillery1-1,ACK_POSITIVE,Согласие. Боевая единица подчиняется некоторому приказу.,"Есть, артиллерия слушает!",,artillery1-1-1,artillery1-1-1.wav,50.0,
,,,,Выполняю. ,,artillery1-1-2,artillery1-1-2.wav,50.0,
,,,,(кашляет) Так точно.,,artillery1-1-3,artillery1-1-3.wav,50.0,
,,,,Как прикажете.,,artillery1-1-4,artillery1-1-4.wav,50.0,
,,,,Я готов.,,artillery1-1-5,artillery1-1-5.wav,50.0,
,,,,"Будет сделано, м-да.",,artillery1-1-6,artillery1-1-6.wav,50.0,
,,,,Конечно,,artillery1-1-7,artillery1-1-7.wav,50.0,
2,artillery1-2,ACK_NEGATIVE,Несогласие. Боевая единица не может выполнить некоторый приказ.,"Никак нет, расчет не может выполнить.",,artillery1-2-1,artillery1-2-1.wav,50.0,
,,,,"Невозможно, товарищ командир.",четко и быстро,artillery1-2-2,artillery1-2-2.wav,50.0,
,,,,"Товарищ командир, не могу выполнить.",немного укоризненно,artillery1-2-3,artillery1-2-3.wav,50.0,
,,,,Дайте более подробные указания.,,artillery1-2-4,artillery1-2-4.wav,50.0,
3,artillery1-3,ACK_SELECTED,Реакция боевой единицы на выбор ее игроком.,"Я, командир",,artillery1-3-1,artillery1-3-1.wav,50.0,
,,,,Кому тут артиллерия понадобилась?,,artillery1-3-2,artillery1-3-2.wav,50.0,
,,,,"Эх, постреляем…",(молодцевато),artillery1-3-3,artillery1-3-3.wav,50.0,
,,,,Слушаю!,,artillery1-3-4,artillery1-3-4.wav,50.0,
,,,,Готов выполнять.,,artillery1-3-5,artillery1-3-5.wav,50.0,
,,,,Готов к действиям,,artillery1-3-6,artillery1-3-6.wav,50.0,
,,,,Заряжа-а-ай! Готовсь!,,artillery1-3-7,artillery1-3-7.wav,50.0,
,,,,Аритиллеристы - боги войны... Хех эттт точно.,,artillery1-3-8,artillery1-3-8.wav,5.0,
,,,,"А вот помню на днях ситуевина была…короче солдатик…один…ой а..черт…извините, товарищь командир"," ""Артиллерист рассказывал какую-то историю - а тут его внезапно позвал командир"" Интонация должна показывать извинение и замешательство",artillery1-3-9,artillery1-3-9.wav,2.0,
4,artillery1-4,ACK_INVALID_TARGET,"Боевая единица не может навестись на некоторую цель, по причинам не указазанным в остальных фразах. ",Никак не прицелиться!…,,artillery1-4-1,artillery1-4-1.wav,50.0,
,,,,Требуются более точные координаты.,,artillery1-4-2,artillery1-4-2.wav,50.0,
5,artillery1-5,ACK_DONT_SEE_THE_ENEMY,Боевая единица не видит цель и отказывается стрелять по ней.,"Цель вне зоны видимости, обстрел невозможен.",,artillery1-5-1,artillery1-5-1.wav,50.0,
,,,,"А…твою дивизию, спрятались, черти.","с ненавистью, сквозь зубы",artillery1-5-2,artillery1-5-2.wav,50.0,
6,artillery1-6,ACK_NOT_IN_ATTACK_ANGLE,Цель вне горизонталного сектора обстрела. Боевая цель не может повернуться в нужном направлении.,Да никак же! Нужно довернуть.,,artillery1-6-1,artillery1-6-1.wav,50.0,
,,,,Ну и как я туда повернусь? А?,,artillery1-6-2,artillery1-6-2.wav,50.0,
7,artillery1-7,ACK_NOT_IN_FIRE_RANGE,Цель слишком далеко или слишком близко. Боевая единица отказывается атаковать. ,Не стреля-я-ять! Не то расстояние!,,artillery1-7-1,artillery1-7-1.wav,50.0,
,,,,"Отставить огонь, дистанция неподходящая! ",,artillery1-7-2,artillery1-7-2.wav,50.0,
,,,,"Каждый снаряд на счету, а туда стрелять нельзя!",возмущенно,artillery1-7-3,artillery1-7-3.wav,50.0,
,,,,Надо сменить дистанцию. Тогда и жахнем!,,artillery1-7-4,artillery1-7-4.wav,50.0,
8,artillery1-8,ACK_NO_AMMO,Отказ атаковать - закончились боеприпасы. ,Стрелять нечем! Может…в рукопашную? А?!,задиристо,artillery1-8-1,artillery1-8-1.wav,50.0,
,,,,Стрелять уже нечем!,,artillery1-8-2,artillery1-8-2.wav,50.0,
,,,,Кончились боеприпасы! ,,artillery1-8-3,artillery1-8-3.wav,50.0,
,,,,Без снарядов только хлопушки стреляют…,,artillery1-8-4,artillery1-8-4.wav,50.0,
,,,,Эх сынки…что ж о снарядах-то не позаботились…,,artillery1-8-5,artillery1-8-5.wav,50.0,
,,,,Товарищ командир…без снарядов  нам крышка…,,artillery1-8-6,artillery1-8-6.wav,50.0,
9,artillery1-9,ACK_CANNOT_PIERCE,Боевая единица не может в принципе пробить защиту цели и отказывается стрелять так как это бесполезно. ,"Цель не будет повреждена! Черт, нужно что-то помощнее!",,artillery1-9-1,artillery1-9-1.wav,50.0,
,,,,Глазам своим не верю! Вот это броня!,,artillery1-9-2,artillery1-9-2.wav,50.0,
,,,,Тут сколько ни жахай - не пробьешь!,,artillery1-9-3,artillery1-9-3.wav,50.0,
10,artillery1-10,ACK_BORED_ATTACK,Периодичекие фразы во ходе атаки. ,За Родину! ,,artillery1-10-1,artillery1-10-1.wav,50.0,
,,,,Ловите подарочек!,,artillery1-10-2,artillery1-10-2.wav,50.0,
,,,,Заряжай! Огонь!,,artillery1-10-3,artillery1-10-3.wav,50.0,
,,,,У-у-у! гнида! Получай!,презрительно,artillery1-10-4,artillery1-10-4.wav,50.0,
12,artillery1-12,ACK_BORED_LOW_AMMO,У боевой единицы боеприпасы подходят к концу. ,Эх сынки! Снаряды экономим! За каждый выстрел - по одной сволочи!,,artillery1-12-1,artillery1-12-1.wav,50.0,
,,,,Снаряды кончаются! Долго мы так не продержимся!,,artillery1-12-2,artillery1-12-2.wav,50.0,
,,,,Забил снаряд я в пушку туго…оппа да они почти кончились!,"первую часть фразы говорит весело, задористо, а потом - озадаченно",artillery1-12-3,artillery1-12-3.wav,50.0,
13,artillery1-13,ACK_BORED_IDLE,Боевая единица ничем не занята и скучает. Нет действия в течение долгого времени. ,"Снаряды рвутся, пули свистят…Хорошо воюем!",,artillery1-13-1,artillery1-13-1.wav,50.0,
,,,,"Эх, хорошо отдохнуть!",Зычно,artillery1-13-2,artillery1-13-2.wav,50.0,
,,,,Пуля дура…Снаряд молодец!,,artillery1-13-3,artillery1-13-3.wav,50.0,
,,,,Дайте только время…постреляем и по Рейхстагу!,,artillery1-13-4,artillery1-13-4.wav,50.0,
14,artillery1-14,ACK_BORED_LOW_HIT_POINTS,Убоевой единицы осталось мало здоровья или прочности. ,"А..ть твою дивизию…чую, плохо нам…",,artillery1-14-1,artillery1-14-1.wav,50.0,
,,,,Это совсем не дело…Нас так прихлопнут...,,artillery1-14-2,artillery1-14-2.wav,50.0,
,,,,Сынок…худо нам скоро будет.,,artillery1-14-3,artillery1-14-3.wav,50.0,
15,artillery1-15,ACK_SELECTION_TO_MUCH,Боевая единица была многократно выбрана подряд. ,"Да, да! Уже жду приказа!",с готовностью и нетерпением ( выполнить),artillery1-15-1,artillery1-15-1.wav,50.0,
,,,,"Да, нам не надо приказывать дважды…и трижды тоже, мы все выполняем сразу!",четко  по солдафонски,artillery1-15-2,artillery1-15-2.wav,50.0,
,,,,"Я, конечно, глуховат…Кх-кх-кх, но все же слышу приказы!",обиженно,artillery1-15-3,artillery1-15-3.wav,50.0,
16,artillery1-16,ACK_KILLED_ENEMY,Боевая единица уничожила врага. ,"А, три пятнадцать…как мы ему вдарили!",довольно,artillery1-16-1,artillery1-16-1.wav,50.0,
,,,,Цель полностью уничтожена!,,artillery1-16-2,artillery1-16-2.wav,50.0,
,,,,Орлы! Еще одна вражина получила по заслугам!,обращаясь к расчету,artillery1-16-3,artillery1-16-3.wav,50.0,
,,,,Приказ выполнен! Враг уничтожен!,,artillery1-16-4,artillery1-16-4.wav,50.0,
,,,,Для этих гадов - ничего не жалко!,издевательски,artillery1-16-5,artillery1-16-5.wav,50.0,
17,artillery1-17,ACK_BUILDING_FINISHED,Боевая единица закончила окапывание или закончила строительные работы,Окопаться-то - всяко веселее будет!,,artillery1-17-1,artillery1-17-1.wav,50.0,
,,,,Вот так-то! Пусть попробуют нас отсюда выбить!,,artillery1-17-2,artillery1-17-2.wav,50.0,
18,artillery1-18,DIED,Боевая единица погибла. Последние слова. ,Аааааа….(затихающий крик),,artillery1-18-1,artillery1-18-1.wav,50.0,
,,,,А!!! Ну вот…постреляли…хех,,artillery1-18-2,artillery1-18-2.wav,50.0,
,,,,За что?,,artillery1-18-3,artillery1-18-3.wav,50.0,
,,,,Отлично постреляли. Кхе-кхе.,улыбается перед смертью,artillery1-18-4,artillery1-18-4.wav,50.0,
,,,,Оу…..,,artillery1-18-5,artillery1-18-5.wav,50.0,
,,,,(крик),,artillery1-18-6,artillery1-18-6.wav,50.0,
,,,,(крик),,artillery1-18-7,artillery1-18-7.wav,50.0,
,,,,(крик),,artillery1-18-8,artillery1-18-8.wav,50.0,
,,,,(крик),,artillery1-18-9,artillery1-18-9.wav,50.0,
,,,,(крик),,artillery1-18-10,artillery1-18-10.wav,50.0,
20,artillery1-20,ACK_UNDER_ATTACK,Боевая единица подверглась нападению. ,Мы атакованы!,,artillery1-20-1,artillery1-20-1.wav,50.0,
,,,,Враги атакуют!,,artillery1-20-2,artillery1-20-2.wav,50.0,
,,,,"Ну, гады, получите сейчас.",,artillery1-20-3,artillery1-20-3.wav,50.0,
21,artillery1-21,ACK_ENEMY_FOUND,Боевая единица обнаружила врага,Внимание! Вижу врага!,,artillery1-21-1,artillery1-21-1.wav,50.0,
,,,,"А! вот они, голубчики!",,artillery1-21-2,artillery1-21-2.wav,50.0,
22,artillery1-22,ACK_ORDER_FINISHED,Боевая единица закончила выполнение приказа,И готово!...Приказ выполнен! Хех,,artillery1-22-1,artillery1-22-1.wav,50.0,
,,,,Ать два…все готово!,,artillery1-22-2,artillery1-22-2.wav,50.0,
23,artillery1-23,ACK_REINFORCEMENT_ARRIVED,Боевая единица докладывает о прибытии в составе подкрепления,Подкрепления прибыли!,,artillery1-23-1,artillery1-23-1.wav,50.0,
,,,,Здесь нужна артиллерия? Понимаю!,лукаво,artillery1-23-2,artillery1-23-2.wav,50.0,
32,artillery1-33,ACK_BEING_ATTACKED_BY_AVIATION,Боевая единица заметила вражеские самолеты,"Летит, сволочь!",,artillery1-33-1,artillery1-33-1.wav,50.0,
,,,,Летите летите…летуны проклятые,,artillery1-33-2,artillery1-33-2.wav,50.0,
1,artillery2-1,ACK_POSITIVE,Согласие. Боевая единица подчиняется некоторому приказу.,"Так точно, приказ понятен!",,artillery2-1-1,artillery2-1-1.wav,50.0,
,,,,"Есть, я слушаю!",,artillery2-1-2,artillery2-1-2.wav,50.0,
,,,,"Есть, товарищ командир!",скороговоркой и энтузиазмом,artillery2-1-3,artillery2-1-3.wav,50.0,
,,,,"Есть, товарищ командир! Во имя победы-ы-ы-ы!",кричит,artillery2-1-4,artillery2-1-4.wav,5.0,
,,,,Сделаем!,,artillery2-1-5,artillery2-1-5.wav,50.0,
,,,,Я справлюсь! Есть!,,artillery2-1-6,artillery2-1-6.wav,50.0,
,,,,Артиллеристы выполнят приказ!,,artillery2-1-7,artillery2-1-7.wav,50.0,
2,artillery2-2,ACK_NEGATIVE,Несогласие. Боевая единица не может выполнить некоторый приказ.,"Э-э..это невозможно, товарищ командир!","немного колеблясь, но слова ""товарищ командир"" - быстро чеканит.",artillery2-2-1,artillery2-2-1.wav,50.0,
,,,,"Расстреляйте меня, но это невозможно выполнить.",,artillery2-2-2,artillery2-2-2.wav,50.0,
,,,,Приказ не может быть выполнен!,,artillery2-2-3,artillery2-2-3.wav,50.0,
,,,,Я... я не могу выполнить приказ…,расстроено,artillery2-2-4,artillery2-2-4.wav,50.0,
3,artillery2-3,ACK_SELECTED,Реакция боевой единицы на выбор ее игроком.,Артиллерия на связи!,,artillery2-3-1,artillery2-3-1.wav,50.0,
,,,,Заряжай и стреляй!,,artillery2-3-2,artillery2-3-2.wav,50.0,
,,,,Орудие готово!,,artillery2-3-3,artillery2-3-3.wav,50.0,
,,,,Артиллеристы не подведут!,,artillery2-3-4,artillery2-3-4.wav,50.0,
,,,,Да! Артиллерия!,,artillery2-3-5,artillery2-3-5.wav,50.0,
,,,,Наши пушки всегда готовы нанести сокрушительнвй удар!,,artillery2-3-6,artillery2-3-6.wav,5.0,
,,,,Зададим им взбучку!,,artillery2-3-7,artillery2-3-7.wav,50.0,
,,,,"Слушаю, товарищ командир!",,artillery2-3-8,artillery2-3-8.wav,50.0,
,,,,Кхм-кхм…,,artillery2-3-9,artillery2-3-9.wav,50.0,
4,artillery2-4,ACK_INVALID_TARGET,"Боевая единица не может навестись на некоторую цель, по причинам не указазанным в остальных фразах. ",Товарищ командир…мы никак не сможем навестись.,,artillery2-4-1,artillery2-4-1.wav,50.0,
,,,,Никак невозможно.,,artillery2-4-2,artillery2-4-2.wav,50.0,
5,artillery2-5,ACK_DONT_SEE_THE_ENEMY,Боевая единица не видит цель и отказывается стрелять по ней.,Дайте мне бинокль…я их не вижу,,artillery2-5-1,artillery2-5-1.wav,50.0,
,,,,Где же эти сволочи? Не видно!,,artillery2-5-2,artillery2-5-2.wav,50.0,
6,artillery2-6,ACK_NOT_IN_ATTACK_ANGLE,Цель вне горизонталного сектора обстрела. Боевая цель не может повернуться в нужном направлении.,Поворота орудия недостаточно для поражения цели.,,artillery2-6-1,artillery2-6-1.wav,50.0,
,,,,"Я считаю, требуется поворот орудия.",,artillery2-6-2,artillery2-6-2.wav,50.0,
7,artillery2-7,ACK_NOT_IN_FIRE_RANGE,Цель слишком далеко или слишком близко. Боевая единица отказывается атаковать. ,Куда смотрят наводчики? На такой дистанции стрелять нельзя!,,artillery2-7-1,artillery2-7-1.wav,50.0,
,,,,Боюсь…на таком расстоянии мы не сможем попасть.,,artillery2-7-2,artillery2-7-2.wav,50.0,
,,,,Расчет растояния неверный!,,artillery2-7-3,artillery2-7-3.wav,50.0,
,,,,"Отставить огонь, проверить дистанцию!",,artillery2-7-4,artillery2-7-4.wav,50.0,
8,artillery2-8,ACK_NO_AMMO,Отказ атаковать - закончились боеприпасы. ,Мы расстреляли весь боекомплект!,,artillery2-8-1,artillery2-8-1.wav,50.0,
,,,,"Товарищ командир, нужны боеприпасы.",,artillery2-8-2,artillery2-8-2.wav,50.0,
,,,,Стрелять нечем…товарищ командир.,сокрушенно и обреченно,artillery2-8-3,artillery2-8-3.wav,50.0,
,,,,Где же снаряды? Боеприпасы!,"нервно, чуть истерично",artillery2-8-4,artillery2-8-4.wav,50.0,
,,,,У нас все кончилось! ,,artillery2-8-5,artillery2-8-5.wav,50.0,
,,,,Нужны снаряд! Срочно!,,artillery2-8-6,artillery2-8-6.wav,50.0,
9,artillery2-9,ACK_CANNOT_PIERCE,Боевая единица не может в принципе пробить защиту цели и отказывается стрелять так как это бесполезно. ,"Товарищ командир, предлагаю калибр побольше!",,artillery2-9-1,artillery2-9-1.wav,50.0,
,,,,Глазам своим не верю!,,artillery2-9-2,artillery2-9-2.wav,50.0,
,,,,"Вот гнида! Ну ничего, я тебя достану!",,artillery2-9-3,artillery2-9-3.wav,50.0,
10,artillery2-10,ACK_BORED_ATTACK,Периодичекие фразы во ходе атаки. ,"Хорошая работа, наводчик!",,artillery2-10-1,artillery2-10-1.wav,50.0,
,,,,Огонь!,,artillery2-10-2,artillery2-10-2.wav,50.0,
,,,,Залпом! Залпом по ним!,,artillery2-10-3,artillery2-10-3.wav,50.0,
,,,,Заряжа-а-ай!,,artillery2-10-4,artillery2-10-4.wav,50.0,
12,artillery2-12,ACK_BORED_LOW_AMMO,У боевой единицы боеприпасы подходят к концу. ,Внимание! Боеприпасы на исходе!,,artillery2-12-1,artillery2-12-1.wav,50.0,
,,,,Каждый снаряд на счету…осталось мало…,обеспокоенно,artillery2-12-2,artillery2-12-2.wav,50.0,
,,,,Мало…так мало осталось снарядов…,сокрушенно,artillery2-12-3,artillery2-12-3.wav,50.0,
13,artillery2-13,ACK_BORED_IDLE,Боевая единица ничем не занята и скучает. Нет действия в течение долгого времени. ,"Вставай, страна огромная…(напевает)",,artillery2-13-1,artillery2-13-1.wav,50.0,
,,,,Кхм-кхм…нужно же действовать!,,artillery2-13-2,artillery2-13-2.wav,50.0,
,,,,"Пока мы здесь баклуши бьем, вокруг война кипит!",,artillery2-13-3,artillery2-13-3.wav,50.0,
,,,,Командир! Люди рвутся в бой! Отдайте приказ.,,artillery2-13-4,artillery2-13-4.wav,50.0,
14,artillery2-14,ACK_BORED_LOW_HIT_POINTS,Убоевой единицы осталось мало здоровья или прочности. ,Повреждения серьезные…товарищ командир,,artillery2-14-1,artillery2-14-1.wav,50.0,
,,,  ,Если я умру - сообщите родным…,,artillery2-14-2,artillery2-14-2.wav,50.0,
,,,  ,Я буду биться до конца…,,artillery2-14-3,artillery2-14-3.wav,50.0,
15,artillery2-15,ACK_SELECTION_TO_MUCH,Боевая единица была многократно выбрана подряд. ,Да в условиях военного времени за это можно….,с угрозой,artillery2-15-1,artillery2-15-1.wav,50.0,
,,,  ,Т..товарищ командир..я что-то не понял приказа.,,artillery2-15-2,artillery2-15-2.wav,50.0,
,,,  ,"Товарищ командир, я уже давно готов.",с раздражением,artillery2-15-3,artillery2-15-3.wav,50.0,
16,artillery2-16,ACK_KILLED_ENEMY,Боевая единица уничожила врага. ,Ура-а-а!!! Цель поражена! ,,artillery2-16-1,artillery2-16-1.wav,50.0,
,,,  ,Чтоб меня разорвало! Попали!,,artillery2-16-2,artillery2-16-2.wav,50.0,
,,,  ,Вот так и куется победа,,artillery2-16-3,artillery2-16-3.wav,50.0,
,,,  ,Мы их уничтожили! Жду новую цель.,,artillery2-16-4,artillery2-16-4.wav,50.0,
,,,  ,Точно в яблочко!,,artillery2-16-5,artillery2-16-5.wav,50.0,
17,artillery2-17,ACK_BUILDING_FINISHED,Боевая единица закончила окапывание или закончила строительные работы,Окапывание завершено.,,artillery2-17-1,artillery2-17-1.wav,50.0,
,,,  ,Теперь им нас не достать!,,artillery2-17-2,artillery2-17-2.wav,50.0,
18,artillery2-18,DIED,Боевая единица погибла. Последние слова. ,Прощайте…друзья…,,artillery2-18-1,artillery2-18-1.wav,50.0,
,,,  ,Я умираю за родину…,,artillery2-18-2,artillery2-18-2.wav,50.0,
,,,  ,А-а-а-а-а!!!,,artillery2-18-3,artillery2-18-3.wav,50.0,
,,,  ,Аарррррррр,,artillery2-18-4,artillery2-18-4.wav,50.0,
,,,  ,М.м.мммм,,artillery2-18-5,artillery2-18-5.wav,50.0,
,,,,(крик),,artillery2-18-6,artillery2-18-6.wav,50.0,
,,,,(крик),,artillery2-18-7,artillery2-18-7.wav,50.0,
,,,,(крик),,artillery2-18-8,artillery2-18-8.wav,50.0,
,,,,(крик),,artillery2-18-9,artillery2-18-9.wav,50.0,
,,,,(крик),,artillery2-18-10,artillery2-18-10.wav,50.0,
20,artillery2-20,ACK_UNDER_ATTACK,Боевая единица подверглась нападению. ,Они пошли в атаку!,,artillery2-20-1,artillery2-20-1.wav,50.0,
,,,  ,Мы в зоне обстрела! Всем в укрытие!,,artillery2-20-2,artillery2-20-2.wav,50.0,
,,,  ,По нам стреляют!,,artillery2-20-3,artillery2-20-3.wav,50.0,
21,artillery2-21,ACK_ENEMY_FOUND,Боевая единица обнаружила врага,Визуальный контакт с противником.!,,artillery2-21-1,artillery2-21-1.wav,50.0,
,,,  ,Вижу противника!,,artillery2-21-2,artillery2-21-2.wav,50.0,
22,artillery2-22,ACK_ORDER_FINISHED,Боевая единица закончила выполнение приказа,"Есть, приказ выполнен!",,artillery2-22-1,artillery2-22-1.wav,50.0,
,,,  ,Выполнено.,,artillery2-22-2,artillery2-22-2.wav,50.0,
23,artillery2-23,ACK_REINFORCEMENT_ARRIVED,Боевая единица докладывает о прибытии в составе подкрепления,Товарищ командир… прибыли под ваше командование.,,artillery2-23-1,artillery2-23-1.wav,50.0,
,,,  ,Мы - ваше подкрепление.,,artillery2-23-2,artillery2-23-2.wav,50.0,
32,artillery2-33,ACK_BEING_ATTACKED_BY_AVIATION,Боевая единица заметила вражеские самолеты,Приготовиться к авиаудару!,,artillery2-33-1,artillery2-33-1.wav,50.0,
,,,  ,Воздух!,,artillery2-33-2,artillery2-33-2.wav,50.0,
1,artillery3-1,ACK_POSITIVE,Согласие. Боевая единица подчиняется некоторому приказу.,"Есть, расчет слушает!",,artillery3-1-1,artillery3-1-1.wav,50.0,
,,,  ,Нам не привыкать!,,artillery3-1-2,artillery3-1-2.wav,50.0,
,,,  ,Конечно! Да!,,artillery3-1-3,artillery3-1-3.wav,50.0,
,,,  ,За Родину! За Сталина! Сделаем…,Утвердительно. Спокойно…,artillery3-1-4,artillery3-1-4.wav,50.0,
,,,  ,Готов!,,artillery3-1-5,artillery3-1-5.wav,50.0,
,,,  ,Будет сделано! Что?,,artillery3-1-6,artillery3-1-6.wav,50.0,
,,,  ,С удовольствием!,,artillery3-1-7,artillery3-1-7.wav,50.0,
2,artillery3-2,ACK_NEGATIVE,Несогласие. Боевая единица не может выполнить некоторый приказ.,Никак нет! ,,artillery3-2-1,artillery3-2-1.wav,50.0,
,,,  ,Приказ невозможно выполнить!,,artillery3-2-2,artillery3-2-2.wav,50.0,
,,,  ,Лопни мои перепонки! Это невозможно!,,artillery3-2-3,artillery3-2-3.wav,50.0,
,,,  ,"А? Что? Нет, товарищ командир!",,artillery3-2-4,artillery3-2-4.wav,50.0,
3,artillery3-3,ACK_SELECTED,Реакция боевой единицы на выбор ее игроком.,Аааартиллерияяяя!,,artillery3-3-1,artillery3-3-1.wav,50.0,
,,,  ,Мы готовы!,,artillery3-3-2,artillery3-3-2.wav,50.0,
,,,  ,Куда наводиться?,,artillery3-3-3,artillery3-3-3.wav,50.0,
,,,  ,Ждем приказа!,,artillery3-3-4,artillery3-3-4.wav,50.0,
,,,  ,Дайте мне цель посложнее!,,artillery3-3-5,artillery3-3-5.wav,50.0,
,,,  ,А? Что? Слушаю!,встрепенувшись…взволнованно,artillery3-3-6,artillery3-3-6.wav,50.0,
,,,  ,"Я слушаю, товарищ командир!",орет.,artillery3-3-7,artillery3-3-7.wav,50.0,
,,,  ,"Только покажите - что, а мы уж разнесем это в клочья!",,artillery3-3-8,artillery3-3-8.wav,50.0,
,,,  ,А? Что? Да!,,artillery3-3-9,artillery3-3-9.wav,50.0,
4,artillery3-4,ACK_INVALID_TARGET,"Боевая единица не может навестись на некоторую цель, по причинам не указазанным в остальных фразах. ",Ничего не понимаю. Куда стрелять?,,artillery3-4-1,artillery3-4-1.wav,50.0,
,,,  ,Командир…цель недоступна.,,artillery3-4-2,artillery3-4-2.wav,50.0,
5,artillery3-5,ACK_DONT_SEE_THE_ENEMY,Боевая единица не видит цель и отказывается стрелять по ней.,Цель не вижу-стрелять не могу.,Тупо. По военному.,artillery3-5-1,artillery3-5-1.wav,50.0,
,,,  ,Не вижу! Где цель?,,artillery3-5-2,artillery3-5-2.wav,50.0,
6,artillery3-6,ACK_NOT_IN_ATTACK_ANGLE,Цель вне горизонталного сектора обстрела. Боевая цель не может повернуться в нужном направлении.,Они вне зоны поражения!!!,,artillery3-6-1,artillery3-6-1.wav,50.0,
,,,  ,Может…попробуем занять другую позицию?,,artillery3-6-2,artillery3-6-2.wav,50.0,
7,artillery3-7,ACK_NOT_IN_FIRE_RANGE,Цель слишком далеко или слишком близко. Боевая единица отказывается атаковать. ,Мы же не попадем! Расстояние не то что надо!,,artillery3-7-1,artillery3-7-1.wav,50.0,
,,,  ,Я не хочу попусту тратить снаряды! Нужно менять дистанцию!,,artillery3-7-2,artillery3-7-2.wav,50.0,
,,,  ,"Да не та дистанция, я говорю!",,artillery3-7-3,artillery3-7-3.wav,50.0,
,,,  ,На таком расстоянии стрелять бесполезно.,,artillery3-7-4,artillery3-7-4.wav,50.0,
8,artillery3-8,ACK_NO_AMMO,Отказ атаковать - закончились боеприпасы. ,Подайте снаряды!,,artillery3-8-1,artillery3-8-1.wav,50.0,
,,,  ,Где ящики с боеприпасами? Мы на нуле!,,artillery3-8-2,artillery3-8-2.wav,50.0,
,,,  ,"Как стрелять-то? Я бы и выстрелил, да нечем!",с вызовом!,artillery3-8-3,artillery3-8-3.wav,50.0,
,,,  ,Ну и как нам дальше быть? Стрелять нечем!,,artillery3-8-4,artillery3-8-4.wav,50.0,
,,,  ,"Докладываю: боеприпасы кончились, готовы к рукопашной.",,artillery3-8-5,artillery3-8-5.wav,50.0,
,,,  ,Подсобите с боеприпасами!!!!,отчаянно,artillery3-8-6,artillery3-8-6.wav,50.0,
9,artillery3-9,ACK_CANNOT_PIERCE,Боевая единица не может в принципе пробить защиту цели и отказывается стрелять так как это бесполезно. ,По такой броне можно и не стрелять!,,artillery3-9-1,artillery3-9-1.wav,50.0,
,,,  ,"Давайте пальнем залпом, а то не пробьем!",,artillery3-9-2,artillery3-9-2.wav,50.0,
,,,  ,Вот гады! Какая же там броня!,,artillery3-9-3,artillery3-9-3.wav,50.0,
10,artillery3-10,ACK_BORED_ATTACK,Периодичекие фразы во ходе атаки. ,Целься… ,,artillery3-10-1,artillery3-10-1.wav,50.0,
,,,  ,Нужно добить их всех! Огоооонь!,,artillery3-10-2,artillery3-10-2.wav,50.0,
,,,  ,Не щадите их! ,,artillery3-10-3,artillery3-10-3.wav,50.0,
,,,  ,Бей оккупантов!,,artillery3-10-4,artillery3-10-4.wav,50.0,
11,artillery3-11,ACK_CANNOT_MOVE_TRACK_DAMAGED,"Колесо или гусеница повреждены, боевая единица отказывается двигаться или атаковать. ",Мы не можем передвигаться! Нужен срочный ремонт,,artillery3-11-1,artillery3-11-1.wav,50.0,
,,,  ,Ходовая часть повреждена!,,artillery3-11-2,artillery3-11-2.wav,50.0,
,,,  ,Мы не можем сдвинуться! Прошу помощи ремонтников!,,artillery3-11-3,artillery3-11-3.wav,50.0,
12,artillery3-12,ACK_BORED_LOW_AMMO,У боевой единицы боеприпасы подходят к концу. ,Да тут всего-то снарядов осталось! ,,artillery3-12-1,artillery3-12-1.wav,50.0,
,,,  ,"Черт, кончаются снаряды!",,artillery3-12-2,artillery3-12-2.wav,50.0,
,,,  ,Еще несколько выстрелов - и снарядов не будет.,панически,artillery3-12-3,artillery3-12-3.wav,50.0,
13,artillery3-13,ACK_BORED_IDLE,Боевая единица ничем не занята и скучает. Нет действия в течение долгого времени. ,М.м.м пороховой дым! Аромат войны!,,artillery3-13-1,artillery3-13-1.wav,50.0,
,,,  ,"Уже две контузии, но я еще ого-го!",,artillery3-13-2,artillery3-13-2.wav,50.0,
,,,  ,Зря всю эту войну затеяли...,,artillery3-13-3,artillery3-13-3.wav,50.0,
,,,  ,"Наши жееены - пушки заряжееены, вот кто наши жены!",тихо поет сиплым-сиплым голосом.,artillery3-13-4,artillery3-13-4.wav,50.0,
14,artillery3-14,ACK_BORED_LOW_HIT_POINTS,Убоевой единицы осталось мало здоровья или прочности. ,Старому вояке все нипочем…но надолго меня не хватит.,с трудом выговаривает слова…сильные ранения.,artillery3-14-1,artillery3-14-1.wav,50.0,
,,,  ,А!!! Осталось недолго…,,artillery3-14-2,artillery3-14-2.wav,50.0,
,,,  ,Слишком много повреждений!,,artillery3-14-3,artillery3-14-3.wav,50.0,
15,artillery3-15,ACK_SELECTION_TO_MUCH,Боевая единица была многократно выбрана подряд. ,Я уже здеееесь! Давнооо!,кричит,artillery3-15-1,artillery3-15-1.wav,50.0,
,,,  ,Уже даже я услышал!,,artillery3-15-2,artillery3-15-2.wav,50.0,
,,,  ,Помню однажды меня ударило затвором…кхе. По голове… С тех пор слышу плохо.,,artillery3-15-3,artillery3-15-3.wav,50.0,
16,artillery3-16,ACK_KILLED_ENEMY,Боевая единица уничожила врага. ,Да! Наконец то!!! Получай! ,,artillery3-16-1,artillery3-16-1.wav,50.0,
,,,  ,"Дохни, сволочь!",,artillery3-16-2,artillery3-16-2.wav,50.0,
,,,  ,Давим их давим!,,artillery3-16-3,artillery3-16-3.wav,50.0,
,,,  ,А!!! Кто следующий?,в ярости!,artillery3-16-4,artillery3-16-4.wav,50.0,
,,,  ,Я их всех поубиваю!,страшно рычит,artillery3-16-5,artillery3-16-5.wav,50.0,
17,artillery3-17,ACK_BUILDING_FINISHED,Боевая единица закончила окапывание или закончила строительные работы,Мы не саперы! Зарылись на славу! Ха! Ха! Ха!,,artillery3-17-1,artillery3-17-1.wav,50.0,
,,,  ,Все. Окопались.,,artillery3-17-2,artillery3-17-2.wav,50.0,
18,artillery3-18,DIED,Боевая единица погибла. Последние слова. ,Ааа. Вот досада…(кашляет). ,,artillery3-18-1,artillery3-18-1.wav,50.0,
,,,  ,Да что б вас! Сволочи!,,artillery3-18-2,artillery3-18-2.wav,50.0,
,,,  ,О-о-о…,,artillery3-18-3,artillery3-18-3.wav,50.0,
,,,  ,о-а-а…все…,последние слова,artillery3-18-4,artillery3-18-4.wav,50.0,
,,,  ,почему..я?,,artillery3-18-5,artillery3-18-5.wav,50.0,
,,,,(крик),,artillery3-18-6,artillery3-18-6.wav,50.0,
,,,,(крик),,artillery3-18-7,artillery3-18-7.wav,50.0,
,,,,(крик),,artillery3-18-8,artillery3-18-8.wav,50.0,
,,,,(крик),,artillery3-18-9,artillery3-18-9.wav,50.0,
,,,,(крик),,artillery3-18-10,artillery3-18-10.wav,50.0,
19,artillery3-19,ACK_MOVE_END,Боевая единица закончила длительное перемещение вне поля зрения игрока. ,Прибыли в точку назначения!,,artillery3-19-1,artillery3-19-1.wav,50.0,
,,,  ,"Перегруппировка завершена, мы на месте.",,artillery3-19-2,artillery3-19-2.wav,50.0,
20,artillery3-20,ACK_UNDER_ATTACK,Боевая единица подверглась нападению. ,Ложиись! Нас атакуют!,,artillery3-20-1,artillery3-20-1.wav,50.0,
,,,  ,По нам стреляют! Что? Не слышу!,,artillery3-20-2,artillery3-20-2.wav,50.0,
,,,  ,Гады открыли огонь!,,artillery3-20-3,artillery3-20-3.wav,50.0,
21,artillery3-21,ACK_ENEMY_FOUND,Боевая единица обнаружила врага,Вижу противника! Готооовсь!,,artillery3-21-1,artillery3-21-1.wav,50.0,
,,,  ,"А вон, ползут… хари немытые.",,artillery3-21-2,artillery3-21-2.wav,50.0,
22,artillery3-22,ACK_ORDER_FINISHED,Боевая единица закончила выполнение приказа,Вот так! Все готово!,,artillery3-22-1,artillery3-22-1.wav,50.0,
,,,  ,Приказ выполнен!,,artillery3-22-2,artillery3-22-2.wav,50.0,
23,artillery3-23,ACK_REINFORCEMENT_ARRIVED,Боевая единица докладывает о прибытии в составе подкрепления,Вот мы и прибыли! Готовы драться!,,artillery3-23-1,artillery3-23-1.wav,50.0,
,,,  ,Артиллерия лишней не бывает!,,artillery3-23-2,artillery3-23-2.wav,50.0,
32,artillery3-33,ACK_BEING_ATTACKED_BY_AVIATION,Боевая единица заметила вражеские самолеты,Что это за шум? Самолеты! ,,artillery3-33-1,artillery3-33-1.wav,50.0,
,,,  ,Внимание! Воздух!,,artillery3-33-2,artillery3-33-2.wav,50.0,
1,artillery4-1,ACK_POSITIVE,Согласие. Боевая единица подчиняется некоторому приказу.,Начинаем выполнение приказа!,,artillery4-1-1,artillery4-1-1.wav,50.0,
,,,  ,"Товарищ командир, есть!",,artillery4-1-2,artillery4-1-2.wav,50.0,
,,,  ,"Командир, понятно!",,artillery4-1-3,artillery4-1-3.wav,50.0,
,,,  ,"Орудие ПВО, приказ выполняется!",,artillery4-1-4,artillery4-1-4.wav,50.0,
,,,  ,Как по нотам!,,artillery4-1-5,artillery4-1-5.wav,50.0,
,,,  ,"Сейчас, сейчас выполним!",,artillery4-1-6,artillery4-1-6.wav,50.0,
,,,  ,"Судя по расчетам, скоро выполним!",,artillery4-1-7,artillery4-1-7.wav,50.0,
2,artillery4-2,ACK_NEGATIVE,Несогласие. Боевая единица не может выполнить некоторый приказ.,"Командир, мы не можем!",,artillery4-2-1,artillery4-2-1.wav,50.0,
,,,  ,Расчет ПВО не сможет выполнить приказ!,,artillery4-2-2,artillery4-2-2.wav,50.0,
,,,  ,"Нам на лекции говорили, что так не выйдет.",,artillery4-2-3,artillery4-2-3.wav,50.0,
,,,  ,Но... но это невыполнимо!,(неуверенно),artillery4-2-4,artillery4-2-4.wav,50.0,
3,artillery4-3,ACK_SELECTED,Реакция боевой единицы на выбор ее игроком.,"ПВО, ПВО!",,artillery4-3-1,artillery4-3-1.wav,50.0,
,,,  ,Это воздушная оборона!,,artillery4-3-2,artillery4-3-2.wav,50.0,
,,,  ,Расчет орудия ПВО слушает!,,artillery4-3-3,artillery4-3-3.wav,50.0,
,,,  ,"Это мы, пво-шники!",,artillery4-3-4,artillery4-3-4.wav,50.0,
,,,  ,Мы вас прикроем!,,artillery4-3-5,artillery4-3-5.wav,50.0,
,,,  ,Батарея ПВО!,,artillery4-3-6,artillery4-3-6.wav,50.0,
,,,  ,Расчет!,,artillery4-3-7,artillery4-3-7.wav,50.0,
,,,  ,Командир ПВО!,,artillery4-3-8,artillery4-3-8.wav,50.0,
,,,  ,ПВО докладывает!,,artillery4-3-9,artillery4-3-9.wav,50.0,
4,artillery4-4,ACK_INVALID_TARGET,"Боевая единица не может навестись на некоторую цель, по причинам не указазанным в остальных фразах. ",А... четче обозначьте цель!,,artillery4-4-1,artillery4-4-1.wav,50.0,
,,,  ,"Судя по учебникам, это не наша цель.",,artillery4-4-2,artillery4-4-2.wav,50.0,
5,artillery4-5,ACK_DONT_SEE_THE_ENEMY,Боевая единица не видит цель и отказывается стрелять по ней.,Что-то я никого не вижу!,,artillery4-5-1,artillery4-5-1.wav,50.0,
,,,  ,Цель не обнаружена!,,artillery4-5-2,artillery4-5-2.wav,50.0,
6,artillery4-6,ACK_NOT_IN_ATTACK_ANGLE,Цель вне горизонталного сектора обстрела. Боевая цель не может повернуться в нужном направлении.,"Вне сектора обстрела, командир.",,artillery4-6-1,artillery4-6-1.wav,50.0,
,,,  ,"Где, сзади? Развернуться?",,artillery4-6-2,artillery4-6-2.wav,50.0,
7,artillery4-7,ACK_NOT_IN_FIRE_RANGE,Цель слишком далеко или слишком близко. Боевая единица отказывается атаковать. ,Ну так на таком расстоянии стрелять невозможно.,,artillery4-7-1,artillery4-7-1.wav,50.0,
,,,  ,"Командир, дистанция неподходящая.",,artillery4-7-2,artillery4-7-2.wav,50.0,
,,,  ,"Наводим... нет, не на такой дистанции.",,artillery4-7-3,artillery4-7-3.wav,50.0,
,,,  ,Все дело в расстоянии.,,artillery4-7-4,artillery4-7-4.wav,50.0,
8,artillery4-8,ACK_NO_AMMO,Отказ атаковать - закончились боеприпасы. ,"Ну, мы сидим без снарядов.",,artillery4-8-1,artillery4-8-1.wav,50.0,
,,,  ,"На лекции говорили, что без боезапаса стрелять нельзя.",,artillery4-8-2,artillery4-8-2.wav,5.0,
,,,  ,"Командир, а я уверен, что боезапас кончился.",,artillery4-8-3,artillery4-8-3.wav,50.0,
,,,  ,"А нельзя боеприпасов подвезти, командир?",,artillery4-8-4,artillery4-8-4.wav,50.0,
,,,  ,Но ведь нам заряжать нечего.,,artillery4-8-5,artillery4-8-5.wav,50.0,
,,,  ,Без боезапаса можем только отойти.,,artillery4-8-6,artillery4-8-6.wav,50.0,
9,artillery4-9,ACK_CANNOT_PIERCE,Боевая единица не может в принципе пробить защиту цели и отказывается стрелять так как это бесполезно. ,"Лучше бомбами, иначе не пробьет.",,artillery4-9-1,artillery4-9-1.wav,50.0,
,,,  ,У нас калибр маловат.,,artillery4-9-2,artillery4-9-2.wav,50.0,
,,,  ,Это невозможно пробить даже в теории.,,artillery4-9-3,artillery4-9-3.wav,50.0,
10,artillery4-10,ACK_BORED_ATTACK,Периодичекие фразы во ходе атаки. ,Решети!,,artillery4-10-1,artillery4-10-1.wav,50.0,
,,,  ,"В крошево их, в крошево!",,artillery4-10-2,artillery4-10-2.wav,50.0,
,,,  ,"Быстрее, быстрее наводись!",,artillery4-10-3,artillery4-10-3.wav,50.0,
,,,  ,Бери круче по траектории!,,artillery4-10-4,artillery4-10-4.wav,50.0,
11,artillery4-11,ACK_CANNOT_MOVE_TRACK_DAMAGED,"Колесо или гусеница повреждены, боевая единица отказывается двигаться или атаковать. ","Похоже, нам нужен ремонт.",,artillery4-11-1,artillery4-11-1.wav,50.0,
,,,  ,Классический случай поломки колеса.,,artillery4-11-2,artillery4-11-2.wav,50.0,
,,,  ,Покатались - и будет! На ремонт!,,artillery4-11-3,artillery4-11-3.wav,50.0,
12,artillery4-12,ACK_BORED_LOW_AMMO,У боевой единицы боеприпасы подходят к концу. ,По расчетам скоро мы будем без снарядов.,,artillery4-12-1,artillery4-12-1.wav,50.0,
,,,  ,Следующий ящик... Последний?,,artillery4-12-2,artillery4-12-2.wav,50.0,
,,,  ,Везите боеприпасы для ПВО!,,artillery4-12-3,artillery4-12-3.wav,50.0,
13,artillery4-13,ACK_BORED_IDLE,Боевая единица ничем не занята и скучает. Нет действия в течение долгого времени. ,Как-то все это не похоже на учебку...,,artillery4-13-1,artillery4-13-1.wav,50.0,
,,,  ,Тишина-то какая!,,artillery4-13-2,artillery4-13-2.wav,50.0,
,,,  ,"Судя по затишью, скоро начнется...",,artillery4-13-3,artillery4-13-3.wav,50.0,
,,,  ,Ну вот точно скоро начнется...,,artillery4-13-4,artillery4-13-4.wav,50.0,
14,artillery4-14,ACK_BORED_LOW_HIT_POINTS,Убоевой единицы осталось мало здоровья или прочности. ,Мне сейчас орудие расколошматят!,,artillery4-14-1,artillery4-14-1.wav,50.0,
,,,  ,"Командир, нас накрывают!",,artillery4-14-2,artillery4-14-2.wav,50.0,
,,,  ,Можем и не отбиться!,,artillery4-14-3,artillery4-14-3.wav,50.0,
15,artillery4-15,ACK_SELECTION_TO_MUCH,Боевая единица была многократно выбрана подряд. ,"Билет номер 25, ведение огня по воздушной цели... Ой!",,artillery4-15-1,artillery4-15-1.wav,50.0,
,,,  ,"Тс-с! Кажется, ползет кто-то...",,artillery4-15-2,artillery4-15-2.wav,50.0,
,,,  ,Кто это тут раскашлялся?,,artillery4-15-3,artillery4-15-3.wav,50.0,
16,artillery4-16,ACK_KILLED_ENEMY,Боевая единица уничожила врага. ,Как по учебнику!,,artillery4-16-1,artillery4-16-1.wav,50.0,
,,,  ,На полигоне так же было!,,artillery4-16-2,artillery4-16-2.wav,50.0,
,,,  ,"Я говорил, точно навелись!",,artillery4-16-3,artillery4-16-3.wav,50.0,
,,,  ,"Расчет, молодцы!",,artillery4-16-4,artillery4-16-4.wav,50.0,
,,,  ,"Отлично, а теперь следующий!",,artillery4-16-5,artillery4-16-5.wav,50.0,
17,artillery4-17,ACK_BUILDING_FINISHED,Боевая единица закончила окапывание или закончила строительные работы,"Зарылись, стволы к небу!",,artillery4-17-1,artillery4-17-1.wav,50.0,
,,,  ,"Товарищ командир, мы окопались!",,artillery4-17-2,artillery4-17-2.wav,50.0,
18,artillery4-18,DIED,Боевая единица погибла. Последние слова. ,"Ой, не-е-ет!",,artillery4-18-1,artillery4-18-1.wav,50.0,
,,,  ,Как же так...,,artillery4-18-2,artillery4-18-2.wav,50.0,
,,,  ,Только начал воевать...,,artillery4-18-3,artillery4-18-3.wav,50.0,
,,,  ,Не сдам я этот экз...,,artillery4-18-4,artillery4-18-4.wav,50.0,
,,,  ,Глупо-то как...,,artillery4-18-5,artillery4-18-5.wav,50.0,
,,,,(крик),,artillery4-18-6,artillery4-18-6.wav,50.0,
,,,,(крик),,artillery4-18-7,artillery4-18-7.wav,50.0,
,,,,(крик),,artillery4-18-8,artillery4-18-8.wav,50.0,
,,,,(крик),,artillery4-18-9,artillery4-18-9.wav,50.0,
,,,,(крик),,artillery4-18-10,artillery4-18-10.wav,50.0,
19,artillery4-19,ACK_MOVE_END,Боевая единица закончила длительное перемещение вне поля зрения игрока. ,А ПВО уже на месте!,,artillery4-19-1,artillery4-19-1.wav,50.0,
,,,  ,"Товарищ командир, ПВО в расчетном квадрате!",,artillery4-19-2,artillery4-19-2.wav,50.0,
20,artillery4-20,ACK_UNDER_ATTACK,Боевая единица подверглась нападению. ,Ничего себе! Нас атакуют!,,artillery4-20-1,artillery4-20-1.wav,50.0,
,,,  ,Откуда стреляют?,,artillery4-20-2,artillery4-20-2.wav,50.0,
,,,  ,Берегись! Мы под огнем!,,artillery4-20-3,artillery4-20-3.wav,50.0,
21,artillery4-21,ACK_ENEMY_FOUND,Боевая единица обнаружила врага,"Ой, обнаружил врага!",(весело),artillery4-21-1,artillery4-21-1.wav,50.0,
,,,  ,Враги наступают!,,artillery4-21-2,artillery4-21-2.wav,50.0,
22,artillery4-22,ACK_ORDER_FINISHED,Боевая единица закончила выполнение приказа,Расчет ПВО приказ выполнил!,,artillery4-22-1,artillery4-22-1.wav,50.0,
,,,  ,"Это ПВО, все готово!",,artillery4-22-2,artillery4-22-2.wav,50.0,
23,artillery4-23,ACK_REINFORCEMENT_ARRIVED,Боевая единица докладывает о прибытии в составе подкрепления,ПВО прибыло!,,artillery4-23-1,artillery4-23-1.wav,50.0,
,,,  ,Орудия ПВО в вашем распоряжении!,,artillery4-23-2,artillery4-23-2.wav,50.0,
32,artillery4-33,ACK_BEING_ATTACKED_BY_AVIATION,Боевая единица заметила вражеские самолеты,"Ага, а вот и наши птички!",,artillery4-33-1,artillery4-33-1.wav,50.0,
,,,  ,"К делу, расчет!",,artillery4-33-2,artillery4-33-2.wav,50.0,
1,infantry1-1,ACK_POSITIVE,Согласие. Боевая единица подчиняется некоторому приказу.,Так ниче сложного.,,infantry1-1-1,infantry1-1-1.wav,50.0,
,,,  ,"Да ща, командир.",,infantry1-1-2,infantry1-1-2.wav,50.0,
,,,  ,Запевай!,,infantry1-1-3,infantry1-1-3.wav,50.0,
,,,  ,Да как семечки щелкать!,,infantry1-1-4,infantry1-1-4.wav,50.0,
,,,  ,А проще пареной репы!,,infantry1-1-5,infantry1-1-5.wav,50.0,
,,,  ,"Однова живем, сейчас!",,infantry1-1-6,infantry1-1-6.wav,50.0,
,,,  ,От щас сделаем!,,infantry1-1-7,infantry1-1-7.wav,50.0,
2,infantry1-2,ACK_NEGATIVE,Несогласие. Боевая единица не может выполнить некоторый приказ.,"Не, не выйдет.",,infantry1-2-1,infantry1-2-1.wav,50.0,
,,,  ,"Да сдурели, што ль?",,infantry1-2-2,infantry1-2-2.wav,50.0,
,,,  ,Ну куда там.,,infantry1-2-3,infantry1-2-3.wav,50.0,
,,,  ,Эвона чего придумали!,,infantry1-2-4,infantry1-2-4.wav,50.0,
3,infantry1-3,ACK_SELECTED,Реакция боевой единицы на выбор ее игроком.,Пехота!,,infantry1-3-1,infantry1-3-1.wav,50.0,
,,,  ,Так точно!,,infantry1-3-2,infantry1-3-2.wav,50.0,
,,,  ,Дравия желаю!,,infantry1-3-3,infantry1-3-3.wav,50.0,
,,,  ,Командир!,,infantry1-3-4,infantry1-3-4.wav,50.0,
,,,  ,Рядовой слушает!,,infantry1-3-5,infantry1-3-5.wav,50.0,
,,,  ,Пехота всегда готова!,,infantry1-3-6,infantry1-3-6.wav,50.0,
,,,  ,А как прикажете!,,infantry1-3-7,infantry1-3-7.wav,50.0,
,,,  ,Товарищ командир! Пехота!,,infantry1-3-8,infantry1-3-8.wav,50.0,
,,,  ,Рад служить!,,infantry1-3-9,infantry1-3-9.wav,50.0,
4,infantry1-4,ACK_INVALID_TARGET,"Боевая единица не может навестись на некоторую цель, по причинам не указазанным в остальных фразах. ",Нас такому не учили.,,infantry1-4-1,infantry1-4-1.wav,50.0,
,,,  ,Так и председатель не сможет.,,infantry1-4-2,infantry1-4-2.wav,50.0,
5,infantry1-5,ACK_DONT_SEE_THE_ENEMY,Боевая единица не видит цель и отказывается стрелять по ней.,Куда палить-то?,,infantry1-5-1,infantry1-5-1.wav,50.0,
,,,  ,Че-то не видно.,,infantry1-5-2,infantry1-5-2.wav,50.0,
6,infantry1-6,ACK_ENEMY_ISNT_IN_ATTACK_ANGLE,Цель вне горизонталного сектора обстрела. Боевая цель не может повернуться в нужном направлении.,Тута не развернуться.,,infantry1-6-1,infantry1-6-1.wav,50.0,
,,,  ,А? Куда поворачивать?,,infantry1-6-2,infantry1-6-2.wav,50.0,
7,infantry1-7,ACK_NOT_IN_FIRE_RANGE,Цель слишком далеко или слишком близко. Боевая единица отказывается атаковать. ,Тут целить надо!,,infantry1-7-1,infantry1-7-1.wav,50.0,
,,,  ,Дисипозицию... место менять надо.,,infantry1-7-2,infantry1-7-2.wav,50.0,
8,infantry1-8,ACK_NO_AMMO,Отказ атаковать - закончились боеприпасы. ,А нечем!,,infantry1-8-1,infantry1-8-1.wav,50.0,
,,,  ,"Лаптем, что ли?",,infantry1-8-2,infantry1-8-2.wav,50.0,
,,,  ,Так патроны везите!,,infantry1-8-3,infantry1-8-3.wav,50.0,
,,,  ,Было бы чем...,,infantry1-8-4,infantry1-8-4.wav,50.0,
,,,  ,"Командир, стрелять уже нечем.",,infantry1-8-5,infantry1-8-5.wav,50.0,
,,,  ,Кончились патроны - возьмемся за дубье.,,infantry1-8-6,infantry1-8-6.wav,50.0,
9,infantry1-9,ACK_CANNOT_PIERCE,Боевая единица не может в принципе пробить защиту цели и отказывается стрелять так как это бесполезно. ,"Дело дурное, броня крепкая!",,infantry1-9-1,infantry1-9-1.wav,50.0,
,,,  ,Эвона там броня какая!,,infantry1-9-2,infantry1-9-2.wav,50.0,
,,,  ,"Не сдюжим, не пробьем!",,infantry1-9-3,infantry1-9-3.wav,50.0,
10,infantry1-10,ACK_BORED_ATTACK,Периодичекие фразы во ходе атаки. ,Ща скулы-то посворачиваю!,,infantry1-10-1,infantry1-10-1.wav,50.0,
,,,  ,А наддай!,,infantry1-10-2,infantry1-10-2.wav,50.0,
,,,  ,А вот я щас!,,infantry1-10-3,infantry1-10-3.wav,50.0,
,,,  ,Бей вражин!,,infantry1-10-4,infantry1-10-4.wav,50.0,
12,infantry1-12,ACK_BORED_LOW_AMMO,У боевой единицы боеприпасы подходят к концу. ,"Все прут и прут, стрелять нечем!",,infantry1-12-1,infantry1-12-1.wav,50.0,
,,,  ,А пулять-то уже нечем...,,infantry1-12-2,infantry1-12-2.wav,50.0,
,,,  ,Патрончиков бы...,,infantry1-12-3,infantry1-12-3.wav,50.0,
13,infantry1-13,ACK_BORED_IDLE,Боевая единица ничем не занята и скучает. Нет действия в течение долгого времени. ,Щас бы чайку...,,infantry1-13-1,infantry1-13-1.wav,50.0,
,,,  ,Айда к медсестричкам!,,infantry1-13-2,infantry1-13-2.wav,50.0,
,,,  ,Надысь мамаша бубликов прислала...,,infantry1-13-3,infantry1-13-3.wav,50.0,
,,,  ,"Валенки, валенки... (напевает)",,infantry1-13-4,infantry1-13-4.wav,50.0,
14,infantry1-14,ACK_BORED_LOW_HIT_POINTS,Убоевой единицы осталось мало здоровья или прочности. ,Тикать пора!,,infantry1-14-1,infantry1-14-1.wav,50.0,
,,,  ,"Убивают, братцы!",,infantry1-14-2,infantry1-14-2.wav,50.0,
,,,  ,Страшно-то как...,,infantry1-14-3,infantry1-14-3.wav,50.0,
15,infantry1-15,ACK_SELECTION_TO_MUCH,Боевая единица была многократно выбрана подряд. ,Да туточки мы!,,infantry1-15-1,infantry1-15-1.wav,50.0,
,,,  ,Махорки не будет?,,infantry1-15-2,infantry1-15-2.wav,50.0,
,,,  ,"Да кончилась самогонка, кончилась!",,infantry1-15-3,infantry1-15-3.wav,50.0,
16,infantry1-16,ACK_KILLED_ENEMY,Боевая единица уничожила врага. ,Бей городских!,,infantry1-16-1,infantry1-16-1.wav,50.0,
,,,  ,"На-кося, выкуси!",,infantry1-16-2,infantry1-16-2.wav,50.0,
,,,  ,От так-то лучше!,,infantry1-16-3,infantry1-16-3.wav,50.0,
,,,  ,"Ух, хорошо!",,infantry1-16-4,infantry1-16-4.wav,50.0,
,,,  ,Хорошо полыхнуло!,,infantry1-16-5,infantry1-16-5.wav,50.0,
17,infantry1-17,ACK_BUILDING_FINISHED,Боевая единица закончила окапывание или закончила строительные работы,Зарылись!,,infantry1-17-1,infantry1-17-1.wav,50.0,
,,,  ,Окопы готовы!,,infantry1-17-2,infantry1-17-2.wav,50.0,
18,infantry1-18,DIED,Боевая единица погибла. Последние слова. ,"Ой, мамочки.",,infantry1-18-1,infantry1-18-1.wav,50.0,
,,,  ,А-а-а!!!,,infantry1-18-2,infantry1-18-2.wav,50.0,
,,,  ,Больно ж.,,infantry1-18-3,infantry1-18-3.wav,50.0,
,,,  ,Сестричка!,,infantry1-18-4,infantry1-18-4.wav,50.0,
,,,  ,"Братцы, кажись, все.",,infantry1-18-5,infantry1-18-5.wav,50.0,
,,,,(крик),,infantry1-18-6,infantry1-18-6.wav,50.0,
,,,,(крик),,infantry1-18-7,infantry1-18-7.wav,50.0,
,,,,(крик),,infantry1-18-8,infantry1-18-8.wav,50.0,
,,,,(крик),,infantry1-18-9,infantry1-18-9.wav,50.0,
,,,,(крик),,infantry1-18-10,infantry1-18-10.wav,50.0,
19,infantry1-19,ACK_MOVE_END,Боевая единица закончила длительное перемещение вне поля зрения игрока. ,"Командир, мы дотопали!",,infantry1-19-1,infantry1-19-1.wav,50.0,
,,,  ,Как приказывали!,,infantry1-19-2,infantry1-19-2.wav,50.0,
20,infantry1-20,ACK_UNDER_ATTACK,Боевая единица подверглась нападению. ,Ах ты сволота!,,infantry1-20-1,infantry1-20-1.wav,50.0,
,,,  ,Вражины!,,infantry1-20-2,infantry1-20-2.wav,50.0,
,,,  ,Ну погоди у меня!,,infantry1-20-3,infantry1-20-3.wav,50.0,
21,infantry1-21,ACK_ENEMY_FOUND,Боевая единица обнаружила врага,Глянь-ка!,,infantry1-21-1,infantry1-21-1.wav,50.0,
,,,  ,"Командир, враги!",,infantry1-21-2,infantry1-21-2.wav,50.0,
22,infantry1-22,ACK_ORDER_FINISHED,Боевая единица закончила выполнение приказа,А вот и все!,,infantry1-22-1,infantry1-22-1.wav,50.0,
,,,  ,Пора и самокрутку посмолить!,,infantry1-22-2,infantry1-22-2.wav,50.0,
23,infantry1-23,ACK_REINFORCEMENT_ARRIVED,Боевая единица докладывает о прибытии в составе подкрепления,"Командир, пехота прибыла!",,infantry1-23-1,infantry1-23-1.wav,50.0,
,,,  ,"О-па, уже приехали.",,infantry1-23-2,infantry1-23-2.wav,50.0,
29,infantry1-29,ACK_MINE_FOUND,Боевая единица обнаружила мину.,Обнаружено минное поле!,,infantry1-29-1,infantry1-29-1.wav,50.0,
,,,  ,Тут мины понатыканы!,,infantry1-29-2,infantry1-29-2.wav,50.0,
32,infantry1-32,ACK_BEING_ATTACKED_BY_AVIATION,Боевая единица заметила вражеские самолеты,"Ух, глянь: летят!",,infantry1-32-1,infantry1-32-1.wav,50.0,
,,,  ,Еропланы!,,infantry1-32-2,infantry1-32-2.wav,50.0,
1,infantry2-1,ACK_POSITIVE,Согласие. Боевая единица подчиняется некоторому приказу.,Да! Вас понял!,,infantry2-1-1,infantry2-1-1.wav,50.0,
,,,  ,"Есть, понял!",с рвением и азартом.,infantry2-1-2,infantry2-1-2.wav,50.0,
,,,  ,Конечно! Слушаюсь!,на подьеме,infantry2-1-3,infantry2-1-3.wav,50.0,
,,,  ,"Так точно, товарищ командир!","задорно, весело!",infantry2-1-4,infantry2-1-4.wav,50.0,
,,,  ,Товарищ Сталин будет нами гордиться!,,infantry2-1-5,infantry2-1-5.wav,50.0,
,,,  ,Я выполню приказ! Чего бы это ни стоило.,завершает фразу угрожающим тоном.,infantry2-1-6,infantry2-1-6.wav,50.0,
,,,  ,Война  - это мое…,,infantry2-1-7,infantry2-1-7.wav,50.0,
2,infantry2-2,ACK_NEGATIVE,Несогласие. Боевая единица не может выполнить некоторый приказ.,Я не смогу это сделать! Дайте другой приказ!,с яростью.,infantry2-2-1,infantry2-2-1.wav,5.0,
,,,  ,"Нет, черт подери, не могу.",тон близкий к угрозе.,infantry2-2-2,infantry2-2-2.wav,50.0,
,,,  ,Никак невозможно! Приказ не будет выполнен!,,infantry2-2-3,infantry2-2-3.wav,50.0,
,,,  ,Нет! Никак нет!,с вызовом,infantry2-2-4,infantry2-2-4.wav,50.0,
3,infantry2-3,ACK_SELECTED,Реакция боевой единицы на выбор ее игроком.,Я готов! Приказывайте!,,infantry2-3-1,infantry2-3-1.wav,50.0,
,,,  ,Пехота - царица полей! ,,infantry2-3-2,infantry2-3-2.wav,50.0,
,,,  ,Дайте же мне живого врага… пока живого…,с угрозой,infantry2-3-3,infantry2-3-3.wav,50.0,
,,,  ,"Да, товарищ командир",,infantry2-3-4,infantry2-3-4.wav,50.0,
,,,  ,Наша доля - солдатская.,,infantry2-3-5,infantry2-3-5.wav,50.0,
,,,  ,Есть!,,infantry2-3-6,infantry2-3-6.wav,50.0,
,,,  ,Жизнь - за победу!,,infantry2-3-7,infantry2-3-7.wav,50.0,
,,,  ,Жду ваших приказаний!,,infantry2-3-8,infantry2-3-8.wav,50.0,
,,,  ,Смерть врагам!,,infantry2-3-9,infantry2-3-9.wav,50.0,
4,infantry2-4,ACK_INVALID_TARGET,"Боевая единица не может навестись на некоторую цель, по причинам не указазанным в остальных фразах. ","А, черт, так его не достать...гада.",,infantry2-4-1,infantry2-4-1.wav,50.0,
,,,  ,"Не, ну что тут будешь делать!",,infantry2-4-2,infantry2-4-2.wav,50.0,
5,infantry2-5,ACK_DONT_SEE_THE_ENEMY,Боевая единица не видит цель и отказывается стрелять по ней.,Видимость ноль!,,infantry2-5-1,infantry2-5-1.wav,50.0,
,,,  ,Э-э-эй! Ну куда же ты спрятался? А? Ну иди ко мне!,,infantry2-5-2,infantry2-5-2.wav,5.0,
6,infantry2-6,ACK_ENEMY_ISNT_IN_ATTACK_ANGLE,Цель вне горизонталного сектора обстрела. Боевая цель не может повернуться в нужном направлении.,А…куда забрался…гнида…,с ненавистью.,infantry2-6-1,infantry2-6-1.wav,50.0,
,,,  ,Я не могу туда повернуться…черт,раздосадованно,infantry2-6-2,infantry2-6-2.wav,50.0,
7,infantry2-7,ACK_NOT_IN_FIRE_RANGE,Цель слишком далеко или слишком близко. Боевая единица отказывается атаковать. ,"Пусть подойдет чуть поближе, тогда и пальнем!",,infantry2-7-1,infantry2-7-1.wav,50.0,
,,,  ,Э! Надо подойти ближе…чтобы наверняка…,,infantry2-7-2,infantry2-7-2.wav,50.0,
8,infantry2-8,ACK_NO_AMMO,Отказ атаковать - закончились боеприпасы. ,"Все кончилось, стрелять больше нечем!",,infantry2-8-1,infantry2-8-1.wav,50.0,
,,,  ,Боеприпасов нет! Какой будет приказ?,,infantry2-8-2,infantry2-8-2.wav,50.0,
,,,  ,Кончились патроны!,,infantry2-8-3,infantry2-8-3.wav,50.0,1
,,,  ,Больше нет ракет!,,infantry2-8-4,infantry2-8-4.wav,50.0,2
,,,  ,Нужно топливо! Подогреем гадов!,,infantry2-8-5,infantry2-8-5.wav,50.0,3
,,,  ,Где снаряды! Скорее!,,infantry2-8-6,infantry2-8-6.wav,50.0,4
,,,  ,Обоймы пусты!,,infantry2-8-7,infantry2-8-7.wav,50.0,1
,,,  ,Да нечем же стрелять! Позвольте в рукопашную?,с надеждой в голосе,infantry2-8-8,infantry2-8-8.wav,5.0,
9,infantry2-9,ACK_CANNOT_PIERCE,Боевая единица не может в принципе пробить защиту цели и отказывается стрелять так как это бесполезно. ,"Нет, поразить цель не получится.",,infantry2-9-1,infantry2-9-1.wav,50.0,
,,,  ,Крепковат орешек.,,infantry2-9-2,infantry2-9-2.wav,50.0,
,,,  ,Все видели это? Его так просто не взять!,,infantry2-9-3,infantry2-9-3.wav,50.0,
10,infantry2-10,ACK_BORED_ATTACK,Периодичекие фразы во ходе атаки. ,Вставай на смертный бой!,,infantry2-10-1,infantry2-10-1.wav,50.0,
,,,  ,Бей гадов!!!,,infantry2-10-2,infantry2-10-2.wav,50.0,
,,,  ,Всех убью!,кричит в ярости!,infantry2-10-3,infantry2-10-3.wav,50.0,
,,,  ,"Получай, получай!",Сквозь зубы,infantry2-10-4,infantry2-10-4.wav,50.0,
12,infantry2-12,ACK_BORED_LOW_AMMO,У боевой единицы боеприпасы подходят к концу. ,Боеприпасы кончаются… ну ничего…,раздосадованно…,infantry2-12-1,infantry2-12-1.wav,50.0,
,,,  ,Боеприпасы почти на нуле! Скоро р-р-рукопашная будет!,азартно,infantry2-12-2,infantry2-12-2.wav,50.0,
,,,  ,Кончатся патроны - я их рруками порву!,,infantry2-12-3,infantry2-12-3.wav,50.0,1
,,,  ,Стрелять уже почти нечем!,,infantry2-12-4,infantry2-12-4.wav,50.0,
,,,  ,Подайте патроны! ,,infantry2-12-5,infantry2-12-5.wav,50.0,1
,,,  ,,,infantry2-12-6,infantry2-12-6.wav,50.0,
13,infantry2-13,ACK_BORED_IDLE,Боевая единица ничем не занята и скучает. Нет действия в течение долгого времени. ,"Как пойдем в атаку с криками ""Ура-а-а!"" - душа поет!",,infantry2-13-1,infantry2-13-1.wav,50.0,
,,,  ,Эх! Пуля дура - штык молодец! ,,infantry2-13-2,infantry2-13-2.wav,50.0,
,,,  ,"Нет, братцы…помирать я не согласный…Вот доживем до победы, а там - пожалуйста.",,infantry2-13-3,infantry2-13-3.wav,50.0,
,,,  ,"Да, медаль мне хотели присвоить…да я отказался… зачем…?",хвастается…( привирает),infantry2-13-4,infantry2-13-4.wav,50.0,
14,infantry2-14,ACK_BORED_LOW_HIT_POINTS,Убоевой единицы осталось мало здоровья или прочности. ,Пришлите доктора! Мне еще рано подыхать!,,infantry2-14-1,infantry2-14-1.wav,50.0,
,,,  ,"Неет, нужно дожить до победы.",,infantry2-14-2,infantry2-14-2.wav,50.0,
,,,  ,"Ха!!! Они думают, что я уже мертв…хрен им!",с трудом говорит…хрипит,infantry2-14-3,infantry2-14-3.wav,5.0,
15,infantry2-15,ACK_SELECTION_TO_MUCH,Боевая единица была многократно выбрана подряд. ,Ура-а-а-а-а!,,infantry2-15-1,infantry2-15-1.wav,50.0,
,,,  ,Я не штабная крыса! Мне лучше в бой!,,infantry2-15-2,infantry2-15-2.wav,50.0,
,,,  ,Что? Не иначе как меня наградить хотят?,,infantry2-15-3,infantry2-15-3.wav,50.0,
16,infantry2-16,ACK_KILLED_ENEMY,Боевая единица уничожила врага. ,Ааааа! Вот это веселье!,,infantry2-16-1,infantry2-16-1.wav,50.0,
,,,  ,Мало тебе!!! ,,infantry2-16-2,infantry2-16-2.wav,50.0,
,,,  ,Да…я люблю это!,,infantry2-16-3,infantry2-16-3.wav,50.0,
,,,  ,Ха! А я что говорил!,,infantry2-16-4,infantry2-16-4.wav,50.0,
,,,  ,Нет преград! Нет спасения!,,infantry2-16-5,infantry2-16-5.wav,50.0,
17,infantry2-17,ACK_BUILDING_FINISHED,Боевая единица закончила окапывание или закончила строительные работы,"А! Достань, попробуй.",,infantry2-17-1,infantry2-17-1.wav,50.0,
,,,  ,Ну я и зарылся!,,infantry2-17-2,infantry2-17-2.wav,50.0,
18,infantry2-18,DIED,Боевая единица погибла. Последние слова. ,А скотина!!!!,умирает…,infantry2-18-1,infantry2-18-1.wav,50.0,
,,,  ,Все равно ты труп…А-а..,фраза на спад. На последнем издыхании...,infantry2-18-2,infantry2-18-2.wav,50.0,
,,,  ,Ар.рррр..а.ааа,"Борется со смертью, но силы покидают",infantry2-18-3,infantry2-18-3.wav,50.0,
,,,  ,Нееттт…так рано…,,infantry2-18-4,infantry2-18-4.wav,50.0,
,,,  ,Оу…..,,infantry2-18-5,infantry2-18-5.wav,50.0,
,,,,(крик),,infantry2-18-6,infantry2-18-6.wav,50.0,
,,,,(крик),,infantry2-18-7,infantry2-18-7.wav,50.0,
,,,,(крик),,infantry2-18-8,infantry2-18-8.wav,50.0,
,,,,(крик),,infantry2-18-9,infantry2-18-9.wav,50.0,
,,,,(крик),,infantry2-18-10,infantry2-18-10.wav,50.0,
19,infantry2-19,ACK_MOVE_END,Боевая единица закончила длительное перемещение вне поля зрения игрока. ,На место прибыл! ,,infantry2-19-1,infantry2-19-1.wav,50.0,
,,,  ,"На местее стой! Раз, два!",,infantry2-19-2,infantry2-19-2.wav,50.0,
20,infantry2-20,ACK_UNDER_ATTACK,Боевая единица подверглась нападению. ,Эти уроды атакуют! Ну ничего….ща я им…,,infantry2-20-1,infantry2-20-1.wav,50.0,
,,,  ,Они стреляют,,infantry2-20-2,infantry2-20-2.wav,50.0,
,,,  ,"Русские не сдаются! Идите сюда, падлы..",,infantry2-20-3,infantry2-20-3.wav,50.0,
21,infantry2-21,ACK_ENEMY_FOUND,Боевая единица обнаружила врага,Вон они! Может…в атаку?,,infantry2-21-1,infantry2-21-1.wav,50.0,
,,,  ,Ненавижу гадов…идууут…,,infantry2-21-2,infantry2-21-2.wav,50.0,
22,infantry2-22,ACK_ORDER_FINISHED,Боевая единица закончила выполнение приказа,"Докладывает пехота, ваш приказ выполнен!",,infantry2-22-1,infantry2-22-1.wav,50.0,
,,,  ,Жду следующих указаний,,infantry2-22-2,infantry2-22-2.wav,50.0,
23,infantry2-23,ACK_REINFORCEMENT_ARRIVED,Боевая единица докладывает о прибытии в составе подкрепления,"Прибыл на место, готов убивать! Ха ха ха!",,infantry2-23-1,infantry2-23-1.wav,50.0,
,,,  ,Где горячо - там мне и место!,,infantry2-23-2,infantry2-23-2.wav,50.0,
29,infantry2-29,ACK_MINE_FOUND,Боевая единица обнаружила мину.,Осторожно! Мины!,,infantry2-29-1,infantry2-29-1.wav,50.0,
,,,  ,Саперы! Ну где вас носит! Тут мины!,,infantry2-29-2,infantry2-29-2.wav,50.0,
32,infantry2-32,ACK_BEING_ATTACKED_BY_AVIATION,Боевая единица заметила вражеские самолеты,Летят!,,infantry2-32-1,infantry2-32-1.wav,50.0,
,,,  ,Вражеский самолет!,,infantry2-32-2,infantry2-32-2.wav,50.0,
1,infantry3-1,ACK_POSITIVE,Согласие. Боевая единица подчиняется некоторому приказу.,Вас понял харашо.,,infantry3-1-1,infantry3-1-1.wav,50.0,
,,,  ,"Вай, мамэнт.",,infantry3-1-2,infantry3-1-2.wav,50.0,
,,,  ,Начал выполнять.,,infantry3-1-3,infantry3-1-3.wav,50.0,
,,,  ,Палажитесь на мэня.,,infantry3-1-4,infantry3-1-4.wav,50.0,
,,,  ,Все понял.,,infantry3-1-5,infantry3-1-5.wav,50.0,
,,,  ,Приказ принял.,,infantry3-1-6,infantry3-1-6.wav,50.0,
,,,  ,Как арбуз разрэзать!,,infantry3-1-7,infantry3-1-7.wav,50.0,
2,infantry3-2,ACK_NEGATIVE,Несогласие. Боевая единица не может выполнить некоторый приказ.,"Вай, ну слишком приказ сложный.",,infantry3-2-1,infantry3-2-1.wav,50.0,
,,,  ,"Нэт, такого нэ смогу.",,infantry3-2-2,infantry3-2-2.wav,50.0,
,,,  ,"Командир, вы уверены?",,infantry3-2-3,infantry3-2-3.wav,50.0,
,,,  ,"Ну генацвале, что ты просишь?",,infantry3-2-4,infantry3-2-4.wav,50.0,
3,infantry3-3,ACK_SELECTED,Реакция боевой единицы на выбор ее игроком.,"Да, генацвале.",,infantry3-3-1,infantry3-3-1.wav,50.0,
,,,  ,"Вай, я!",,infantry3-3-2,infantry3-3-2.wav,50.0,
,,,  ,Снайпер!,,infantry3-3-3,infantry3-3-3.wav,50.0,
,,,  ,Элитные войска!,,infantry3-3-4,infantry3-3-4.wav,50.0,
,,,  ,"Есть, готов!",,infantry3-3-5,infantry3-3-5.wav,50.0,
,,,  ,Атлична!,,infantry3-3-6,infantry3-3-6.wav,50.0,
,,,  ,Прыказы?,,infantry3-3-7,infantry3-3-7.wav,50.0,
,,,  ,Выполняю приказы Родины!,,infantry3-3-8,infantry3-3-8.wav,50.0,
,,,  ,Тише! Слушаю.,,infantry3-3-9,infantry3-3-9.wav,50.0,
4,infantry3-4,ACK_INVALID_TARGET,"Боевая единица не может навестись на некоторую цель, по причинам не указазанным в остальных фразах. ",Э-э-э... Нэ могу.,,infantry3-4-1,infantry3-4-1.wav,50.0,
,,,  ,Странно...,,infantry3-4-2,infantry3-4-2.wav,50.0,
5,infantry3-5,ACK_DONT_SEE_THE_ENEMY,Боевая единица не видит цель и отказывается стрелять по ней.,В прицеле никого.,,infantry3-5-1,infantry3-5-1.wav,50.0,
,,,  ,Нет линыи агня.,,infantry3-5-2,infantry3-5-2.wav,50.0,
6,infantry3-6,ACK_ENEMY_ISNT_IN_ATTACK_ANGLE,Цель вне горизонталного сектора обстрела. Боевая цель не может повернуться в нужном направлении.,"Нэ вижу цель, препятствия.",,infantry3-6-1,infantry3-6-1.wav,50.0,
,,,  ,Нужно менять расположение.,,infantry3-6-2,infantry3-6-2.wav,50.0,
7,infantry3-7,ACK_NOT_IN_FIRE_RANGE,Цель слишком далеко или слишком близко. Боевая единица отказывается атаковать. ,Падпущу паближе.,,infantry3-7-1,infantry3-7-1.wav,50.0,
,,,  ,Далековато.,,infantry3-7-2,infantry3-7-2.wav,50.0,
8,infantry3-8,ACK_NO_AMMO,Отказ атаковать - закончились боеприпасы. ,Нэт патронов.,,infantry3-8-1,infantry3-8-1.wav,50.0,
,,,  ,Нэчем стрелять.,,infantry3-8-2,infantry3-8-2.wav,50.0,
,,,  ,Да я савсем бэз патронов.,,infantry3-8-3,infantry3-8-3.wav,50.0,
,,,  ,"Эх, нэчем.",,infantry3-8-4,infantry3-8-4.wav,50.0,
,,,  ,"Патроны кончились, могу я отходить?",,infantry3-8-5,infantry3-8-5.wav,50.0,
,,,  ,"Мой отец был стрелком, но ему тоже нужны были патроны.",,infantry3-8-6,infantry3-8-6.wav,50.0,
9,infantry3-9,ACK_CANNOT_PIERCE,Боевая единица не может в принципе пробить защиту цели и отказывается стрелять так как это бесполезно. ,"Боюсь, не пробью.",,infantry3-9-1,infantry3-9-1.wav,50.0,
,,,  ,Там нэт ни единой щелочки.,,infantry3-9-2,infantry3-9-2.wav,50.0,
,,,  ,Слишком крепкая броня.,,infantry3-9-3,infantry3-9-3.wav,50.0,
10,infantry3-10,ACK_BORED_ATTACK,Периодичекие фразы во ходе атаки. ,"Веду, веду цель.",,infantry3-10-1,infantry3-10-1.wav,50.0,
,,,  ,Еще пара выстрелов... и все.,,infantry3-10-2,infantry3-10-2.wav,50.0,
,,,  ,Выцеливаю.,,infantry3-10-3,infantry3-10-3.wav,50.0,
,,,  ,"Э-э-э, рука дрогнула.",,infantry3-10-4,infantry3-10-4.wav,50.0,
12,infantry3-12,ACK_BORED_LOW_AMMO,У боевой единицы боеприпасы подходят к концу. ,Я расстрелял пачти все.,,infantry3-12-1,infantry3-12-1.wav,50.0,
,,,  ,Что-то я не рассчитал с патронами...,,infantry3-12-2,infantry3-12-2.wav,50.0,
,,,  ,Пуль скоро нэ будет.,,infantry3-12-3,infantry3-12-3.wav,50.0,
13,infantry3-13,ACK_BORED_IDLE,Боевая единица ничем не занята и скучает. Нет действия в течение долгого времени. ,Я могу ждать долго...,,infantry3-13-1,infantry3-13-1.wav,50.0,
,,,  ,"Тэрпение, тэрпение...",,infantry3-13-2,infantry3-13-2.wav,50.0,
,,,  ,У мэня дома такой виноградник!,,infantry3-13-3,infantry3-13-3.wav,50.0,
,,,  ,Что-то нэту никого...,,infantry3-13-4,infantry3-13-4.wav,50.0,
14,infantry3-14,ACK_BORED_LOW_HIT_POINTS,Убоевой единицы осталось мало здоровья или прочности. ,"Вай, долго не продержусь...",,infantry3-14-1,infantry3-14-1.wav,50.0,
,,,  ,Меня выцеливают...,,infantry3-14-2,infantry3-14-2.wav,50.0,
,,,  ,Прошу разрешэния уходить...,,infantry3-14-3,infantry3-14-3.wav,50.0,
15,infantry3-15,ACK_SELECTION_TO_MUCH,Боевая единица была многократно выбрана подряд. ,"Адна маленькая, но гордая птичка тоже очень много чирикала!",,infantry3-15-1,infantry3-15-1.wav,50.0,
,,,  ,"Странно, аткуда тут такой ветер?",,infantry3-15-2,infantry3-15-2.wav,50.0,
,,,  ,"Вай, генацвали, что за джигитовку ты устроил?",,infantry3-15-3,infantry3-15-3.wav,50.0,
16,infantry3-16,ACK_KILLED_ENEMY,Боевая единица уничожила врага. ,Адним меньше!,,infantry3-16-1,infantry3-16-1.wav,50.0,
,,,  ,В яблочко.,,infantry3-16-2,infantry3-16-2.wav,50.0,
,,,  ,Как на охоте.,,infantry3-16-3,infantry3-16-3.wav,50.0,
,,,  ,Зарубка на приклад.,,infantry3-16-4,infantry3-16-4.wav,50.0,
,,,  ,Хе-хе.,,infantry3-16-5,infantry3-16-5.wav,50.0,
17,infantry3-17,ACK_BUILDING_FINISHED,Боевая единица закончила окапывание или закончила строительные работы,Укрепились!,,infantry3-17-1,infantry3-17-1.wav,50.0,
,,,  ,Я залег!,,infantry3-17-2,infantry3-17-2.wav,50.0,
18,infantry3-18,DIED,Боевая единица погибла. Последние слова. ,Ах...,,infantry3-18-1,infantry3-18-1.wav,50.0,
,,,  ,Ухожу к прэдкам.,,infantry3-18-2,infantry3-18-2.wav,50.0,
,,,  ,Нэ вэрю!,,infantry3-18-3,infantry3-18-3.wav,50.0,
,,,  ,Боль-та какая...,,infantry3-18-4,infantry3-18-4.wav,50.0,
,,,  ,Хэ...,,infantry3-18-5,infantry3-18-5.wav,50.0,
,,,,(крик),,infantry3-18-6,infantry3-18-6.wav,50.0,
,,,,(крик),,infantry3-18-7,infantry3-18-7.wav,50.0,
,,,,(крик),,infantry3-18-8,infantry3-18-8.wav,50.0,
,,,,(крик),,infantry3-18-9,infantry3-18-9.wav,50.0,
,,,,(крик),,infantry3-18-10,infantry3-18-10.wav,50.0,
19,infantry3-19,ACK_MOVE_END,Боевая единица закончила длительное перемещение вне поля зрения игрока. ,Вышел на огневую позицыю!,,infantry3-19-1,infantry3-19-1.wav,50.0,
,,,  ,Марш-бросок закончэн!,,infantry3-19-2,infantry3-19-2.wav,50.0,
20,infantry3-20,ACK_UNDER_ATTACK,Боевая единица подверглась нападению. ,Моя позыция обнаружена!,,infantry3-20-1,infantry3-20-1.wav,50.0,
,,,  ,Дети гор не сдаются!,,infantry3-20-2,infantry3-20-2.wav,50.0,
,,,  ,За таварыща Сталина!,,infantry3-20-3,infantry3-20-3.wav,50.0,
21,infantry3-21,ACK_ENEMY_FOUND,Боевая единица обнаружила врага,"Выжу цель, начинаю ведение.",,infantry3-21-1,infantry3-21-1.wav,50.0,
,,,  ,Протывник в прицеле.,,infantry3-21-2,infantry3-21-2.wav,50.0,
22,infantry3-22,ACK_ORDER_FINISHED,Боевая единица закончила выполнение приказа,Ваш приказ выполнен.,,infantry3-22-1,infantry3-22-1.wav,50.0,
,,,  ,"Как и было приказано, тавирищи.",,infantry3-22-2,infantry3-22-2.wav,50.0,
23,infantry3-23,ACK_REINFORCEMENT_ARRIVED,Боевая единица докладывает о прибытии в составе подкрепления,В вашем распоряжении.,,infantry3-23-1,infantry3-23-1.wav,50.0,
,,,  ,Элитные войска прибыли.,,infantry3-23-2,infantry3-23-2.wav,50.0,
29,infantry3-29,ACK_MINE_FOUND,Боевая единица обнаружила мину.,Абнаружил минирование.,,infantry3-29-1,infantry3-29-1.wav,50.0,
,,,  ,Трэбуются саперы.,,infantry3-29-2,infantry3-29-2.wav,50.0,
32,infantry3-32,ACK_BEING_ATTACKED_BY_AVIATION,Боевая единица заметила вражеские самолеты,Вижу черных птычек.,,infantry3-32-1,infantry3-32-1.wav,50.0,
,,,  ,Враги в нэбе.,,infantry3-32-2,infantry3-32-2.wav,50.0,
1,tank1-1,ACK_POSITIVE,Согласие. Боевая единица подчиняется некоторому приказу.,"Есть, танки на связи!",,tank1-1-1,tank1-1-1.wav,50.0,
,,,  ,"Выполняю, мигом!",,tank1-1-2,tank1-1-2.wav,50.0,
,,,  ,Запросто!,,tank1-1-3,tank1-1-3.wav,50.0,
,,,  ,Эт мы мигом!,,tank1-1-4,tank1-1-4.wav,50.0,
,,,  ,Мы покажем на что способны!,,tank1-1-5,tank1-1-5.wav,50.0,
,,,  ,"Так точно, понял!",,tank1-1-6,tank1-1-6.wav,50.0,
,,,  ,По машинам!,,tank1-1-7,tank1-1-7.wav,50.0,
2,tank1-2,ACK_NEGATIVE,Несогласие. Боевая единица не может выполнить некоторый приказ.,Да ну брось!,,tank1-2-1,tank1-2-1.wav,50.0,
,,,  ,Не-а... никак нет!,,tank1-2-2,tank1-2-2.wav,50.0,
,,,  ,Мы с моей малышкой не сможем это выполнить.,,tank1-2-3,tank1-2-3.wav,50.0,
,,,  ,"Нет, ну это никак не выполнить.",немного недоумевает.,tank1-2-4,tank1-2-4.wav,50.0,
3,tank1-3,ACK_SELECTED,Реакция боевой единицы на выбор ее игроком.,Жду приказов!,,tank1-3-1,tank1-3-1.wav,50.0,
,,,  ,Наша броня к вашим услугам!,,tank1-3-2,tank1-3-2.wav,50.0,
,,,  ,К бою готовы!,,tank1-3-3,tank1-3-3.wav,50.0,
,,,  ,Туточки мы!,,tank1-3-4,tank1-3-4.wav,50.0,
,,,  ,Это не просто кусок железа! Это машина смерти!,гордо,tank1-3-5,tank1-3-5.wav,50.0,
,,,  ,Слышите как мотор рычит? То-то!,очень давольный тон.,tank1-3-6,tank1-3-6.wav,50.0,
,,,  ,Нужна скорость и мощь? Так это мы!,,tank1-3-7,tank1-3-7.wav,50.0,
,,,  ,Везде прошмыгнем все разнесем!,,tank1-3-8,tank1-3-8.wav,50.0,
,,,  ,Экипаж готов!,,tank1-3-9,tank1-3-9.wav,50.0,
4,tank1-4,ACK_INVALID_TARGET,"Боевая единица не может навестись на некоторую цель, по причинам не указазанным в остальных фразах. ",Эта цель явно не для меня.,,tank1-4-1,tank1-4-1.wav,50.0,
,,,  ,Ну что за цели попадаются… не могу навестись.,,tank1-4-2,tank1-4-2.wav,50.0,
5,tank1-5,ACK_DONT_SEE_THE_ENEMY,Боевая единица не видит цель и отказывается стрелять по ней.,Я не вижу цель! Дайте точные координаты!,,tank1-5-1,tank1-5-1.wav,50.0,
,,,  ,"Черт, плохая видимость! ",,tank1-5-2,tank1-5-2.wav,50.0,
6,tank1-6,ACK_NOT_IN_ATTACK_ANGLE,Цель вне горизонталного сектора обстрела. Боевая цель не может повернуться в нужном направлении.,Эй…Туда не повернуться!,,tank1-6-1,tank1-6-1.wav,50.0,
,,,  ,Туда поворачиваться - башня отвалится..!  Не могу.,,tank1-6-2,tank1-6-2.wav,50.0,
7,tank1-7,ACK_NOT_IN_FIRE_RANGE,Цель слишком далеко или слишком близко. Боевая единица отказывается атаковать. ,Не попаду ж!,,tank1-7-1,tank1-7-1.wav,50.0,
,,,  ,Вне зоны обстрела!,,tank1-7-2,tank1-7-2.wav,50.0,
8,tank1-8,ACK_NO_AMMO,Отказ атаковать - закончились боеприпасы. ,Боекомплект исчерпан!,,tank1-8-1,tank1-8-1.wav,50.0,
,,,,Нам стрелять нечем!,,tank1-8-2,tank1-8-2.wav,50.0,
,,,,Не могу стрелять. Нужно пополнить боекомплект.,,tank1-8-3,tank1-8-3.wav,5.0,
,,,,Стрелять нечем! Мне танк разнесут!,,tank1-8-4,tank1-8-4.wav,50.0,
,,,  ,Снаряды исчерпаны.,,tank1-8-5,tank1-8-5.wav,50.0,
,,,  ,Мы уже потратили последний снаряд! Всё…,,tank1-8-6,tank1-8-6.wav,50.0,
9,tank1-9,ACK_CANNOT_PIERCE,Боевая единица не может в принципе пробить защиту цели и отказывается стрелять так как это бесполезно. ,Легкий танк здесь бессилен!,,tank1-9-1,tank1-9-1.wav,50.0,
,,,  ,Какой же здесь нужен калибр!?,,tank1-9-2,tank1-9-2.wav,50.0,
,,,  ,Никаких повреждений! Мы только зря тратим снаряды!,,tank1-9-3,tank1-9-3.wav,50.0,
10,tank1-10,ACK_BORED_ATTACK,Периодичекие фразы во ходе атаки. ,Прямой наводкой!!!!,,tank1-10-1,tank1-10-1.wav,50.0,
,,,  ,Пли!,,tank1-10-2,tank1-10-2.wav,50.0,
,,,  ,Перезаряжа-а-а-а! Пли!,,tank1-10-3,tank1-10-3.wav,50.0,
,,,  ,Отличный выстрел!,,tank1-10-4,tank1-10-4.wav,50.0,
11,tank1-11,ACK_CANNOT_MOVE_TRACK_DAMAGED,"Колесо или гусеница повреждены, боевая единица отказывается двигаться или атаковать. ",Повреждена гусеница! Пока не починим - никуда не двинемся!,,tank1-11-1,tank1-11-1.wav,50.0,
,,,  ,Повреждение ходовой части…Двигаться не можем…,обреченно,tank1-11-2,tank1-11-2.wav,50.0,
,,,  ,Нужен ремонт. Мы встали!,,tank1-11-3,tank1-11-3.wav,50.0,
12,tank1-12,ACK_BORED_LOW_AMMO,У боевой единицы боеприпасы подходят к концу. ,Осталось на несколько залпов! ,,tank1-12-1,tank1-12-1.wav,50.0,
,,,  ,У нас мало боеприпасов! ,,tank1-12-2,tank1-12-2.wav,50.0,
,,,  ,Нужна перезарядка!,,tank1-12-3,tank1-12-3.wav,50.0,
13,tank1-13,ACK_BORED_IDLE,Боевая единица ничем не занята и скучает. Нет действия в течение долгого времени. ,Моя машина - это как родной человечек…мы понимаем с ней друг друга.,,tank1-13-1,tank1-13-1.wav,50.0,
,,,  ,Механик! Проверить двигатель!,,tank1-13-2,tank1-13-2.wav,50.0,
,,,  ,Что -то солярой попахивает… надо бак проверить.,Задумчиво и встревоженно.,tank1-13-3,tank1-13-3.wav,50.0,
,,,  ,Да…да…прямой наводкой…прямо в лоб…и цела! Мооощь.,,tank1-13-4,tank1-13-4.wav,50.0,
14,tank1-14,ACK_BORED_LOW_HIT_POINTS,Убоевой единицы осталось мало здоровья или прочности. ,У нас возгорание!,,tank1-14-1,tank1-14-1.wav,50.0,
,,,  ,Скоро взорвемся!,,tank1-14-2,tank1-14-2.wav,50.0,
,,,  ,Повреждения очень…(помехи) сильные.,,tank1-14-3,tank1-14-3.wav,50.0,
15,tank1-15,ACK_SELECTION_TO_MUCH,Боевая единица была многократно выбрана подряд. ,Я запоминаю все приказы!,,tank1-15-1,tank1-15-1.wav,50.0,
,,,  ,Броня крепка…ту-ту туру тутуу,напевает.,tank1-15-2,tank1-15-2.wav,50.0,
,,,  ,Эй! Кто испачкал мой танк?,,tank1-15-3,tank1-15-3.wav,50.0,
16,tank1-16,ACK_KILLED_ENEMY,Боевая единица уничожила врага. ,Да-а-а!,,tank1-16-1,tank1-16-1.wav,50.0,
,,,  ,Прямой наводкой!,,tank1-16-2,tank1-16-2.wav,50.0,
,,,  ,"Вот тебе, скотина!",,tank1-16-3,tank1-16-3.wav,50.0,
,,,  ,Ну кто ж устоит против русских танков! Ха!,,tank1-16-4,tank1-16-4.wav,50.0,
,,,  ,Ха-ха-ха ! Да запросто!!!,,tank1-16-5,tank1-16-5.wav,50.0,
17,tank1-17,ACK_BUILDING_FINISHED,Боевая единица закончила окапывание или закончила строительные работы,Во-о-от.. Так то лучше…Так-то безопаснее.,,tank1-17-1,tank1-17-1.wav,50.0,
,,,  ,Окопались! Готово!,,tank1-17-2,tank1-17-2.wav,50.0,
18,tank1-18,DIED,Боевая единица погибла. Последние слова. ,Нас подби…,умираетт,tank1-18-1,tank1-18-1.wav,50.0,
,,,  ,Оу-у-у-у-у-у…,крик сходит на нет.умирает,tank1-18-2,tank1-18-2.wav,50.0,
,,,  ,Я горю-ю-ю-ю,,tank1-18-3,tank1-18-3.wav,50.0,
,,,  ,Они подбили мою крошку….,хрипит перед смертью,tank1-18-4,tank1-18-4.wav,50.0,
,,,  ,А-а-а-а-а!!!,,tank1-18-5,tank1-18-5.wav,50.0,
,,,,(крик),,tank1-18-6,tank1-18-6.wav,50.0,
,,,,(крик),,tank1-18-7,tank1-18-7.wav,50.0,
,,,,(крик),,tank1-18-8,tank1-18-8.wav,50.0,
,,,,(крик),,tank1-18-9,tank1-18-9.wav,50.0,
,,,,(крик),,tank1-18-10,tank1-18-10.wav,50.0,
19,tank1-19,ACK_MOVE_END,Боевая единица закончила длительное перемещение вне поля зрения игрока. ,Переход завершен!,,tank1-19-1,tank1-19-1.wav,50.0,
,,,  ,Танк прибыл!,,tank1-19-2,tank1-19-2.wav,50.0,
20,tank1-20,ACK_UNDER_ATTACK,Боевая единица подверглась нападению. ,Они по нам стреляют! Гады!,,tank1-20-1,tank1-20-1.wav,50.0,
,,,  ,Противник атакует нас!,,tank1-20-2,tank1-20-2.wav,50.0,
,,,  ,Мы под огнем!,,tank1-20-3,tank1-20-3.wav,50.0,
21,tank1-21,ACK_ENEMY_FOUND,Боевая единица обнаружила врага,Вижу врагов.,,tank1-21-1,tank1-21-1.wav,50.0,
,,,  ,Прямо по курсу противник!,,tank1-21-2,tank1-21-2.wav,50.0,
22,tank1-22,ACK_ORDER_FINISHED,Боевая единица закончила выполнение приказа,Эх! Танки наши быстры! Готово!,,tank1-22-1,tank1-22-1.wav,50.0,
,,,  ,Приказ выполнен точно!,довольно,tank1-22-2,tank1-22-2.wav,50.0,
23,tank1-23,ACK_REINFORCEMENT_ARRIVED,Боевая единица докладывает о прибытии в составе подкрепления,"Уф… переход был долгим, но мы прибыли!",,tank1-23-1,tank1-23-1.wav,50.0,
,,,  ,Экипаж танка докладывает!,,tank1-23-2,tank1-23-2.wav,50.0,
32,tank1-32,ACK_BEING_ATTACKED_BY_AVIATION,Боевая единица заметила вражеские самолеты,Враги летят!,,tank1-32-1,tank1-32-1.wav,50.0,
,,,  ,Они заходят с воздуха!,,tank1-32-2,tank1-32-2.wav,50.0,
1,tank2-1,ACK_POSITIVE,Согласие. Боевая единица подчиняется некоторому приказу.,"Танки, приказ понятен!",,tank2-1-1,tank2-1-1.wav,50.0,
,,,  ,Докладываю: приказ выполняем!,,tank2-1-2,tank2-1-2.wav,50.0,
,,,  ,Шлемы надеть!,,tank2-1-3,tank2-1-3.wav,50.0,
,,,  ,Исполняю приказ!,,tank2-1-4,tank2-1-4.wav,50.0,
,,,  ,"Механик, выполняем приказ!",,tank2-1-5,tank2-1-5.wav,50.0,
,,,  ,Закрыть люки!,,tank2-1-6,tank2-1-6.wav,50.0,
,,,  ,Все по местам!,,tank2-1-7,tank2-1-7.wav,50.0,
2,tank2-2,ACK_NEGATIVE,Несогласие. Боевая единица не может выполнить некоторый приказ.,Докладываю: неисполнимо!,,tank2-2-1,tank2-2-1.wav,50.0,
,,,  ,Нет возможности.,,tank2-2-2,tank2-2-2.wav,50.0,
,,,  ,Докладываю: не могу выполнить.,,tank2-2-3,tank2-2-3.wav,50.0,
,,,  ,Уточните приказ.,,tank2-2-4,tank2-2-4.wav,50.0,
3,tank2-3,ACK_SELECTED,Реакция боевой единицы на выбор ее игроком.,Докладываю о готовности.,,tank2-3-1,tank2-3-1.wav,50.0,
,,,  ,"Экипаж танка, внимание!",,tank2-3-2,tank2-3-2.wav,50.0,
,,,  ,Прием!,,tank2-3-3,tank2-3-3.wav,50.0,
,,,  ,Какие указания?,,tank2-3-4,tank2-3-4.wav,50.0,
,,,  ,Танковое подразделение!,,tank2-3-5,tank2-3-5.wav,50.0,
,,,  ,Танки на связи!,,tank2-3-6,tank2-3-6.wav,50.0,
,,,  ,"Есть, это танк!",,tank2-3-7,tank2-3-7.wav,50.0,
,,,  ,Проверка связи!,,tank2-3-8,tank2-3-8.wav,50.0,
,,,  ,"Что? Да, танки!",,tank2-3-9,tank2-3-9.wav,50.0,
4,tank2-4,ACK_INVALID_TARGET,"Боевая единица не может навестись на некоторую цель, по причинам не указазанным в остальных фразах. ",Цель недоступна для обстрела.,,tank2-4-1,tank2-4-1.wav,50.0,
,,,  ,Повторите координаты цели.,,tank2-4-2,tank2-4-2.wav,50.0,
5,tank2-5,ACK_DONT_SEE_THE_ENEMY,Боевая единица не видит цель и отказывается стрелять по ней.,Цель не просматривается!,,tank2-5-1,tank2-5-1.wav,50.0,
,,,  ,Отсюда не видно!,,tank2-5-2,tank2-5-2.wav,50.0,
6,tank2-6,ACK_NOT_IN_ATTACK_ANGLE,Цель вне горизонталного сектора обстрела. Боевая цель не может повернуться в нужном направлении.,Требуется развернуться!,,tank2-6-1,tank2-6-1.wav,50.0,
,,,  ,Докладываю: вне поля зрения!,,tank2-6-2,tank2-6-2.wav,50.0,
7,tank2-7,ACK_NOT_IN_FIRE_RANGE,Цель слишком далеко или слишком близко. Боевая единица отказывается атаковать. ,Цель слишком далеко!,,tank2-7-1,tank2-7-1.wav,50.0,
,,,  ,Мы же не артиллерия.,,tank2-7-2,tank2-7-2.wav,50.0,
8,tank2-8,ACK_NO_AMMO,Отказ атаковать - закончились боеприпасы. ,Докладываю: у нас нет боеприпасов!,,tank2-8-1,tank2-8-1.wav,50.0,
,,,,Мы расстреляли все снаряды!,,tank2-8-2,tank2-8-2.wav,50.0,
,,,,Невозможно вести стрельбу!,,tank2-8-3,tank2-8-3.wav,50.0,
,,,,Прошу боеприпасы!,,tank2-8-4,tank2-8-4.wav,50.0,
,,,  ,"Дьявол, мы без снарядов!",,tank2-8-5,tank2-8-5.wav,50.0,
,,,  ,"Командир, нужны снаряды!",,tank2-8-6,tank2-8-6.wav,50.0,
9,tank2-9,ACK_CANNOT_PIERCE,Боевая единица не может в принципе пробить защиту цели и отказывается стрелять так как это бесполезно. ,Докладываю: броню не пробить!,,tank2-9-1,tank2-9-1.wav,50.0,
,,,  ,Слишком крепкий орешек!,,tank2-9-2,tank2-9-2.wav,50.0,
,,,  ,Вызывайте тяжелые танки!,,tank2-9-3,tank2-9-3.wav,50.0,
10,tank2-10,ACK_BORED_ATTACK,Периодичекие фразы во ходе атаки. ,Впере-е-ед!,,tank2-10-1,tank2-10-1.wav,50.0,
,,,  ,В атаку!,,tank2-10-2,tank2-10-2.wav,50.0,
,,,  ,Меси их!,,tank2-10-3,tank2-10-3.wav,50.0,
,,,  ,"Дави, дави нечисть!",,tank2-10-4,tank2-10-4.wav,50.0,
11,tank2-11,ACK_CANNOT_MOVE_TRACK_DAMAGED,"Колесо или гусеница повреждены, боевая единица отказывается двигаться или атаковать. ",Гусеница разбита.,,tank2-11-1,tank2-11-1.wav,50.0,
,,,  ,Докладываю: танк поврежден и требует ремонта.,,tank2-11-2,tank2-11-2.wav,50.0,
,,,  ,"Мы застряли, нужен ремонт.",,tank2-11-3,tank2-11-3.wav,50.0,
12,tank2-12,ACK_BORED_LOW_AMMO,У боевой единицы боеприпасы подходят к концу. ,Кончается боеприпас.,,tank2-12-1,tank2-12-1.wav,50.0,
,,,  ,Докладываю: снаряды на исходе!,,tank2-12-2,tank2-12-2.wav,50.0,
,,,  ,Ящики с боеприпасом показывают дно!,,tank2-12-3,tank2-12-3.wav,50.0,
13,tank2-13,ACK_BORED_IDLE,Боевая единица ничем не занята и скучает. Нет действия в течение долгого времени. ,Танки - оружие будущего.,,tank2-13-1,tank2-13-1.wav,50.0,
,,,  ,Не нравится мне это затишье.,,tank2-13-2,tank2-13-2.wav,50.0,
,,,  ,"Эй, механик, расскажи что-нибудь.",,tank2-13-3,tank2-13-3.wav,50.0,
,,,  ,"Механик, вылезай, перекурим.",,tank2-13-4,tank2-13-4.wav,50.0,
14,tank2-14,ACK_BORED_LOW_HIT_POINTS,Убоевой единицы осталось мало здоровья или прочности. ,Машина начинает трещать по швам!,,tank2-14-1,tank2-14-1.wav,50.0,
,,,  ,Броню могут пробить.,,tank2-14-2,tank2-14-2.wav,50.0,
,,,  ,Докладываю: танк может не выдержать!,,tank2-14-3,tank2-14-3.wav,50.0,
15,tank2-15,ACK_SELECTION_TO_MUCH,Боевая единица была многократно выбрана подряд. ,Что с моим шлемофоном?,,tank2-15-1,tank2-15-1.wav,50.0,
,,,  ,"Прием, прием, что вы там рычите?",,tank2-15-2,tank2-15-2.wav,50.0,
,,,  ,"А, это дождь по люку барабанит.",,tank2-15-3,tank2-15-3.wav,50.0,
16,tank2-16,ACK_KILLED_ENEMY,Боевая единица уничожила врага. ,Хо-хо! Получай!,,tank2-16-1,tank2-16-1.wav,50.0,
,,,  ,Вот так-то!,,tank2-16-2,tank2-16-2.wav,50.0,
,,,  ,В клочья!,,tank2-16-3,tank2-16-3.wav,50.0,
,,,  ,Дальше!,,tank2-16-4,tank2-16-4.wav,50.0,
,,,  ,Великолепно!,,tank2-16-5,tank2-16-5.wav,50.0,
17,tank2-17,ACK_BUILDING_FINISHED,Боевая единица закончила окапывание или закончила строительные работы,Приказ окопаться выполнен!,,tank2-17-1,tank2-17-1.wav,50.0,
,,,  ,Мы укрепились!,,tank2-17-2,tank2-17-2.wav,50.0,
18,tank2-18,DIED,Боевая единица погибла. Последние слова. ,Возгорание!,,tank2-18-1,tank2-18-1.wav,50.0,
,,,  ,Сейчас рванет!,,tank2-18-2,tank2-18-2.wav,50.0,
,,,  ,Выбираемся!,,tank2-18-3,tank2-18-3.wav,50.0,
,,,  ,Не-е-ет!,,tank2-18-4,tank2-18-4.wav,50.0,
,,,  ,Броня не выдерживает!,,tank2-18-5,tank2-18-5.wav,50.0,
,,,,(крик),,tank2-18-6,tank2-18-6.wav,50.0,
,,,,(крик),,tank2-18-7,tank2-18-7.wav,50.0,
,,,,(крик),,tank2-18-8,tank2-18-8.wav,50.0,
,,,,(крик),,tank2-18-9,tank2-18-9.wav,50.0,
,,,,(крик),,tank2-18-10,tank2-18-10.wav,50.0,
19,tank2-19,ACK_MOVE_END,Боевая единица закончила длительное перемещение вне поля зрения игрока. ,Танки вышли на позицию!,,tank2-19-1,tank2-19-1.wav,50.0,
,,,  ,Докладываю: мы на месте!,,tank2-19-2,tank2-19-2.wav,50.0,
20,tank2-20,ACK_UNDER_ATTACK,Боевая единица подверглась нападению. ,"Вот черт, враги!",,tank2-20-1,tank2-20-1.wav,50.0,
,,,  ,Ты откуда взялся?!,,tank2-20-2,tank2-20-2.wav,50.0,
,,,  ,Нас пытаются атаковать!,,tank2-20-3,tank2-20-3.wav,50.0,
21,tank2-21,ACK_ENEMY_FOUND,Боевая единица обнаружила врага,Вижу вражеское подразделение.,,tank2-21-1,tank2-21-1.wav,50.0,
,,,  ,Вражеская мразь!,,tank2-21-2,tank2-21-2.wav,50.0,
22,tank2-22,ACK_ORDER_FINISHED,Боевая единица закончила выполнение приказа,Докладываю: приказ выполнен!,,tank2-22-1,tank2-22-1.wav,50.0,
,,,  ,Экипаж танка к дальнейшим приказам готов!,,tank2-22-2,tank2-22-2.wav,50.0,
23,tank2-23,ACK_REINFORCEMENT_ARRIVED,Боевая единица докладывает о прибытии в составе подкрепления,Средние танки прибыли!,,tank2-23-1,tank2-23-1.wav,50.0,
,,,  ,Помощь прибыла!,,tank2-23-2,tank2-23-2.wav,50.0,
32,tank2-32,ACK_BEING_ATTACKED_BY_AVIATION,Боевая единица заметила вражеские самолеты,"Осторожно, воздух!",,tank2-32-1,tank2-32-1.wav,50.0,
,,,  ,Сверху птички!,,tank2-32-2,tank2-32-2.wav,50.0,
1,tank3-1,ACK_POSITIVE,Согласие. Боевая единица подчиняется некоторому приказу.,Приказ выполнять начали.,,tank3-1-1,tank3-1-1.wav,50.0,
,,,  ,Да уже.,,tank3-1-2,tank3-1-2.wav,50.0,
,,,  ,"Точно, так точно!",,tank3-1-3,tank3-1-3.wav,50.0,
,,,  ,Сейчас выполним.,,tank3-1-4,tank3-1-4.wav,50.0,
,,,  ,Да уж как-нибудь.,,tank3-1-5,tank3-1-5.wav,50.0,
,,,  ,"Живей, новый приказ.",,tank3-1-6,tank3-1-6.wav,50.0,
,,,  ,Опять... Выполняем.,,tank3-1-7,tank3-1-7.wav,50.0,
2,tank3-2,ACK_NEGATIVE,Несогласие. Боевая единица не может выполнить некоторый приказ.,Да уж никак нет.,,tank3-2-1,tank3-2-1.wav,50.0,
,,,  ,"А может, еще взлететь?",,tank3-2-2,tank3-2-2.wav,50.0,
,,,  ,Не могу выполнить!,,tank3-2-3,tank3-2-3.wav,50.0,
,,,  ,Хренушки.,,tank3-2-4,tank3-2-4.wav,50.0,
3,tank3-3,ACK_SELECTED,Реакция боевой единицы на выбор ее игроком.,Танковые войска.,,tank3-3-1,tank3-3-1.wav,50.0,
,,,  ,Экипаж танка слушает.,,tank3-3-2,tank3-3-2.wav,50.0,
,,,  ,Тяжелый танк.,,tank3-3-3,tank3-3-3.wav,50.0,
,,,  ,Я на связи!,,tank3-3-4,tank3-3-4.wav,50.0,
,,,  ,Ну что?,,tank3-3-5,tank3-3-5.wav,50.0,
,,,  ,Тяжелые танки.,,tank3-3-6,tank3-3-6.wav,50.0,
,,,  ,Броневойска.,,tank3-3-7,tank3-3-7.wav,50.0,
,,,  ,Н-да.,,tank3-3-8,tank3-3-8.wav,50.0,
,,,  ,"Экипаж танка, прием.",,tank3-3-9,tank3-3-9.wav,50.0,
4,tank3-4,ACK_INVALID_TARGET,"Боевая единица не может навестись на некоторую цель, по причинам не указазанным в остальных фразах. ","Не выйдет, приказ не будет выполнен.",,tank3-4-1,tank3-4-1.wav,50.0,
,,,  ,Нет.,,tank3-4-2,tank3-4-2.wav,50.0,
5,tank3-5,ACK_DONT_SEE_THE_ENEMY,Боевая единица не видит цель и отказывается стрелять по ней.,Цель вне зоны видимости.,,tank3-5-1,tank3-5-1.wav,50.0,
,,,  ,Координаты цели не верны.,,tank3-5-2,tank3-5-2.wav,50.0,
6,tank3-6,ACK_NOT_IN_ATTACK_ANGLE,Цель вне горизонталного сектора обстрела. Боевая цель не может повернуться в нужном направлении.,Ваша цель вне зоны обстрела.,,tank3-6-1,tank3-6-1.wav,50.0,
,,,  ,Отправьте туда кого-нибудь.,,tank3-6-2,tank3-6-2.wav,50.0,
7,tank3-7,ACK_NOT_IN_FIRE_RANGE,Цель слишком далеко или слишком близко. Боевая единица отказывается атаковать. ,Мы вам не дальнобойные орудия.,,tank3-7-1,tank3-7-1.wav,50.0,
,,,  ,Даже и пробовать не будем.,,tank3-7-2,tank3-7-2.wav,50.0,
8,tank3-8,ACK_NO_AMMO,Отказ атаковать - закончились боеприпасы. ,Нам тут уже стрелять нечем.,,tank3-8-1,tank3-8-1.wav,50.0,
,,,,Ждать снаряды или отходить?,,tank3-8-2,tank3-8-2.wav,50.0,
,,,,Что? А чем?,,tank3-8-3,tank3-8-3.wav,50.0,
,,,,Ожидаем боеприпасы.,,tank3-8-4,tank3-8-4.wav,50.0,
,,,  ,Дайте снаряды.,,tank3-8-5,tank3-8-5.wav,50.0,
,,,  ,"Повторяю, дайте снаряды.",,tank3-8-6,tank3-8-6.wav,50.0,
9,tank3-9,ACK_CANNOT_PIERCE,Боевая единица не может в принципе пробить защиту цели и отказывается стрелять так как это бесполезно. ,"Это не для нас, вызывайте огонь артиллерии.",,tank3-9-1,tank3-9-1.wav,50.0,
,,,  ,А хоть пять раз вломи!,,tank3-9-2,tank3-9-2.wav,50.0,
,,,  ,Эту броню нам не проломить.,,tank3-9-3,tank3-9-3.wav,50.0,
10,tank3-10,ACK_BORED_ATTACK,Периодичекие фразы во ходе атаки. ,Наводи на цель.,,tank3-10-1,tank3-10-1.wav,50.0,
,,,  ,Подпусти поближе!,,tank3-10-2,tank3-10-2.wav,50.0,
,,,  ,Стрелять на ходу!,,tank3-10-3,tank3-10-3.wav,50.0,
,,,  ,"В лоб ему, в лоб!",,tank3-10-4,tank3-10-4.wav,50.0,
11,tank3-11,ACK_CANNOT_MOVE_TRACK_DAMAGED,"Колесо или гусеница повреждены, боевая единица отказывается двигаться или атаковать. ",Двигатель поврежден.,,tank3-11-1,tank3-11-1.wav,50.0,
,,,  ,Нас оставили без гусеницы.,,tank3-11-2,tank3-11-2.wav,50.0,
,,,  ,"Можем только стрелять, движение невозможно.",,tank3-11-3,tank3-11-3.wav,50.0,
12,tank3-12,ACK_BORED_LOW_AMMO,У боевой единицы боеприпасы подходят к концу. ,Заканчивается основной боеприпас.,,tank3-12-1,tank3-12-1.wav,50.0,
,,,  ,Снарядов что-то мало.,,tank3-12-2,tank3-12-2.wav,50.0,
,,,  ,Снабдите нас боезапасом!,,tank3-12-3,tank3-12-3.wav,50.0,
13,tank3-13,ACK_BORED_IDLE,Боевая единица ничем не занята и скучает. Нет действия в течение долгого времени. ,"Танковые войска, какие приказы?",,tank3-13-1,tank3-13-1.wav,50.0,
,,,  ,"Слава богу, поспать можно.",,tank3-13-2,tank3-13-2.wav,50.0,
,,,  ,Спирта ни у кого не осталось?,,tank3-13-3,tank3-13-3.wav,50.0,
,,,  ,"То гонят, то забывают.",,tank3-13-4,tank3-13-4.wav,50.0,
14,tank3-14,ACK_BORED_LOW_HIT_POINTS,Убоевой единицы осталось мало здоровья или прочности. ,Ресурсы машины истощаются.,,tank3-14-1,tank3-14-1.wav,50.0,
,,,  ,По нам ведется слишком плотный огонь.,,tank3-14-2,tank3-14-2.wav,50.0,
,,,  ,Прошу поддержки.,,tank3-14-3,tank3-14-3.wav,50.0,
15,tank3-15,ACK_SELECTION_TO_MUCH,Боевая единица была многократно выбрана подряд. ,Опять рация на ладан дышит.,,tank3-15-1,tank3-15-1.wav,50.0,
,,,  ,"Я вам что, моряк, азбуку Морзе понимать?",,tank3-15-2,tank3-15-2.wav,50.0,
,,,  ,Башка трещит... аж пульсирует.,,tank3-15-3,tank3-15-3.wav,50.0,
16,tank3-16,ACK_KILLED_ENEMY,Боевая единица уничожила врага. ,Цель взорвана.,,tank3-16-1,tank3-16-1.wav,50.0,
,,,  ,Еще с одним покончено.,,tank3-16-2,tank3-16-2.wav,50.0,
,,,  ,Вражеская единица уничтожена.,,tank3-16-3,tank3-16-3.wav,50.0,
,,,  ,Их техника - дрянь.,,tank3-16-4,tank3-16-4.wav,50.0,
,,,  ,Куда тебе до нас...,,tank3-16-5,tank3-16-5.wav,50.0,
17,tank3-17,ACK_BUILDING_FINISHED,Боевая единица закончила окапывание или закончила строительные работы,Танковые позиции укреплены.,,tank3-17-1,tank3-17-1.wav,50.0,
,,,  ,Стационарная позиция занята.,,tank3-17-2,tank3-17-2.wav,50.0,
18,tank3-18,DIED,Боевая единица погибла. Последние слова. ,М-мать...,,tank3-18-1,tank3-18-1.wav,50.0,
,,,  ,Высунулись...,,tank3-18-2,tank3-18-2.wav,50.0,
,,,  ,Из люков!,,tank3-18-3,tank3-18-3.wav,50.0,
,,,  ,Всем наружу!,,tank3-18-4,tank3-18-4.wav,50.0,
,,,  ,(клокотание крови в горле) Докат...,,tank3-18-5,tank3-18-5.wav,50.0,
,,,,(крик),,tank3-18-6,tank3-18-6.wav,50.0,
,,,,(крик),,tank3-18-7,tank3-18-7.wav,50.0,
,,,,(крик),,tank3-18-8,tank3-18-8.wav,50.0,
,,,,(крик),,tank3-18-9,tank3-18-9.wav,50.0,
,,,,(крик),,tank3-18-10,tank3-18-10.wav,50.0,
19,tank3-19,ACK_MOVE_END,Боевая единица закончила длительное перемещение вне поля зрения игрока. ,"Подтверждаю, позиция занята.",,tank3-19-1,tank3-19-1.wav,50.0,
,,,  ,Дислоцировались.,,tank3-19-2,tank3-19-2.wav,50.0,
20,tank3-20,ACK_UNDER_ATTACK,Боевая единица подверглась нападению. ,"Танковые войска, мы атакованы.",,tank3-20-1,tank3-20-1.wav,50.0,
,,,  ,Начинаю перестрелку с нападающим.,,tank3-20-2,tank3-20-2.wav,50.0,
,,,  ,У нас тут желающие сдохнуть.,,tank3-20-3,tank3-20-3.wav,50.0,
21,tank3-21,ACK_ENEMY_FOUND,Боевая единица обнаружила врага,"Вижу врага, готовлюсь к стрельбе.",,tank3-21-1,tank3-21-1.wav,50.0,
,,,  ,Противник на горизонте.,,tank3-21-2,tank3-21-2.wav,50.0,
22,tank3-22,ACK_ORDER_FINISHED,Боевая единица закончила выполнение приказа,Задача завершена.,,tank3-22-1,tank3-22-1.wav,50.0,
,,,  ,Уже на месте.,,tank3-22-2,tank3-22-2.wav,50.0,
23,tank3-23,ACK_REINFORCEMENT_ARRIVED,Боевая единица докладывает о прибытии в составе подкрепления,Танковые войска прибыли.,,tank3-23-1,tank3-23-1.wav,50.0,
,,,  ,Тяжелые танки в составле подкрепления.,,tank3-23-2,tank3-23-2.wav,50.0,
32,tank3-32,ACK_BEING_ATTACKED_BY_AVIATION,Боевая единица заметила вражеские самолеты,Атакованы с воздуха.,,tank3-32-1,tank3-32-1.wav,50.0,
,,,  ,Нас пытаются прикончить сверху.,,tank3-32-2,tank3-32-2.wav,50.0,
1,auto1-1,ACK_POSITIVE,Согласие. Боевая единица подчиняется некоторому приказу.,Мы постараемся.,,auto1-1-1,auto1-1-1.wav,50.0,
,,,  ,"Да, понял!",,auto1-1-2,auto1-1-2.wav,50.0,
,,,  ,"Достаточно четко, вас понял.",,auto1-1-3,auto1-1-3.wav,50.0,
,,,  ,Инженеры вас поняли.,,auto1-1-4,auto1-1-4.wav,50.0,
,,,  ,"Если ничего не случится, выполним.",,auto1-1-5,auto1-1-5.wav,50.0,
,,,  ,"Сейчас, инструменты соберу.",,auto1-1-6,auto1-1-6.wav,50.0,
,,,  ,"Есть, ваш приказ понят.",,auto1-1-7,auto1-1-7.wav,50.0,
2,auto1-2,ACK_NEGATIVE,Несогласие. Боевая единица не может выполнить некоторый приказ.,"Нет, выполнить не сможем!",,auto1-2-1,auto1-2-1.wav,50.0,
,,,  ,В данной ситуации невозможно.,,auto1-2-2,auto1-2-2.wav,50.0,
,,,  ,"Ну, как ни крути... невыполнимо.",,auto1-2-3,auto1-2-3.wav,50.0,
,,,  ,На нашей-то старенькой машине?,,auto1-2-4,auto1-2-4.wav,50.0,
3,auto1-3,ACK_SELECTED,Реакция боевой единицы на выбор ее игроком.,Инженерные войска.,,auto1-3-1,auto1-3-1.wav,50.0,
,,,  ,Инженеры.,,auto1-3-2,auto1-3-2.wav,50.0,
,,,  ,Инженерный грузовик.,,auto1-3-3,auto1-3-3.wav,50.0,
,,,  ,Технические службы.,,auto1-3-4,auto1-3-4.wav,50.0,
,,,  ,"Это инженеры, слушаем.",,auto1-3-5,auto1-3-5.wav,50.0,
,,,  ,Что чинить?,,auto1-3-6,auto1-3-6.wav,50.0,
,,,  ,Опять кого-нибудь латать придется.,,auto1-3-7,auto1-3-7.wav,50.0,
,,,  ,Провода в кузове.,,auto1-3-8,auto1-3-8.wav,50.0,
,,,  ,Да?,,auto1-3-9,auto1-3-9.wav,50.0,
11,auto1-11,ACK_CANNOT_MOVE_TRACK_DAMAGED,"Колесо или гусеница повреждены, боевая единица отказывается двигаться или атаковать. ",Грузовик разбит.,,auto1-11-1,auto1-11-1.wav,50.0,
,,,  ,Мотору крышка.,,auto1-11-2,auto1-11-2.wav,50.0,
,,,  ,Нам самим требуется ремонт.,,auto1-11-3,auto1-11-3.wav,50.0,
13,auto1-13,ACK_BORED_IDLE,Боевая единица ничем не занята и скучает. Нет действия в течение долгого времени. ,Пока можно повозиться с инструментами.,,auto1-13-1,auto1-13-1.wav,50.0,
,,,  ,Никому ничего чинить не нужно?,,auto1-13-2,auto1-13-2.wav,50.0,
,,,  ,"Похоже, технику сегодня в бою не используют.",,auto1-13-3,auto1-13-3.wav,50.0,
,,,  ,"Так, что у нас осталось из инструментов?..",,auto1-13-4,auto1-13-4.wav,50.0,
14,auto1-14,ACK_BORED_LOW_HIT_POINTS,Убоевой единицы осталось мало здоровья или прочности. ,Мне сейчас грузовик в труху разнесут!,,auto1-14-1,auto1-14-1.wav,50.0,
,,,  ,Прошу прикрытия!,,auto1-14-2,auto1-14-2.wav,50.0,
,,,  ,"Черт, помогите нам отсюда выбраться!",,auto1-14-3,auto1-14-3.wav,50.0,
15,auto1-15,ACK_SELECTION_TO_MUCH,Боевая единица была многократно выбрана подряд. ,"Да, да, точно, сварочный аппарат забыл!",,auto1-15-1,auto1-15-1.wav,50.0,
,,,  ,"Учись, студент, а то всю войну ключи подавать будешь!",,auto1-15-2,auto1-15-2.wav,50.0,
,,,  ,"Ну так я и думал, это у меня подвеска стучит!",,auto1-15-3,auto1-15-3.wav,50.0,
17,auto1-17,ACK_BUILDING_FINISHED,Боевая единица закончила окапывание или закончила строительные работы,Строительные работы закончены.,,auto1-17-1,auto1-17-1.wav,50.0,
,,,  ,Все готово.,,auto1-17-2,auto1-17-2.wav,50.0,
18,auto1-18,DIED,Боевая единица погибла. Последние слова. ,Не надо... (переходя в хрип),,auto1-18-1,auto1-18-1.wav,50.0,
,,,  ,"Черт, больно...",,auto1-18-2,auto1-18-2.wav,50.0,
,,,  ,Не-е-ет! Не надо!,,auto1-18-3,auto1-18-3.wav,50.0,
,,,  ,Горим!,,auto1-18-4,auto1-18-4.wav,50.0,
,,,  ,"Прыгай, прыгай из машины!",,auto1-18-5,auto1-18-5.wav,50.0,
,,,,(крик),,auto1-18-6,auto1-18-6.wav,50.0,
,,,,(крик),,auto1-18-7,auto1-18-7.wav,50.0,
,,,,(крик),,auto1-18-8,auto1-18-8.wav,50.0,
,,,,(крик),,auto1-18-9,auto1-18-9.wav,50.0,
,,,,(крик),,auto1-18-10,auto1-18-10.wav,50.0,
19,auto1-19,ACK_MOVE_END,Боевая единица закончила длительное перемещение вне поля зрения игрока. ,Инженеры на месте.,,auto1-19-1,auto1-19-1.wav,50.0,
,,,  ,Мы в указанной точке.,,auto1-19-2,auto1-19-2.wav,50.0,
20,auto1-20,ACK_UNDER_ATTACK,Боевая единица подверглась нападению. ,"Мы под огнем, держись!",,auto1-20-1,auto1-20-1.wav,50.0,
,,,  ,"Уходим, уходим!",,auto1-20-2,auto1-20-2.wav,50.0,
,,,  ,"Черт, опять под обстрелом!",,auto1-20-3,auto1-20-3.wav,50.0,
21,auto1-21,ACK_ENEMY_FOUND,Боевая единица обнаружила врага,Обнаружены вражеские части.,,auto1-21-1,auto1-21-1.wav,50.0,
,,,  ,Вижу врага.,,auto1-21-2,auto1-21-2.wav,50.0,
22,auto1-22,ACK_ORDER_FINISHED,Боевая единица закончила выполнение приказа,Приказ выполнен.,,auto1-22-1,auto1-22-1.wav,50.0,
,,,  ,Ваши указания выполнены.,,auto1-22-2,auto1-22-2.wav,50.0,
23,auto1-23,ACK_REINFORCEMENT_ARRIVED,Боевая единица докладывает о прибытии в составе подкрепления,Инженерные войска на подходе.,,auto1-23-1,auto1-23-1.wav,50.0,
,,,  ,Инженеры прибыли.,,auto1-23-2,auto1-23-2.wav,50.0,
24,auto1-24,ACK_GOING_TO_STORAGE,Боевая единица отправляется на склад за пополнением боекомплекта.,Отбываю на склады.,,auto1-24-1,auto1-24-1.wav,50.0,
,,,  ,Едем за снабжением.,,auto1-24-2,auto1-24-2.wav,50.0,
,,,  ,Срочно нужно на склад.,,auto1-24-3,auto1-24-3.wav,50.0,
25,auto1-25,ACK_NO_RESOURCES_CANT_FIND_DEPOT,Боеваяединица не может найти склад или линии снабжения были перерезаны. ,Не могу обнаружить склад!,,auto1-25-1,auto1-25-1.wav,50.0,
,,,  ,"А карта утверждает, что тут был склад?!",,auto1-25-2,auto1-25-2.wav,50.0,
,,,  ,"Эй, что случилось со складами?",,auto1-25-3,auto1-25-3.wav,50.0,
27,auto1-27,ACK_START_SERVICE_REPAIR,Боевая единица начинает чинить другую или строение..,Начинаю ремонтные работы.,,auto1-27-1,auto1-27-1.wav,50.0,
,,,  ,Сейчас починим.,,auto1-27-2,auto1-27-2.wav,50.0,
,,,  ,"Так, ключ на двенадцать...",,auto1-27-3,auto1-27-3.wav,50.0,
28,auto1-28,ACK_CANNOT_FINISH_BUILD,По какой-либо причине боевая единица не смогла закончить земляные работы,Невозможно завершить работы!,,auto1-28-1,auto1-28-1.wav,50.0,
,,,  ,Вынужден прервать работу.,,auto1-28-2,auto1-28-2.wav,50.0,
29,auto1-29,ACK_MINE_FOUND,Боевая единица обнаружила мину.,Обнаружено минирование.,,auto1-29-1,auto1-29-1.wav,50.0,
,,,  ,Минное поле!,,auto1-29-2,auto1-29-2.wav,50.0,
32,auto1-32,ACK_BEING_ATTACKED_BY_AVIATION,Боевая единица заметила вражеские самолеты,"Черт, воздух!",,auto1-32-1,auto1-32-1.wav,50.0,
,,,  ,Вижу аэропланы!,,auto1-32-2,auto1-32-2.wav,50.0,
33,auto1-33,ACK_START_SERVICE_BUILDING,Боевая единица начинает строительство. ,Строительство начато.,,auto1-33-1,auto1-33-1.wav,50.0,
,,,  ,Приступаем к строительству.,,auto1-33-2,auto1-33-2.wav,50.0,
,,,  ,"Мы на месте, начинаем строить.",,auto1-33-3,auto1-33-3.wav,50.0,
1,auto2-1,ACK_POSITIVE,Согласие. Боевая единица подчиняется некоторому приказу.,Враз закончим!,,auto2-1-1,auto2-1-1.wav,50.0,
,,,  ,"Дело-то нехитрое, сейчас!",,auto2-1-2,auto2-1-2.wav,50.0,
,,,  ,Только попроси!,,auto2-1-3,auto2-1-3.wav,50.0,
,,,  ,Ежли к нам с уважением...,,auto2-1-4,auto2-1-4.wav,50.0,
,,,  ,Да как для тещи сделаю...,,auto2-1-5,auto2-1-5.wav,50.0,
,,,  ,Мигом!,,auto2-1-6,auto2-1-6.wav,50.0,
,,,  ,От скоро будет готово.,,auto2-1-7,auto2-1-7.wav,50.0,
2,auto2-2,ACK_NEGATIVE,Несогласие. Боевая единица не может выполнить некоторый приказ.,Дык как я такое исполню?,,auto2-2-1,auto2-2-1.wav,50.0,
,,,  ,"Командир, что ж ты такое говоришь-то?",,auto2-2-2,auto2-2-2.wav,50.0,
,,,  ,"Не, нетушки.",,auto2-2-3,auto2-2-3.wav,50.0,
,,,  ,Да как же так-то?,,auto2-2-4,auto2-2-4.wav,50.0,
3,auto2-3,ACK_SELECTED,Реакция боевой единицы на выбор ее игроком.,Тягач!,,auto2-3-1,auto2-3-1.wav,50.0,
,,,  ,Мы на тягачах!,,auto2-3-2,auto2-3-2.wav,50.0,
,,,  ,Грузовички!,,auto2-3-3,auto2-3-3.wav,50.0,
,,,  ,Ыть слушаю.,,auto2-3-4,auto2-3-4.wav,50.0,
,,,  ,Ась?,,auto2-3-5,auto2-3-5.wav,50.0,
,,,  ,"А, да, я, я.",,auto2-3-6,auto2-3-6.wav,50.0,
,,,  ,Трищ командир!,,auto2-3-7,auto2-3-7.wav,50.0,
,,,  ,Слухаю!,,auto2-3-8,auto2-3-8.wav,50.0,
,,,  ,И-есть!,,auto2-3-9,auto2-3-9.wav,50.0,
4,auto2-4,ACK_INVALID_TARGET,"Боевая единица не может навестись на некоторую цель, по причинам не указазанным в остальных фразах. ",Ну нетушки.,,auto2-4-1,auto2-4-1.wav,50.0,
,,,  ,Эт я так не смогу.,,auto2-4-2,auto2-4-2.wav,50.0,
5,auto2-5,ACK_DONT_SEE_THE_ENEMY,Боевая единица не видит цель и отказывается стрелять по ней.,Слабоват-то я на глаза уже...,,auto2-5-1,auto2-5-1.wav,50.0,
,,,  ,"Али кажется, али не вижу я.",,auto2-5-2,auto2-5-2.wav,50.0,
6,auto2-6,ACK_NOT_IN_ATTACK_ANGLE,Цель вне горизонталного сектора обстрела. Боевая цель не может повернуться в нужном направлении.,Куды ж я из колеи-то поверну?,,auto2-6-1,auto2-6-1.wav,50.0,
,,,  ,"Не, разворачиваться несподручно.",,auto2-6-2,auto2-6-2.wav,50.0,
7,auto2-7,ACK_NOT_IN_FIRE_RANGE,Цель слишком далеко или слишком близко. Боевая единица отказывается атаковать. ,Ыть далеко они...,,auto2-7-1,auto2-7-1.wav,50.0,
,,,  ,Отседа-то и не видать.,,auto2-7-2,auto2-7-2.wav,50.0,
8,auto2-8,ACK_NO_AMMO,Отказ атаковать - закончились боеприпасы. ,Дык дурной што-ль?,,auto2-8-1,auto2-8-1.wav,50.0,
,,,  ,Как в Гражданку: с шашкой на танк?,,auto2-8-2,auto2-8-2.wav,50.0,
,,,  ,А мне берданку-то зарядить и нечем.,,auto2-8-3,auto2-8-3.wav,50.0,
9,auto2-9,ACK_CANNOT_PIERCE,Боевая единица не может в принципе пробить защиту цели и отказывается стрелять так как это бесполезно. ,"Мы ж людишки невоенные, бронебойных у нас нет.",,auto2-9-1,auto2-9-1.wav,50.0,
,,,  ,Куды нам до такой техники!,,auto2-9-2,auto2-9-2.wav,50.0,
,,,  ,Туточки хоть башкой бейся...,,auto2-9-3,auto2-9-3.wav,50.0,
10,auto2-10,ACK_BORED_ATTACK,Периодичекие фразы во ходе атаки. ,Ура! В наступление!,,auto2-10-1,auto2-10-1.wav,50.0,
,,,  ,Дави бандюг!,,auto2-10-2,auto2-10-2.wav,50.0,
,,,  ,Вот я поганцев!,,auto2-10-3,auto2-10-3.wav,50.0,
,,,  ,"Навались, дружнее!",,auto2-10-4,auto2-10-4.wav,50.0,
11,auto2-11,ACK_CANNOT_MOVE_TRACK_DAMAGED,"Колесо или гусеница повреждены, боевая единица отказывается двигаться или атаковать. ","А колесико, колесико сначала заменить нады-ть.",,auto2-11-1,auto2-11-1.wav,50.0,
,,,  ,Мы покамест оттарахтели.,,auto2-11-2,auto2-11-2.wav,50.0,
,,,  ,"Погодь, моторчик что-то чихаеть.",,auto2-11-3,auto2-11-3.wav,50.0,
12,auto2-12,ACK_BORED_LOW_AMMO,У боевой единицы боеприпасы подходят к концу. ,"Патрончики, патрончики на исходе!",,auto2-12-1,auto2-12-1.wav,50.0,
,,,  ,Где-то у меня тут еще парочка патронов завалялась.,,auto2-12-2,auto2-12-2.wav,50.0,
,,,  ,А вскорости стрелять нечем будет.,,auto2-12-3,auto2-12-3.wav,50.0,
13,auto2-13,ACK_BORED_IDLE,Боевая единица ничем не занята и скучает. Нет действия в течение долгого времени. ,Да ща шо? Вот мы в свое время...,,auto2-13-1,auto2-13-1.wav,50.0,
,,,  ,Молодеж бестолковая пошла - кто ж так воююет?!,,auto2-13-2,auto2-13-2.wav,50.0,
,,,  ,"Помню, я в семнадцатом... Ух!",,auto2-13-3,auto2-13-3.wav,50.0,
,,,  ,"Пойду, колесо попинаю.",,auto2-13-4,auto2-13-4.wav,50.0,
14,auto2-14,ACK_BORED_LOW_HIT_POINTS,Убоевой единицы осталось мало здоровья или прочности. ,"Караул, убивають!",,auto2-14-1,auto2-14-1.wav,50.0,
,,,  ,Уже ж всю кабину порешетили.,,auto2-14-2,auto2-14-2.wav,50.0,
,,,  ,"Ниче, выдюжим!",,auto2-14-3,auto2-14-3.wav,50.0,
15,auto2-15,ACK_SELECTION_TO_MUCH,Боевая единица была многократно выбрана подряд. ,Чавой? Чавой? Громче: глуховат я!,,auto2-15-1,auto2-15-1.wav,50.0,
,,,  ,Ух! Ах! Ох! Тряска-то какая!,,auto2-15-2,auto2-15-2.wav,50.0,
,,,  ,Да я с двенадцати лет шоферю!,,auto2-15-3,auto2-15-3.wav,50.0,
16,auto2-16,ACK_KILLED_ENEMY,Боевая единица уничожила врага. ,А то неча тут!,,auto2-16-1,auto2-16-1.wav,50.0,
,,,  ,"Будете знать, как по чужим огородам лазать!",,auto2-16-2,auto2-16-2.wav,5.0,
,,,  ,Мы еще ого-го как могем!,,auto2-16-3,auto2-16-3.wav,50.0,
,,,  ,Круши ворюг!,,auto2-16-4,auto2-16-4.wav,50.0,
,,,  ,Бей мордатых!,,auto2-16-5,auto2-16-5.wav,50.0,
17,auto2-17,ACK_BUILDING_FINISHED,Боевая единица закончила окапывание или закончила строительные работы,"Ох, моя поясница! Накопались!",,auto2-17-1,auto2-17-1.wav,50.0,
,,,  ,"Ну все, землицы накидали.",,auto2-17-2,auto2-17-2.wav,50.0,
18,auto2-18,DIED,Боевая единица погибла. Последние слова. ,Ну вот и все...,,auto2-18-1,auto2-18-1.wav,50.0,
,,,  ,Да я-то уже и пожил...,,auto2-18-2,auto2-18-2.wav,50.0,
,,,  ,От и не страшно совсем.,,auto2-18-3,auto2-18-3.wav,50.0,
,,,  ,Ах стервец (хрип),,auto2-18-4,auto2-18-4.wav,50.0,
,,,  ,Кровищи-то...,,auto2-18-5,auto2-18-5.wav,50.0,
,,,,(крик),,auto2-18-6,auto2-18-6.wav,50.0,
,,,,(крик),,auto2-18-7,auto2-18-7.wav,50.0,
,,,,(крик),,auto2-18-8,auto2-18-8.wav,50.0,
,,,,(крик),,auto2-18-9,auto2-18-9.wav,50.0,
,,,,(крик),,auto2-18-10,auto2-18-10.wav,50.0,
19,auto2-19,ACK_MOVE_END,Боевая единица закончила длительное перемещение вне поля зрения игрока. ,А мы добрались-таки!,,auto2-19-1,auto2-19-1.wav,50.0,
,,,  ,"Куды велели, туды приехали.",,auto2-19-2,auto2-19-2.wav,50.0,
20,auto2-20,ACK_UNDER_ATTACK,Боевая единица подверглась нападению. ,Опять как в Гражданку!,,auto2-20-1,auto2-20-1.wav,50.0,
,,,  ,Ох ты ж злобствуют как!,,auto2-20-2,auto2-20-2.wav,50.0,
,,,  ,Напали! Напали!,,auto2-20-3,auto2-20-3.wav,50.0,
21,auto2-21,ACK_ENEMY_FOUND,Боевая единица обнаружила врага,Вражины голодраные!,,auto2-21-1,auto2-21-1.wav,50.0,
,,,  ,Тати подколодные!,,auto2-21-2,auto2-21-2.wav,50.0,
22,auto2-22,ACK_ORDER_FINISHED,Боевая единица закончила выполнение приказа,"Как приказывали, трищ командир!",,auto2-22-1,auto2-22-1.wav,50.0,
,,,  ,Усе в порядке!,,auto2-22-2,auto2-22-2.wav,50.0,
23,auto2-23,ACK_REINFORCEMENT_ARRIVED,Боевая единица докладывает о прибытии в составе подкрепления,Грузовички звали?,,auto2-23-1,auto2-23-1.wav,50.0,
,,,  ,Тягачи в подкреплении!,,auto2-23-2,auto2-23-2.wav,50.0,
24,auto2-24,ACK_GOING_TO_STORAGE,Боевая единица отправляется на склад за пополнением боекомплекта.,Пора бы и на склад вертаться!,,auto2-24-1,auto2-24-1.wav,50.0,
,,,  ,"Пустой я, на склад еду!",,auto2-24-2,auto2-24-2.wav,50.0,
,,,  ,"Ну усе, разворачиваемся к складу.",,auto2-24-3,auto2-24-3.wav,50.0,
25,auto2-25,ACK_NO_RESOURCES_CANT_FIND_DEPOT,Боеваяединица не может найти склад или линии снабжения были перерезаны. ,Куды ж склад-то подевался?,,auto2-25-1,auto2-25-1.wav,50.0,
,,,  ,"Ох ты господи, где ж это я?",,auto2-25-2,auto2-25-2.wav,50.0,
,,,  ,"Чертовщина какая, склада нету.",,auto2-25-3,auto2-25-3.wav,50.0,
26,auto2-26,ACK_START_SERVICE_RESUPPLY,Боевая единица начинает разгружать боеприпасы,"Грузи, робяты, патрончики.",,auto2-26-1,auto2-26-1.wav,50.0,
,,,  ,"Пошевеливайтесь, ишь, разлеглись тута!",,auto2-26-2,auto2-26-2.wav,50.0,
,,,  ,"Веселей, веселей!",,auto2-26-3,auto2-26-3.wav,50.0,
32,auto2-32,ACK_BEING_ATTACKED_BY_AVIATION,Боевая единица заметила вражеские самолеты,Ох ты батюшки! Разлетались!,,auto2-32-1,auto2-32-1.wav,50.0,
,,,  ,Опять нехристи летять!,,auto2-32-2,auto2-32-2.wav,50.0,
1,avia1-1,ACK_POSITIVE,Согласие. Боевая единица подчиняется некоторому приказу.,Ну лады.,,avia1-1-1,avia1-1-1.wav,50.0,
,,,  ,Понятненько!,,avia1-1-2,avia1-1-2.wav,50.0,
,,,  ,"Вы приказали, мы сделали.",,avia1-1-3,avia1-1-3.wav,50.0,
,,,  ,А как скажете.,,avia1-1-4,avia1-1-4.wav,50.0,
,,,  ,Авиация приказ поняла.,,avia1-1-5,avia1-1-5.wav,50.0,
,,,  ,Ваши приказания поняли.,,avia1-1-6,avia1-1-6.wav,50.0,
,,,  ,"Мы летчики понятливые, сейчас.",,avia1-1-7,avia1-1-7.wav,50.0,
2,avia1-2,ACK_NEGATIVE,Несогласие. Боевая единица не может выполнить некоторый приказ.,"Нет, не выйдет.",,avia1-2-1,avia1-2-1.wav,50.0,
,,,  ,Ну не могу я так!,,avia1-2-2,avia1-2-2.wav,50.0,
,,,  ,Приказ не понят.,,avia1-2-3,avia1-2-3.wav,50.0,
,,,  ,"Командир, вы точно уверены?",,avia1-2-4,avia1-2-4.wav,50.0,
3,avia1-3,ACK_SELECTED,Реакция боевой единицы на выбор ее игроком.,Тяжелая авиация.,,avia1-3-1,avia1-3-1.wav,50.0,
,,,  ,Летчики к бою готовы.,,avia1-3-2,avia1-3-2.wav,50.0,
8,avia1-8,ACK_NO_AMMO,Отказ атаковать - закончились боеприпасы. ,"Нет, командир, боеприпасов нет.",,avia1-8-1,avia1-8-1.wav,50.0,
,,,  ,Ну так нечем же.,,avia1-8-2,avia1-8-2.wav,50.0,
,,,  ,"Все, боезапас кончился.",,avia1-8-3,avia1-8-3.wav,50.0,
12,avia1-12,ACK_BORED_LOW_AMMO,У боевой единицы боеприпасы подходят к концу. ,У нас тут боезапас заканчивается.,,avia1-12-1,avia1-12-1.wav,50.0,
,,,  ,Вскоре будем возвращаться на аэродром за патрончиками.,,avia1-12-2,avia1-12-2.wav,5.0,
,,,  ,Скоро придется выйти из боя - кончаются боеприпасы.,,avia1-12-3,avia1-12-3.wav,50.0,
13,avia1-13,ACK_BORED_IDLE,Боевая единица ничем не занята и скучает. Нет действия в течение долгого времени. ,"Нет приказов, што ль?",,avia1-13-1,avia1-13-1.wav,50.0,
,,,  ,"Ну да и ладно, отдохнем.",,avia1-13-2,avia1-13-2.wav,50.0,
,,,  ,Перекур.,,avia1-13-3,avia1-13-3.wav,50.0,
,,,  ,"Варенья бы сейчас, малинового.",,avia1-13-4,avia1-13-4.wav,50.0,
14,avia1-14,ACK_BORED_LOW_HIT_POINTS,Убоевой единицы осталось мало здоровья или прочности. ,"Боюсь, скоро пойду на вынужденную посадку.",,avia1-14-1,avia1-14-1.wav,50.0,
,,,  ,У нас тут становится жарко.,,avia1-14-2,avia1-14-2.wav,50.0,
,,,  ,Прикройте меня!,,avia1-14-3,avia1-14-3.wav,50.0,
15,avia1-15,ACK_SELECTION_TO_MUCH,Боевая единица была многократно выбрана подряд. ,Опять что-то нужно от дядьки Михайлы?,,avia1-15-1,avia1-15-1.wav,50.0,
,,,  ,"Нет, на этот раз корову я не повезу.",,avia1-15-2,avia1-15-2.wav,50.0,
,,,  ,"Что, сынок, тоже в авиаторы хочешь?",,avia1-15-3,avia1-15-3.wav,50.0,
16,avia1-16,ACK_KILLED_ENEMY,Боевая единица уничожила врага. ,Еще один готов.,,avia1-16-1,avia1-16-1.wav,50.0,
,,,  ,Хо-хо!,,avia1-16-2,avia1-16-2.wav,50.0,
,,,  ,А вот неча было в Россию лезть.,,avia1-16-3,avia1-16-3.wav,50.0,
,,,  ,"Ишь тут, не вылазь.",,avia1-16-4,avia1-16-4.wav,50.0,
,,,  ,Вот то-то же.,,avia1-16-5,avia1-16-5.wav,50.0,
18,avia1-18,DIED,Боевая единица погибла. Последние слова. ,Ох...,,avia1-18-1,avia1-18-1.wav,50.0,
,,,  ,Как нехорошо получилось...,,avia1-18-2,avia1-18-2.wav,50.0,
,,,  ,Вот я и долетался...,,avia1-18-3,avia1-18-3.wav,50.0,
,,,  ,До базы не дотяну.,,avia1-18-4,avia1-18-4.wav,50.0,
,,,  ,Катапультируюсь.,,avia1-18-5,avia1-18-5.wav,50.0,
,,,,(крик),,avia1-18-6,avia1-18-6.wav,50.0,
,,,,(крик),,avia1-18-7,avia1-18-7.wav,50.0,
,,,,(крик),,avia1-18-8,avia1-18-8.wav,50.0,
,,,,(крик),,avia1-18-9,avia1-18-9.wav,50.0,
,,,,(крик),,avia1-18-10,avia1-18-10.wav,50.0,
20,avia1-20,ACK_UNDER_ATTACK,Боевая единица подверглась нападению. ,Меня пытаются подбить.,,avia1-20-1,avia1-20-1.wav,50.0,
,,,  ,Что ж ты такое творишь...,,avia1-20-2,avia1-20-2.wav,50.0,
,,,  ,Ну я сейчас тебе задам.,,avia1-20-3,avia1-20-3.wav,50.0,
21,avia1-21,ACK_ENEMY_FOUND,Боевая единица обнаружила врага,"Вижу врага, какие приказы?",,avia1-21-1,avia1-21-1.wav,50.0,
,,,  ,Опять погань лезет.,,avia1-21-2,avia1-21-2.wav,50.0,
22,avia1-22,ACK_ORDER_FINISHED,Боевая единица закончила выполнение приказа,Дело сделано.,,avia1-22-1,avia1-22-1.wav,50.0,
,,,  ,Как просили.,,avia1-22-2,avia1-22-2.wav,50.0,
30,avia1-30,ACK_PLANE_REACH_POINT_START_ATTACK,Самолет достиг точки назначения и начинает выполнение задания. ,На месте назначения!,,avia1-30-1,avia1-30-1.wav,50.0,
,,,  ,Начинаю выполнение задания!,,avia1-30-2,avia1-30-2.wav,50.0,
,,,  ,Приступил к заданию.,,avia1-30-3,avia1-30-3.wav,50.0,
,,,  ,Начинаю сброс груза.,,avia1-30-4,avia1-30-4.wav,50.0,
31,avia1-31,ACK_PLANE_LEAVING,Самолет закончил миссию и возвращается на базу.,Задание выполнено!,,avia1-31-1,avia1-31-1.wav,50.0,
,,,  ,Возвращаюсь на базу!,,avia1-31-2,avia1-31-2.wav,50.0,
32,avia1-32,ACK_BEING_ATTACKED_BY_AVIATION,Боевая единица заметила вражеские самолеты,Противник в воздухе.,,avia1-32-1,avia1-32-1.wav,50.0,
,,,  ,Вызываю истребители.,,avia1-32-2,avia1-32-2.wav,50.0,
1,avia2-1,ACK_POSITIVE,Согласие. Боевая единица подчиняется некоторому приказу.,Вас хорошо понял!,,avia2-1-1,avia2-1-1.wav,50.0,
,,,  ,"Земля, приказ подтверждаю.",,avia2-1-2,avia2-1-2.wav,50.0,
,,,  ,Выполняю указания.,,avia2-1-3,avia2-1-3.wav,50.0,
,,,  ,"Приказ понял, какие еще указания?",,avia2-1-4,avia2-1-4.wav,50.0,
,,,  ,"Еще раз... Да, понял!",,avia2-1-5,avia2-1-5.wav,50.0,
,,,  ,Указания принял.,,avia2-1-6,avia2-1-6.wav,50.0,
,,,  ,"Так точно, земля!",,avia2-1-7,avia2-1-7.wav,50.0,
2,avia2-2,ACK_NEGATIVE,Несогласие. Боевая единица не может выполнить некоторый приказ.,"База, невыполнимо.",,avia2-2-1,avia2-2-1.wav,50.0,
,,,  ,Невыполнимый приказ.,,avia2-2-2,avia2-2-2.wav,50.0,
,,,  ,"Вас понял, выполнить невозможно.",,avia2-2-3,avia2-2-3.wav,50.0,
,,,  ,"Сожалею, это невыполнимо.",,avia2-2-4,avia2-2-4.wav,50.0,
3,avia2-3,ACK_SELECTED,Реакция боевой единицы на выбор ее игроком.,Истребитель!,,avia2-3-1,avia2-3-1.wav,50.0,
,,,  ,Пилот истребителя!,,avia2-3-2,avia2-3-2.wav,50.0,
,,,  ,Звено готово!,,avia2-3-3,avia2-3-3.wav,50.0,
,,,  ,Летчики слушают.,,avia2-3-4,avia2-3-4.wav,50.0,
,,,  ,"Так, да!",,avia2-3-5,avia2-3-5.wav,50.0,
,,,  ,Истребитель на связи.,,avia2-3-6,avia2-3-6.wav,50.0,
,,,  ,"Прием, прием.",,avia2-3-7,avia2-3-7.wav,50.0,
,,,  ,"Земля, я слушаю.",,avia2-3-8,avia2-3-8.wav,50.0,
,,,  ,Слышу вас ясно.,,avia2-3-9,avia2-3-9.wav,50.0,
4,avia2-4,ACK_INVALID_TARGET,"Боевая единица не может навестись на некоторую цель, по причинам не указазанным в остальных фразах. ",Цель недоступна.,,avia2-4-1,avia2-4-1.wav,50.0,
,,,  ,"База, это невозможно.",,avia2-4-2,avia2-4-2.wav,50.0,
5,avia2-5,ACK_DONT_SEE_THE_ENEMY,Боевая единица не видит цель и отказывается стрелять по ней.,Нет цели в пределах видимости.,,avia2-5-1,avia2-5-1.wav,50.0,
,,,  ,Не могу обнаружить цель.,,avia2-5-2,avia2-5-2.wav,50.0,
6,avia2-6,ACK_NOT_IN_ATTACK_ANGLE,Цель вне горизонталного сектора обстрела. Боевая цель не может повернуться в нужном направлении.,Нет в пределах прямой видимости.,,avia2-6-1,avia2-6-1.wav,50.0,
,,,  ,Требуется сменить курс.,,avia2-6-2,avia2-6-2.wav,50.0,
7,avia2-7,ACK_NOT_IN_FIRE_RANGE,Цель слишком далеко или слишком близко. Боевая единица отказывается атаковать. ,Противник слишком далеко для обстрела.,,avia2-7-1,avia2-7-1.wav,50.0,
,,,  ,Нужно сократить дистанцию.,,avia2-7-2,avia2-7-2.wav,50.0,
8,avia2-8,ACK_NO_AMMO,Отказ атаковать - закончились боеприпасы. ,"База, у меня закончился боезапас.",,avia2-8-1,avia2-8-1.wav,50.0,
,,,  ,Требуется пополнить боезапас.,,avia2-8-2,avia2-8-2.wav,50.0,
,,,  ,Только если идти на таран.,,avia2-8-3,avia2-8-3.wav,50.0,
9,avia2-9,ACK_CANNOT_PIERCE,Боевая единица не может в принципе пробить защиту цели и отказывается стрелять так как это бесполезно. ,Мне не хватает огневой мощи!,,avia2-9-1,avia2-9-1.wav,50.0,
,,,  ,С моим калибром это бессмысленно.,,avia2-9-2,avia2-9-2.wav,50.0,
,,,  ,Не хватает бронебойности.,,avia2-9-3,avia2-9-3.wav,50.0,
10,avia2-10,ACK_BORED_ATTACK,Периодичекие фразы во ходе атаки. ,Занят в бою!,,avia2-10-1,avia2-10-1.wav,50.0,
,,,  ,Все еще веду бой!,,avia2-10-2,avia2-10-2.wav,50.0,
,,,  ,Противник не сдается!,,avia2-10-3,avia2-10-3.wav,50.0,
,,,  ,"Ну давай поглядим, кто кого...",,avia2-10-4,avia2-10-4.wav,50.0,
12,avia2-12,ACK_BORED_LOW_AMMO,У боевой единицы боеприпасы подходят к концу. ,"Прошу прощения, но боезапас заканчивается.",,avia2-12-1,avia2-12-1.wav,50.0,
,,,  ,"Аэродром, готовьте боезапас.",,avia2-12-2,avia2-12-2.wav,50.0,
,,,  ,Прошу разрешения вернуться за боеприпасами.,,avia2-12-3,avia2-12-3.wav,50.0,
13,avia2-13,ACK_BORED_IDLE,Боевая единица ничем не занята и скучает. Нет действия в течение долгого времени. ,"База, какие приказы?",,avia2-13-1,avia2-13-1.wav,50.0,
,,,  ,"Спят на аэродроме, что ли?",,avia2-13-2,avia2-13-2.wav,50.0,
,,,  ,Рация работает? А почему приказов нет?,,avia2-13-3,avia2-13-3.wav,50.0,
,,,  ,"Земля, земля, какие приказы?",,avia2-13-4,avia2-13-4.wav,50.0,
14,avia2-14,ACK_BORED_LOW_HIT_POINTS,Убоевой единицы осталось мало здоровья или прочности. ,Меня выводят из строя.,,avia2-14-1,avia2-14-1.wav,50.0,
,,,  ,Машина так долго не выдержит.,,avia2-14-2,avia2-14-2.wav,50.0,
,,,  ,Нахожусь под плотным огнем противника.,,avia2-14-3,avia2-14-3.wav,50.0,
15,avia2-15,ACK_SELECTION_TO_MUCH,Боевая единица была многократно выбрана подряд. ,Что за грохот в хвосте?,,avia2-15-1,avia2-15-1.wav,50.0,
,,,  ,"Земля, тут какие-то странные помехи...",,avia2-15-2,avia2-15-2.wav,50.0,
,,,  ,Кто это хулиганит на этой частоте?,,avia2-15-3,avia2-15-3.wav,50.0,
16,avia2-16,ACK_KILLED_ENEMY,Боевая единица уничожила врага. ,Цель поражена!,,avia2-16-1,avia2-16-1.wav,50.0,
,,,  ,Докладываю об уничтожении противника!,,avia2-16-2,avia2-16-2.wav,50.0,
,,,  ,Можно ставить еще одну звездочку на обшивку.,,avia2-16-3,avia2-16-3.wav,50.0,
,,,  ,"Отлично, цель поражена.",,avia2-16-4,avia2-16-4.wav,50.0,
,,,  ,Полное уничтожение.,,avia2-16-5,avia2-16-5.wav,50.0,
18,avia2-18,DIED,Боевая единица погибла. Последние слова. ,Я подбит!,,avia2-18-1,avia2-18-1.wav,50.0,
,,,  ,Горю!,,avia2-18-2,avia2-18-2.wav,50.0,
,,,  ,Машина выведена из строя.,,avia2-18-3,avia2-18-3.wav,50.0,
,,,  ,А-а-а-а...,,avia2-18-4,avia2-18-4.wav,50.0,
,,,  ,Мотор сейчас рванет...,,avia2-18-5,avia2-18-5.wav,50.0,
,,,,(крик),,avia2-18-6,avia2-18-6.wav,50.0,
,,,,(крик),,avia2-18-7,avia2-18-7.wav,50.0,
,,,,(крик),,avia2-18-8,avia2-18-8.wav,50.0,
,,,,(крик),,avia2-18-9,avia2-18-9.wav,50.0,
,,,,(крик),,avia2-18-10,avia2-18-10.wav,50.0,
19,avia2-19,ACK_MOVE_END,Боевая единица закончила длительное перемещение вне поля зрения игрока. ,Истребитель в указанном квадрате.,,avia2-19-1,avia2-19-1.wav,50.0,
,,,  ,Прибыл в указанную точку.,,avia2-19-2,avia2-19-2.wav,50.0,
20,avia2-20,ACK_UNDER_ATTACK,Боевая единица подверглась нападению. ,Я атакован!,,avia2-20-1,avia2-20-1.wav,50.0,
,,,  ,Подвергаюсь обстрелу.,,avia2-20-2,avia2-20-2.wav,50.0,
,,,  ,Противник атакует!,,avia2-20-3,avia2-20-3.wav,50.0,
21,avia2-21,ACK_ENEMY_FOUND,Боевая единица обнаружила врага,Ясно вижу противника.,,avia2-21-1,avia2-21-1.wav,50.0,
,,,  ,"Вижу цель, передаю координаты.",,avia2-21-2,avia2-21-2.wav,50.0,
22,avia2-22,ACK_ORDER_FINISHED,Боевая единица закончила выполнение приказа,Все приказания выполнены.,,avia2-22-1,avia2-22-1.wav,50.0,
,,,  ,Жду следующей задачи.,,avia2-22-2,avia2-22-2.wav,50.0,
30,avia2-30,ACK_PLANE_REACH_POINT_START_ATTACK,Самолет достиг точки назначения и начинает выполнение задания. ,Истребитель над точкой назначения.,,avia2-30-1,avia2-30-1.wav,50.0,
,,,  ,Начинаю бой.,,avia2-30-2,avia2-30-2.wav,50.0,
,,,  ,Я на месте.,,avia2-30-3,avia2-30-3.wav,50.0,
,,,  ,"На место прибыл, задачу выполняю.",,avia2-30-4,avia2-30-4.wav,50.0,
31,avia2-31,ACK_PLANE_LEAVING,Самолет закончил миссию и возвращается на базу.,"Задача выполнена, ложусь на обратный курс.",,avia2-31-1,avia2-31-1.wav,5.0,
,,,  ,Истребитель возвращается на базу.,,avia2-31-2,avia2-31-2.wav,50.0,
32,avia2-32,ACK_BEING_ATTACKED_BY_AVIATION,Боевая единица заметила вражеские самолеты,Вижу цель в воздухе!,,avia2-32-1,avia2-32-1.wav,50.0,
,,,  ,"Ха, опять жалкие фрицы в воздухе.",,avia2-32-2,avia2-32-2.wav,50.0,
1,avia3-1,ACK_POSITIVE,Согласие. Боевая единица подчиняется некоторому приказу.,"Вас понял, начинаю выполнение.",,avia3-1-1,avia3-1-1.wav,50.0,
,,,  ,"Да, сейчас будет сделано.",,avia3-1-2,avia3-1-2.wav,50.0,
,,,  ,"Да, да, понял.",,avia3-1-3,avia3-1-3.wav,50.0,
,,,  ,Пилот слушается!,,avia3-1-4,avia3-1-4.wav,50.0,
,,,  ,"Так, так, так.",,avia3-1-5,avia3-1-5.wav,50.0,
,,,  ,"Будет сделано, будет.",,avia3-1-6,avia3-1-6.wav,50.0,
,,,  ,"Сейчас, сейчас.",,avia3-1-7,avia3-1-7.wav,50.0,
2,avia3-2,ACK_NEGATIVE,Несогласие. Боевая единица не может выполнить некоторый приказ.,"Не могу, не могу выполнить.",,avia3-2-1,avia3-2-1.wav,50.0,
,,,  ,"Никак нет, прием.",,avia3-2-2,avia3-2-2.wav,50.0,
,,,  ,"Послушайте, это же невозможно.",,avia3-2-3,avia3-2-3.wav,50.0,
,,,  ,"База, ну не смогу я.",,avia3-2-4,avia3-2-4.wav,50.0,
3,avia3-3,ACK_SELECTED,Реакция боевой единицы на выбор ее игроком.,Вызов принят!,,avia3-3-1,avia3-3-1.wav,50.0,
,,,  ,"Я слушаю, прием!",,avia3-3-2,avia3-3-2.wav,50.0,
,,,  ,Пилот на связи!,,avia3-3-3,avia3-3-3.wav,50.0,
,,,  ,"Так точно, так точно!",,avia3-3-4,avia3-3-4.wav,50.0,
,,,  ,"Земля, я вас слышу!",,avia3-3-5,avia3-3-5.wav,50.0,
,,,  ,Слышу вас хорошо!,,avia3-3-6,avia3-3-6.wav,50.0,
,,,  ,"Связь хорошая, пилот слушает.",,avia3-3-7,avia3-3-7.wav,50.0,
,,,  ,"Я на связи, слушаю!",,avia3-3-8,avia3-3-8.wav,50.0,
,,,  ,"Прием, прием, слушаю.",,avia3-3-9,avia3-3-9.wav,50.0,
4,avia3-4,ACK_INVALID_TARGET,"Боевая единица не может навестись на некоторую цель, по причинам не указазанным в остальных фразах. ",Выполнить приказ невозможно.,,avia3-4-1,avia3-4-1.wav,50.0,
,,,  ,"Нет, это невозможно.",,avia3-4-2,avia3-4-2.wav,50.0,
5,avia3-5,ACK_DONT_SEE_THE_ENEMY,Боевая единица не видит цель и отказывается стрелять по ней.,Что? Где? Ничего не вижу.,,avia3-5-1,avia3-5-1.wav,50.0,
,,,  ,Это не шутка? Не вижу цель.,,avia3-5-2,avia3-5-2.wav,50.0,
6,avia3-6,ACK_NOT_IN_ATTACK_ANGLE,Цель вне горизонталного сектора обстрела. Боевая цель не может повернуться в нужном направлении.,Требуется выполнить маневр.,,avia3-6-1,avia3-6-1.wav,50.0,
,,,  ,"Никак нет, отказ по обстановке.",,avia3-6-2,avia3-6-2.wav,50.0,
7,avia3-7,ACK_NOT_IN_FIRE_RANGE,Цель слишком далеко или слишком близко. Боевая единица отказывается атаковать. ,Но приказ на таком расстоянии невыполним!,,avia3-7-1,avia3-7-1.wav,50.0,
,,,  ,Требуется смена позиции.,,avia3-7-2,avia3-7-2.wav,50.0,
8,avia3-8,ACK_NO_AMMO,Отказ атаковать - закончились боеприпасы. ,"Земля, у меня нет ни патрона!",,avia3-8-1,avia3-8-1.wav,50.0,
,,,  ,Прошу разрешения вернуться на аэродром за боеприпасами!,,avia3-8-2,avia3-8-2.wav,5.0,
,,,  ,"Разрешите пополнить боезапас, скорее!",,avia3-8-3,avia3-8-3.wav,50.0,
9,avia3-9,ACK_CANNOT_PIERCE,Боевая единица не может в принципе пробить защиту цели и отказывается стрелять так как это бесполезно. ,Я не смогу пробить броню!,,avia3-9-1,avia3-9-1.wav,50.0,
,,,  ,"Это бессмысленно, не пробьет!",,avia3-9-2,avia3-9-2.wav,50.0,
,,,  ,Я только зря растрачу боезапас!,,avia3-9-3,avia3-9-3.wav,50.0,
10,avia3-10,ACK_BORED_ATTACK,Периодичекие фразы во ходе атаки. ,"База, база, я не могу уйти от противника!",,avia3-10-1,avia3-10-1.wav,50.0,
,,,  ,Меня тут просто расстреливают!,,avia3-10-2,avia3-10-2.wav,50.0,
,,,  ,"Что же это такое, не трогайте меня!",,avia3-10-3,avia3-10-3.wav,50.0,
,,,  ,Ну вы сами напросились!,,avia3-10-4,avia3-10-4.wav,50.0,
12,avia3-12,ACK_BORED_LOW_AMMO,У боевой единицы боеприпасы подходят к концу. ,"Что делать, у меня кончается боезапас!?",,avia3-12-1,avia3-12-1.wav,50.0,
,,,  ,Боеприпасы скоро будут исчерпаны.,,avia3-12-2,avia3-12-2.wav,50.0,
,,,  ,Разрешите вернуться за боеприпасами?,,avia3-12-3,avia3-12-3.wav,50.0,
13,avia3-13,ACK_BORED_IDLE,Боевая единица ничем не занята и скучает. Нет действия в течение долгого времени. ,"Слава богу, никто не трогает.",,avia3-13-1,avia3-13-1.wav,50.0,
,,,  ,Ну хоть какая-то передышка.,,avia3-13-2,avia3-13-2.wav,50.0,
,,,  ,Где-то у меня тут была заначка…,,avia3-13-3,avia3-13-3.wav,50.0,
,,,  ,Сходить бы в увольнительную.,,avia3-13-4,avia3-13-4.wav,50.0,
14,avia3-14,ACK_BORED_LOW_HIT_POINTS,Убоевой единицы осталось мало здоровья или прочности. ,Со мной скоро все будет кончено!,,avia3-14-1,avia3-14-1.wav,50.0,
,,,  ,Меня сейчас прикончат!,,avia3-14-2,avia3-14-2.wav,50.0,
,,,  ,Прошу разрешения отойти! Немедленно!,,avia3-14-3,avia3-14-3.wav,50.0,
15,avia3-15,ACK_SELECTION_TO_MUCH,Боевая единица была многократно выбрана подряд. ,"Что, что такое? Я не сплю, не сплю!",,avia3-15-1,avia3-15-1.wav,50.0,
,,,  ,Ну почему именно я должен тут отдуваться?,,avia3-15-2,avia3-15-2.wav,50.0,
,,,  ,"Почему мне кажется, что меня кто-то зовет?",,avia3-15-3,avia3-15-3.wav,50.0,
16,avia3-16,ACK_KILLED_ENEMY,Боевая единица уничожила врага. ,"Так, так тебе!",,avia3-16-1,avia3-16-1.wav,50.0,
,,,  ,"Я справился, я снова справился!",,avia3-16-2,avia3-16-2.wav,50.0,
,,,  ,"Лучше ты, чем я.",,avia3-16-3,avia3-16-3.wav,50.0,
,,,  ,"Я выжил, ты - нет.",,avia3-16-4,avia3-16-4.wav,50.0,
,,,  ,"Да, да, да!",,avia3-16-5,avia3-16-5.wav,50.0,
18,avia3-18,DIED,Боевая единица погибла. Последние слова. ,Я этого боялся!,,avia3-18-1,avia3-18-1.wav,50.0,
,,,  ,(предсмертный крик),,avia3-18-2,avia3-18-2.wav,50.0,
,,,  ,"Почему, почему меня никто не прикрыл?",,avia3-18-3,avia3-18-3.wav,50.0,
,,,  ,Я не верю в это!,,avia3-18-4,avia3-18-4.wav,50.0,
,,,  ,"Не надо, не надо!",,avia3-18-5,avia3-18-5.wav,50.0,
,,,,(крик),,avia3-18-6,avia3-18-6.wav,50.0,
,,,,(крик),,avia3-18-7,avia3-18-7.wav,50.0,
,,,,(крик),,avia3-18-8,avia3-18-8.wav,50.0,
,,,,(крик),,avia3-18-9,avia3-18-9.wav,50.0,
,,,,(крик),,avia3-18-10,avia3-18-10.wav,50.0,
19,avia3-19,ACK_MOVE_END,Боевая единица закончила длительное перемещение вне поля зрения игрока. ,Выхожу в указанный квадрат!,,avia3-19-1,avia3-19-1.wav,50.0,
,,,  ,"Я почти на месте, что дальше?",,avia3-19-2,avia3-19-2.wav,50.0,
20,avia3-20,ACK_UNDER_ATTACK,Боевая единица подверглась нападению. ,"Меня атакуют, слышите, меня атакуют!",,avia3-20-1,avia3-20-1.wav,50.0,
,,,  ,"Я под обстрелом, что прикажете?",,avia3-20-2,avia3-20-2.wav,50.0,
,,,  ,"Быстрее, по мне стреляют!",,avia3-20-3,avia3-20-3.wav,50.0,
21,avia3-21,ACK_ENEMY_FOUND,Боевая единица обнаружила врага,"Враг, это враг!",,avia3-21-1,avia3-21-1.wav,50.0,
,,,  ,"Внимание, заметил противника!",,avia3-21-2,avia3-21-2.wav,50.0,
22,avia3-22,ACK_ORDER_FINISHED,Боевая единица закончила выполнение приказа,"Пилот докладывает, приказ выполнен.",,avia3-22-1,avia3-22-1.wav,50.0,
,,,  ,"Приказания выполнены, что дальше?",,avia3-22-2,avia3-22-2.wav,50.0,
30,avia3-30,ACK_PLANE_REACH_POINT_START_ATTACK,Самолет достиг точки назначения и начинает выполнение задания. ,Нахожусь в заданном квадрате.,,avia3-30-1,avia3-30-1.wav,50.0,
,,,  ,Прибыл в расчетную точку!,,avia3-30-2,avia3-30-2.wav,50.0,
,,,  ,Начал выполнять задание.,,avia3-30-3,avia3-30-3.wav,50.0,
,,,  ,"Задание начал, прием.",,avia3-30-4,avia3-30-4.wav,50.0,
31,avia3-31,ACK_PLANE_LEAVING,Самолет закончил миссию и возвращается на базу.,"Задание выполнил, убираюсь отсюда.",,avia3-31-1,avia3-31-1.wav,50.0,
,,,  ,"Все готово, я на базу.",,avia3-31-2,avia3-31-2.wav,50.0,
32,avia3-32,ACK_BEING_ATTACKED_BY_AVIATION,Боевая единица заметила вражеские самолеты,"Скорее, вижу вражеские самолеты!",,avia3-32-1,avia3-32-1.wav,50.0,
,,,  ,"Противник, противник в воздухе!",,avia3-32-2,avia3-32-2.wav,50.0,
1,train1-1,ACK_POSITIVE,Согласие. Боевая единица подчиняется некоторому приказу.,"Кочегар, выполняй.",,train1-1-1,train1-1-1.wav,50.0,
,,,  ,Да плевое дело.,,train1-1-2,train1-1-2.wav,50.0,
,,,  ,Ща будет.,,train1-1-3,train1-1-3.wav,50.0,
,,,  ,"Уже, не торопи.",,train1-1-4,train1-1-4.wav,50.0,
,,,  ,"Ну ща, ща.",,train1-1-5,train1-1-5.wav,50.0,
,,,  ,Чуток обожди.,,train1-1-6,train1-1-6.wav,50.0,
,,,  ,Пять сек.,,train1-1-7,train1-1-7.wav,50.0,
2,train1-2,ACK_NEGATIVE,Несогласие. Боевая единица не может выполнить некоторый приказ.,"Ага, ща, как же.",,train1-2-1,train1-2-1.wav,50.0,
,,,  ,"Не, не могу.",,train1-2-2,train1-2-2.wav,50.0,
,,,  ,Сам попробуй.,,train1-2-3,train1-2-3.wav,50.0,
,,,  ,Ну че ты просишь?,,train1-2-4,train1-2-4.wav,50.0,
3,train1-3,ACK_SELECTED,Реакция боевой единицы на выбор ее игроком.,Ну че?,,train1-3-1,train1-3-1.wav,50.0,
,,,  ,Эт машинист.,,train1-3-2,train1-3-2.wav,50.0,
,,,  ,Состав слушает.,,train1-3-3,train1-3-3.wav,50.0,
,,,  ,"Да я, я.",,train1-3-4,train1-3-4.wav,50.0,
,,,  ,Паровоз.,,train1-3-5,train1-3-5.wav,50.0,
,,,  ,"Че, опять?",,train1-3-6,train1-3-6.wav,50.0,
,,,  ,Тута я.,,train1-3-7,train1-3-7.wav,50.0,
,,,  ,Поезд.,,train1-3-8,train1-3-8.wav,50.0,
,,,  ,Поезд на связи.,,train1-3-9,train1-3-9.wav,50.0,
4,train1-4,ACK_INVALID_TARGET,"Боевая единица не может навестись на некоторую цель, по причинам не указазанным в остальных фразах. ",Цель-то где?,,train1-4-1,train1-4-1.wav,50.0,
,,,  ,"Не, этому мы не ученые.",,train1-4-2,train1-4-2.wav,50.0,
5,train1-5,ACK_DONT_SEE_THE_ENEMY,Боевая единица не видит цель и отказывается стрелять по ней.,Ниче не вижу.,,train1-5-1,train1-5-1.wav,50.0,
,,,  ,Да по кому стрелять-то?,,train1-5-2,train1-5-2.wav,50.0,
6,train1-6,ACK_NOT_IN_ATTACK_ANGLE,Цель вне горизонталного сектора обстрела. Боевая цель не может повернуться в нужном направлении.,"Тут тебе не дорога, рельсы не повернешь!",,train1-6-1,train1-6-1.wav,50.0,
,,,  ,"Не, на этом перегоне поворота нет.",,train1-6-2,train1-6-2.wav,50.0,
7,train1-7,ACK_NOT_IN_FIRE_RANGE,Цель слишком далеко или слишком близко. Боевая единица отказывается атаковать. ,"Не, отсюда не попасть.",,train1-7-1,train1-7-1.wav,50.0,
,,,  ,Двигаем в другое место.,,train1-7-2,train1-7-2.wav,50.0,
8,train1-8,ACK_NO_AMMO,Отказ атаковать - закончились боеприпасы. ,"Ты че, сдурел? Нечем!",,train1-8-1,train1-8-1.wav,50.0,
,,,  ,"Ша, без снарядов кранты!",,train1-8-2,train1-8-2.wav,50.0,
,,,  ,Снаряды-то тю!,,train1-8-3,train1-8-3.wav,50.0,
9,train1-9,ACK_CANNOT_PIERCE,Боевая единица не может в принципе пробить защиту цели и отказывается стрелять так как это бесполезно. ,Слишком долго ковыряться будем.,,train1-9-1,train1-9-1.wav,50.0,
,,,  ,"Да ты че, не пробить же!",,train1-9-2,train1-9-2.wav,50.0,
,,,  ,Там ж броня - три метра!,,train1-9-3,train1-9-3.wav,50.0,
10,train1-10,ACK_BORED_ATTACK,Периодичекие фразы во ходе атаки. ,Вали козлов!,,train1-10-1,train1-10-1.wav,50.0,
,,,  ,"Че, не нравится?",,train1-10-2,train1-10-2.wav,50.0,
,,,  ,"Подавись, морда шелупонная!",,train1-10-3,train1-10-3.wav,50.0,
,,,  ,Вали их!,,train1-10-4,train1-10-4.wav,50.0,
11,train1-11,ACK_CANNOT_MOVE_TRACK_DAMAGED,"Колесо или гусеница повреждены, боевая единица отказывается двигаться или атаковать. ","Все, колесная пара полетела.",,train1-11-1,train1-11-1.wav,50.0,
,,,  ,"Паровоз накрыли, стоим.",,train1-11-2,train1-11-2.wav,50.0,
12,train1-12,ACK_BORED_LOW_AMMO,У боевой единицы боеприпасы подходят к концу. ,Погнали в депо за снарядами!,,train1-12-1,train1-12-1.wav,50.0,
,,,  ,"Э, скоро стрелять нечем будет.",,train1-12-2,train1-12-2.wav,50.0,
,,,  ,Откуда снаряды-то брать?,,train1-12-3,train1-12-3.wav,50.0,
13,train1-13,ACK_BORED_IDLE,Боевая единица ничем не занята и скучает. Нет действия в течение долгого времени. ,В чику срубимся?,,train1-13-1,train1-13-1.wav,50.0,
,,,  ,"Че, интеллихенция думает?",,train1-13-2,train1-13-2.wav,50.0,
,,,  ,Скукотища у вас тут...,,train1-13-3,train1-13-3.wav,50.0,
,,,  ,Тоска...,,train1-13-4,train1-13-4.wav,50.0,
14,train1-14,ACK_BORED_LOW_HIT_POINTS,Убоевой единицы осталось мало здоровья или прочности. ,"Э, так и завалить могут.",,train1-14-1,train1-14-1.wav,50.0,
,,,  ,Дело дрянь.,,train1-14-2,train1-14-2.wav,50.0,
,,,  ,Попишут же!,,train1-14-3,train1-14-3.wav,50.0,
15,train1-15,ACK_SELECTION_TO_MUCH,Боевая единица была многократно выбрана подряд. ,"Мурка, ты мой муреночек!",,train1-15-1,train1-15-1.wav,50.0,
,,,  ,Че зенки-то повылуплял?,,train1-15-2,train1-15-2.wav,50.0,
,,,  ,"Ниче мы пломбы не трогали, знать ниче не знаем.",,train1-15-3,train1-15-3.wav,50.0,
16,train1-16,ACK_KILLED_ENEMY,Боевая единица уничожила врага. ,Готовчик!,,train1-16-1,train1-16-1.wav,50.0,
,,,  ,Выкуси!,,train1-16-2,train1-16-2.wav,50.0,
,,,  ,О как я его!,,train1-16-3,train1-16-3.wav,50.0,
,,,  ,Точнячок!,,train1-16-4,train1-16-4.wav,50.0,
,,,  ,"Вот тебе, мурло.",,train1-16-5,train1-16-5.wav,50.0,
18,train1-18,DIED,Боевая единица погибла. Последние слова. ,Какого?..,,train1-18-1,train1-18-1.wav,50.0,
,,,  ,Как фишка-то легла...,,train1-18-2,train1-18-2.wav,50.0,
,,,  ,"Дяденька, не надо...",,train1-18-3,train1-18-3.wav,50.0,
,,,  ,"Ой, больно-то как...",,train1-18-4,train1-18-4.wav,50.0,
,,,  ,(клокотание крови в горле),,train1-18-5,train1-18-5.wav,50.0,
,,,,(крик),,train1-18-6,train1-18-6.wav,50.0,
,,,,(крик),,train1-18-7,train1-18-7.wav,50.0,
,,,,(крик),,train1-18-8,train1-18-8.wav,50.0,
,,,,(крик),,train1-18-9,train1-18-9.wav,50.0,
,,,,(крик),,train1-18-10,train1-18-10.wav,50.0,
19,train1-19,ACK_MOVE_END,Боевая единица закончила длительное перемещение вне поля зрения игрока. ,"Эт паровоз, мы на месте.",,train1-19-1,train1-19-1.wav,50.0,
,,,  ,"Эт мы, прибыли.",,train1-19-2,train1-19-2.wav,50.0,
20,train1-20,ACK_UNDER_ATTACK,Боевая единица подверглась нападению. ,Ну ниче себе!,,train1-20-1,train1-20-1.wav,50.0,
,,,  ,Тут шмаляют!,,train1-20-2,train1-20-2.wav,50.0,
,,,  ,Стреляют же!,,train1-20-3,train1-20-3.wav,50.0,
21,train1-21,ACK_ENEMY_FOUND,Боевая единица обнаружила врага,"А, нечисть!",,train1-21-1,train1-21-1.wav,50.0,
,,,  ,"Во, вражина прет!",,train1-21-2,train1-21-2.wav,50.0,
22,train1-22,ACK_ORDER_FINISHED,Боевая единица закончила выполнение приказа,"Ну все, баста!",,train1-22-1,train1-22-1.wav,50.0,
,,,  ,"Все, гаси машину.",,train1-22-2,train1-22-2.wav,50.0,
23,train1-23,ACK_REINFORCEMENT_ARRIVED,Боевая единица докладывает о прибытии в составе подкрепления,Паровоз прибыл.,,train1-23-1,train1-23-1.wav,50.0,
,,,  ,Состав доставлен.,,train1-23-2,train1-23-2.wav,50.0,
32,train1-32,ACK_BEING_ATTACKED_BY_AVIATION,Боевая единица заметила вражеские самолеты,Воздушная тревога!,,train1-32-1,train1-32-1.wav,50.0,
,,,  ,"Это самолеты, добавь пара!",,train1-32-2,train1-32-2.wav,50.0,
1,sea1-1,ACK_POSITIVE,Согласие. Боевая единица подчиняется некоторому приказу.,Флот приказ понял!,,sea1-1-1,sea1-1-1.wav,50.0,
,,,  ,"Морячки, за дело!",,sea1-1-2,sea1-1-2.wav,50.0,
,,,  ,"Эх, навались!",,sea1-1-3,sea1-1-3.wav,50.0,
,,,  ,На всех парах!,,sea1-1-4,sea1-1-4.wav,50.0,
,,,  ,"Команда, выполняй!",,sea1-1-5,sea1-1-5.wav,50.0,
,,,  ,"Эскадра, готовсь!",,sea1-1-6,sea1-1-6.wav,50.0,
,,,  ,"Флот, выполнять приказ!",,sea1-1-7,sea1-1-7.wav,50.0,
2,sea1-2,ACK_NEGATIVE,Несогласие. Боевая единица не может выполнить некоторый приказ.,"Стоп! Бред какой-то, а не приказ!",,sea1-2-1,sea1-2-1.wav,50.0,
,,,  ,Это даже флот не выполнит!,,sea1-2-2,sea1-2-2.wav,50.0,
,,,  ,Ну и что это за приказ?,,sea1-2-3,sea1-2-3.wav,50.0,
,,,  ,Что там опять придумали сухопутные крысы?,,sea1-2-4,sea1-2-4.wav,5.0,
3,sea1-3,ACK_SELECTED,Реакция боевой единицы на выбор ее игроком.,"Да, командор!",,sea1-3-1,sea1-3-1.wav,50.0,
,,,  ,Это ВМС!,,sea1-3-2,sea1-3-2.wav,50.0,
,,,  ,Красный Флот!,,sea1-3-3,sea1-3-3.wav,50.0,
,,,  ,Корабль на связи!,,sea1-3-4,sea1-3-4.wav,50.0,
,,,  ,"Командор, мы готовы!",,sea1-3-5,sea1-3-5.wav,50.0,
,,,  ,"Есть, товарищ адмирал!",,sea1-3-6,sea1-3-6.wav,50.0,
,,,  ,"Да, тысяча чертей!",,sea1-3-7,sea1-3-7.wav,50.0,
,,,  ,Адмирал!?,,sea1-3-8,sea1-3-8.wav,50.0,
,,,  ,ВМС слушают!,,sea1-3-9,sea1-3-9.wav,50.0,
4,sea1-4,ACK_INVALID_TARGET,"Боевая единица не может навестись на некоторую цель, по причинам не указазанным в остальных фразах. ",Указанная цель вне досягаемости.,,sea1-4-1,sea1-4-1.wav,50.0,
,,,  ,Да не сможем мы.,,sea1-4-2,sea1-4-2.wav,50.0,
5,sea1-5,ACK_DONT_SEE_THE_ENEMY,Боевая единица не видит цель и отказывается стрелять по ней.,Хм... Ничего не вижу за бортом.,,sea1-5-1,sea1-5-1.wav,50.0,
,,,  ,Где моя подзорная труба?,,sea1-5-2,sea1-5-2.wav,50.0,
6,sea1-6,ACK_NOT_IN_ATTACK_ANGLE,Цель вне горизонталного сектора обстрела. Боевая цель не может повернуться в нужном направлении.,Нужно менять курс.,,sea1-6-1,sea1-6-1.wav,50.0,
,,,  ,"Командор, давай приказ на разворот.",,sea1-6-2,sea1-6-2.wav,50.0,
7,sea1-7,ACK_NOT_IN_FIRE_RANGE,Цель слишком далеко или слишком близко. Боевая единица отказывается атаковать. ,Нужно отойти в другой квадрат.,,sea1-7-1,sea1-7-1.wav,50.0,
,,,  ,Отсюда дать залп невозможно!,,sea1-7-2,sea1-7-2.wav,50.0,
8,sea1-8,ACK_NO_AMMO,Отказ атаковать - закончились боеприпасы. ,Трюмы пустые!,,sea1-8-1,sea1-8-1.wav,50.0,
,,,  ,"Нет снарядов, командор!",,sea1-8-2,sea1-8-2.wav,50.0,
,,,  ,"Лучше отчаливать, стрелять нечем.",,sea1-8-3,sea1-8-3.wav,50.0,
,,,  ,"Капитан, пора в порт за снарядами.",,sea1-8-4,sea1-8-4.wav,50.0,
,,,  ,Ни одного снаряда в трюмах!,,sea1-8-5,sea1-8-5.wav,50.0,
,,,  ,"Ну да, каракатицами заряжать?",,sea1-8-6,sea1-8-6.wav,50.0,
9,sea1-9,ACK_CANNOT_PIERCE,Боевая единица не может в принципе пробить защиту цели и отказывается стрелять так как это бесполезно. ,Крепкая раковина.,,sea1-9-1,sea1-9-1.wav,50.0,
,,,  ,"Не, не пробьем.",,sea1-9-2,sea1-9-2.wav,50.0,
,,,  ,Лучше пусть флагман своим калибром попробует.,,sea1-9-3,sea1-9-3.wav,5.0,
10,sea1-10,ACK_BORED_ATTACK,Периодичекие фразы во ходе атаки. ,Залп!,,sea1-10-1,sea1-10-1.wav,50.0,
,,,  ,Всеми бортовыми!,,sea1-10-2,sea1-10-2.wav,50.0,
,,,  ,"Навались, морячки, навались!",,sea1-10-3,sea1-10-3.wav,50.0,
,,,  ,За Севастополь!,,sea1-10-4,sea1-10-4.wav,50.0,
12,sea1-12,ACK_BORED_LOW_AMMO,У боевой единицы боеприпасы подходят к концу. ,"Командор, кончаются снаряды.",,sea1-12-1,sea1-12-1.wav,50.0,
,,,  ,Где корабли снабжения?,,sea1-12-2,sea1-12-2.wav,50.0,
,,,  ,Скоро придется стрелять молюсками.,,sea1-12-3,sea1-12-3.wav,50.0,
13,sea1-13,ACK_BORED_IDLE,Боевая единица ничем не занята и скучает. Нет действия в течение долгого времени. ,Надраить палубу!,,sea1-13-1,sea1-13-1.wav,50.0,
,,,  ,Какой штиль стоит...,,sea1-13-2,sea1-13-2.wav,50.0,
,,,  ,"Говорят, у фашистов есть новая подлодка...",,sea1-13-3,sea1-13-3.wav,50.0,
,,,  ,А на гражданке я аж на Гаити ходил.,,sea1-13-4,sea1-13-4.wav,50.0,
14,sea1-14,ACK_BORED_LOW_HIT_POINTS,Убоевой единицы осталось мало здоровья или прочности. ,"Дьявол, трюм заливает!",,sea1-14-1,sea1-14-1.wav,50.0,
,,,  ,У нас пробоины по обоим бортам!,,sea1-14-2,sea1-14-2.wav,50.0,
,,,  ,Готовьте шлюпки!,,sea1-14-3,sea1-14-3.wav,50.0,
15,sea1-15,ACK_SELECTION_TO_MUCH,Боевая единица была многократно выбрана подряд. ,Ты сколько склянок пробил?,,sea1-15-1,sea1-15-1.wav,50.0,
,,,  ,"Что, подлодки?.. А, фу, показалось.",,sea1-15-2,sea1-15-2.wav,50.0,
,,,  ,У кого воротничок грязный? У меня?,,sea1-15-3,sea1-15-3.wav,50.0,
16,sea1-16,ACK_KILLED_ENEMY,Боевая единица уничожила врага. ,На корм акулам!,,sea1-16-1,sea1-16-1.wav,50.0,
,,,  ,"Так вам, крысы!",,sea1-16-2,sea1-16-2.wav,50.0,
,,,  ,"Получите, тысяча чертей!",,sea1-16-3,sea1-16-3.wav,50.0,
,,,  ,"Ха, куда вам с ВМС тягаться!",,sea1-16-4,sea1-16-4.wav,50.0,
,,,  ,"Да, клянусь своей бескозыркой!",,sea1-16-5,sea1-16-5.wav,50.0,
18,sea1-18,DIED,Боевая единица погибла. Последние слова. ,Спасайся кто может!,,sea1-18-1,sea1-18-1.wav,50.0,
,,,  ,Мы идем на дно!,,sea1-18-2,sea1-18-2.wav,50.0,
,,,  ,Тонем!,,sea1-18-3,sea1-18-3.wav,50.0,
,,,  ,Пробоина ниже ватерлинии!,,sea1-18-4,sea1-18-4.wav,50.0,
,,,  ,Шлюпки на воду!,,sea1-18-5,sea1-18-5.wav,50.0,
,,,,(крик),,sea1-18-6,sea1-18-6.wav,50.0,
,,,,(крик),,sea1-18-7,sea1-18-7.wav,50.0,
,,,,(крик),,sea1-18-8,sea1-18-8.wav,50.0,
,,,,(крик),,sea1-18-9,sea1-18-9.wav,50.0,
,,,,(крик),,sea1-18-10,sea1-18-10.wav,50.0,
19,sea1-19,ACK_MOVE_END,Боевая единица закончила длительное перемещение вне поля зрения игрока. ,Корабль на месте!,,sea1-19-1,sea1-19-1.wav,50.0,
,,,  ,Мы в расчетном квадрате!,,sea1-19-2,sea1-19-2.wav,50.0,
20,sea1-20,ACK_UNDER_ATTACK,Боевая единица подверглась нападению. ,"По нам стреляют, якорь вам!",,sea1-20-1,sea1-20-1.wav,50.0,
,,,  ,Ложись на другой галс!,,sea1-20-2,sea1-20-2.wav,50.0,
,,,  ,Враг по борту!,,sea1-20-3,sea1-20-3.wav,50.0,
21,sea1-21,ACK_ENEMY_FOUND,Боевая единица обнаружила врага,Враг на горизонте!,,sea1-21-1,sea1-21-1.wav,50.0,
,,,  ,А чьи это там черные плавники?,,sea1-21-2,sea1-21-2.wav,50.0,
22,sea1-22,ACK_ORDER_FINISHED,Боевая единица закончила выполнение приказа,"Командор, приказ выполнен!",,sea1-22-1,sea1-22-1.wav,50.0,
,,,  ,"Товарищ адмирал, готово!",,sea1-22-2,sea1-22-2.wav,50.0,
23,sea1-23,ACK_REINFORCEMENT_ARRIVED,Боевая единица докладывает о прибытии в составе подкрепления,Морские волки прибыли!,,sea1-23-1,sea1-23-1.wav,50.0,
,,,  ,"А вот и мы, морячки!",,sea1-23-2,sea1-23-2.wav,50.0,
32,sea1-32,ACK_BEING_ATTACKED_BY_AVIATION,Боевая единица заметила вражеские самолеты,"Воздух, воздух!",,sea1-32-1,sea1-32-1.wav,50.0,
,,,  ,Запрашивай зенитный огонь!,,sea1-32-2,sea1-32-2.wav,50.0,
1,SPG1-1,ACK_POSITIVE,Согласие. Боевая единица подчиняется некоторому приказу.,Хорошо.,,SPG1-1-1,SPG1-1-1.wav,50.0,
,,,  ,Выполним.,,SPG1-1-2,SPG1-1-2.wav,50.0,
,,,  ,Постараемся.,,SPG1-1-3,SPG1-1-3.wav,50.0,
,,,  ,Штурмовики вас поняли.,,SPG1-1-4,SPG1-1-4.wav,50.0,
,,,  ,"Это САУ, сейчас выполним.",,SPG1-1-5,SPG1-1-5.wav,50.0,
,,,  ,"Ладно, сделаем.",,SPG1-1-6,SPG1-1-6.wav,50.0,
,,,  ,"Ладно, немного подождите.",,SPG1-1-7,SPG1-1-7.wav,50.0,
2,SPG1-2,ACK_NEGATIVE,Несогласие. Боевая единица не может выполнить некоторый приказ.,Не выйдет.,,SPG1-2-1,SPG1-2-1.wav,50.0,
,,,  ,"Это САУ, никак невозможно.",,SPG1-2-2,SPG1-2-2.wav,50.0,
,,,  ,"Мы бы с радостью, но как?",,SPG1-2-3,SPG1-2-3.wav,50.0,
,,,  ,"Ну нет, так нельзя.",,SPG1-2-4,SPG1-2-4.wav,50.0,
3,SPG1-3,ACK_SELECTED,Реакция боевой единицы на выбор ее игроком.,Штурмовая САУ готова.,,SPG1-3-1,SPG1-3-1.wav,50.0,
,,,  ,Экипаж в полной боеготовности.,,SPG1-3-2,SPG1-3-2.wav,50.0,
,,,  ,Н-да?,,SPG1-3-3,SPG1-3-3.wav,50.0,
,,,  ,Слушаю распоряжения!,,SPG1-3-4,SPG1-3-4.wav,50.0,
,,,  ,(Вздох) Опять?,,SPG1-3-5,SPG1-3-5.wav,50.0,
,,,  ,Штурмовая установка.,,SPG1-3-6,SPG1-3-6.wav,50.0,
,,,  ,Мы тут.,,SPG1-3-7,SPG1-3-7.wav,50.0,
,,,  ,САУ слушает.,,SPG1-3-8,SPG1-3-8.wav,50.0,
,,,  ,"Что? Да, это САУ.",,SPG1-3-9,SPG1-3-9.wav,50.0,
4,SPG1-4,ACK_INVALID_TARGET,"Боевая единица не может навестись на некоторую цель, по причинам не указазанным в остальных фразах. ","Ну что вы, это невозможно.",,SPG1-4-1,SPG1-4-1.wav,50.0,
,,,  ,Зачем переть на рожон?,,SPG1-4-2,SPG1-4-2.wav,50.0,
5,SPG1-5,ACK_DONT_SEE_THE_ENEMY,Боевая единица не видит цель и отказывается стрелять по ней.,В белый свет как в яблочко?,,SPG1-5-1,SPG1-5-1.wav,50.0,
,,,  ,Отсюда не видно. Отказ в ведении огня.,,SPG1-5-2,SPG1-5-2.wav,50.0,
6,SPG1-6,ACK_NOT_IN_ATTACK_ANGLE,Цель вне горизонталного сектора обстрела. Боевая цель не может повернуться в нужном направлении.,Развернуться невозможно.,,SPG1-6-1,SPG1-6-1.wav,50.0,
,,,  ,Нужно сдать вбок.,,SPG1-6-2,SPG1-6-2.wav,50.0,
7,SPG1-7,ACK_NOT_IN_FIRE_RANGE,Цель слишком далеко или слишком близко. Боевая единица отказывается атаковать. ,Не могу я его отсюда достать.,,SPG1-7-1,SPG1-7-1.wav,50.0,
,,,  ,Тогда прошу разрешения сменить позицию.,,SPG1-7-2,SPG1-7-2.wav,50.0,
8,SPG1-8,ACK_NO_AMMO,Отказ атаковать - закончились боеприпасы. ,"Может, снарядов подвезете?",,SPG1-8-1,SPG1-8-1.wav,50.0,
,,,,"Нечем стрелять, нечем.",,SPG1-8-2,SPG1-8-2.wav,50.0,
,,,,Без боеприпасов на рожон не полезем.,,SPG1-8-3,SPG1-8-3.wav,50.0,
,,,,"А снаряды, снаряды где?",,SPG1-8-4,SPG1-8-4.wav,50.0,
,,,  ,Какой штурм без боезапаса?,,SPG1-8-5,SPG1-8-5.wav,50.0,
,,,  ,Сперва доставьте боеприпас.,,SPG1-8-6,SPG1-8-6.wav,50.0,
9,SPG1-9,ACK_CANNOT_PIERCE,Боевая единица не может в принципе пробить защиту цели и отказывается стрелять так как это бесполезно. ,"Ну да, и зарядить сразу два снаряда?! Одним не выйдет!",,SPG1-9-1,SPG1-9-1.wav,50.0,
,,,  ,"Там же броня, как у броненосца ""Потемкин""!",,SPG1-9-2,SPG1-9-2.wav,50.0,
,,,  ,На чудо надеяться? Не пробьем!,,SPG1-9-3,SPG1-9-3.wav,50.0,
10,SPG1-10,ACK_BORED_ATTACK,Периодичекие фразы во ходе атаки. ,Еще разочек!,,SPG1-10-1,SPG1-10-1.wav,50.0,
,,,  ,А вот мы тебе в бочину!,,SPG1-10-2,SPG1-10-2.wav,50.0,
,,,  ,Не любишь штурмовиков?,,SPG1-10-3,SPG1-10-3.wav,50.0,
,,,  ,"Штурмовая САУ, огонь!",,SPG1-10-4,SPG1-10-4.wav,50.0,
11,SPG1-11,ACK_CANNOT_MOVE_TRACK_DAMAGED,"Колесо или гусеница повреждены, боевая единица отказывается двигаться или атаковать. ",Нас подбили!,,SPG1-11-1,SPG1-11-1.wav,50.0,
,,,  ,Застряли...,,SPG1-11-2,SPG1-11-2.wav,50.0,
,,,  ,Ходовая повреждена!,,SPG1-11-3,SPG1-11-3.wav,50.0,
12,SPG1-12,ACK_BORED_LOW_AMMO,У боевой единицы боеприпасы подходят к концу. ,Скоро не будет снарядов.,,SPG1-12-1,SPG1-12-1.wav,50.0,
,,,  ,Последний ящик боеприпасов.,,SPG1-12-2,SPG1-12-2.wav,50.0,
,,,  ,Нам тут скоро будет нечем стрелять.,,SPG1-12-3,SPG1-12-3.wav,50.0,
13,SPG1-13,ACK_BORED_IDLE,Боевая единица ничем не занята и скучает. Нет действия в течение долгого времени. ,Ну наконец-то передышка.,,SPG1-13-1,SPG1-13-1.wav,50.0,
,,,  ,Главное: чтобы о нас подольше не вспоминали.,,SPG1-13-2,SPG1-13-2.wav,50.0,
,,,  ,"Ребят, заварим пока чайку?",,SPG1-13-3,SPG1-13-3.wav,50.0,
,,,  ,Куда я свой кисет подевал?,,SPG1-13-4,SPG1-13-4.wav,50.0,
14,SPG1-14,ACK_BORED_LOW_HIT_POINTS,Убоевой единицы осталось мало здоровья или прочности. ,"Черт, так могут и взорвать.",,SPG1-14-1,SPG1-14-1.wav,50.0,
,,,  ,Может начаться возгорание.,,SPG1-14-2,SPG1-14-2.wav,50.0,
,,,  ,Пора валить отсюда к такой-то матери.,,SPG1-14-3,SPG1-14-3.wav,50.0,
15,SPG1-15,ACK_SELECTION_TO_MUCH,Боевая единица была многократно выбрана подряд. ,Ты нам так гусеницу развалишь!,,SPG1-15-1,SPG1-15-1.wav,50.0,
,,,  ,"Думаю, неспроста это - нахлобучка будет...",,SPG1-15-2,SPG1-15-2.wav,50.0,
,,,  ,А? Ни черта в этой жестянке не слышно...,,SPG1-15-3,SPG1-15-3.wav,50.0,
16,SPG1-16,ACK_KILLED_ENEMY,Боевая единица уничожила врага. ,Отлично!,,SPG1-16-1,SPG1-16-1.wav,50.0,
,,,  ,Кто тут еще на очереди?,,SPG1-16-2,SPG1-16-2.wav,50.0,
,,,  ,Ха! Следующий!,,SPG1-16-3,SPG1-16-3.wav,50.0,
,,,  ,"Так, еще одна звездочка на броне.",,SPG1-16-4,SPG1-16-4.wav,50.0,
,,,  ,Одним врагом меньше.,,SPG1-16-5,SPG1-16-5.wav,50.0,
17,SPG1-17,ACK_BUILDING_FINISHED,Боевая единица закончила окапывание или закончила строительные работы,Штурмовая САУ окопалась.,,SPG1-17-1,SPG1-17-1.wav,50.0,
,,,  ,"Мы укрепились, ждем.",,SPG1-17-2,SPG1-17-2.wav,50.0,
18,SPG1-18,DIED,Боевая единица погибла. Последние слова. ,Все-таки нарвались...,,SPG1-18-1,SPG1-18-1.wav,50.0,
,,,  ,Нас достали...,,SPG1-18-2,SPG1-18-2.wav,50.0,
,,,  ,Для нас война закончена.,,SPG1-18-3,SPG1-18-3.wav,50.0,
,,,  ,"На этот раз, кажется, это конец.",,SPG1-18-4,SPG1-18-4.wav,50.0,
,,,  ,Доигрались...,,SPG1-18-5,SPG1-18-5.wav,50.0,
,,,,(крик),,SPG1-18-6,SPG1-18-6.wav,50.0,
,,,,(крик),,SPG1-18-7,SPG1-18-7.wav,50.0,
,,,,(крик),,SPG1-18-8,SPG1-18-8.wav,50.0,
,,,,(крик),,SPG1-18-9,SPG1-18-9.wav,50.0,
,,,,(крик),,SPG1-18-10,SPG1-18-10.wav,50.0,
19,SPG1-19,ACK_MOVE_END,Боевая единица закончила длительное перемещение вне поля зрения игрока. ,"Это штурмовые САУ, мы на месте.",,SPG1-19-1,SPG1-19-1.wav,50.0,
,,,  ,Позиция занята.,,SPG1-19-2,SPG1-19-2.wav,50.0,
20,SPG1-20,ACK_UNDER_ATTACK,Боевая единица подверглась нападению. ,Штурмовая САУ под обстрелом!,,SPG1-20-1,SPG1-20-1.wav,50.0,
,,,  ,Мы под огнем врагов!,,SPG1-20-2,SPG1-20-2.wav,50.0,
,,,  ,Враги стреляют!,,SPG1-20-3,SPG1-20-3.wav,50.0,
21,SPG1-21,ACK_ENEMY_FOUND,Боевая единица обнаружила врага,Снова эти мрази повылазили.,,SPG1-21-1,SPG1-21-1.wav,50.0,
,,,  ,Вижу врагов... хорошо вижу.,,SPG1-21-2,SPG1-21-2.wav,50.0,
22,SPG1-22,ACK_ORDER_FINISHED,Боевая единица закончила выполнение приказа,"Так, с этим покончено.",,SPG1-22-1,SPG1-22-1.wav,50.0,
,,,  ,И это задание выполнено.,,SPG1-22-2,SPG1-22-2.wav,50.0,
23,SPG1-23,ACK_REINFORCEMENT_ARRIVED,Боевая единица докладывает о прибытии в составе подкрепления,Штурмовые САУ прибыли.,,SPG1-23-1,SPG1-23-1.wav,50.0,
,,,  ,Штурмовая САУ в составе подкрепления прибыла.,,SPG1-23-2,SPG1-23-2.wav,50.0,
32,SPG1-32,ACK_BEING_ATTACKED_BY_AVIATION,Боевая единица заметила вражеские самолеты,Опять воздух.,,SPG1-32-1,SPG1-32-1.wav,50.0,
,,,  ,Вражеские птички.,,SPG1-32-2,SPG1-32-2.wav,50.0,
1,SPG2-1,ACK_POSITIVE,Согласие. Боевая единица подчиняется некоторому приказу.,"Так точно, САУ приказ приняла!",,SPG2-1-1,SPG2-1-1.wav,50.0,
,,,  ,Будет сделано немедленно!,,SPG2-1-2,SPG2-1-2.wav,50.0,
,,,  ,Вас понял!,,SPG2-1-3,SPG2-1-3.wav,50.0,
,,,  ,"Партия сказала ""надо""!",,SPG2-1-4,SPG2-1-4.wav,50.0,
,,,  ,Я лично прослежу за этим!,,SPG2-1-5,SPG2-1-5.wav,50.0,
,,,  ,САУ приступает к выполнению!,,SPG2-1-6,SPG2-1-6.wav,50.0,
,,,  ,Экипаж САУ приказ понял!,,SPG2-1-7,SPG2-1-7.wav,50.0,
2,SPG2-2,ACK_NEGATIVE,Несогласие. Боевая единица не может выполнить некоторый приказ.,Выполнение приказа невозможно!,,SPG2-2-1,SPG2-2-1.wav,50.0,
,,,  ,"Извините, повторите приказ?!",,SPG2-2-2,SPG2-2-2.wav,50.0,
,,,  ,"Товарищ командир, никак нет!",,SPG2-2-3,SPG2-2-3.wav,50.0,
,,,  ,Не могу выполнить!,,SPG2-2-4,SPG2-2-4.wav,50.0,
3,SPG2-3,ACK_SELECTED,Реакция боевой единицы на выбор ее игроком.,Да! Я слушаю!,,SPG2-3-1,SPG2-3-1.wav,50.0,
,,,  ,Товарищ командир!,,SPG2-3-2,SPG2-3-2.wav,50.0,
,,,  ,Экипаж САУ готов!,,SPG2-3-3,SPG2-3-3.wav,50.0,
,,,  ,САУ на связи!,,SPG2-3-4,SPG2-3-4.wav,50.0,
,,,  ,Противотанковая самоходная установка!,,SPG2-3-5,SPG2-3-5.wav,50.0,
,,,  ,Жду приказаний!,,SPG2-3-6,SPG2-3-6.wav,50.0,
,,,  ,Служу Советскому Союзу!,,SPG2-3-7,SPG2-3-7.wav,50.0,
,,,  ,Ваши приказы?,,SPG2-3-8,SPG2-3-8.wav,50.0,
,,,  ,"Готов выполнять, САУ!",,SPG2-3-9,SPG2-3-9.wav,50.0,
4,SPG2-4,ACK_INVALID_TARGET,"Боевая единица не может навестись на некоторую цель, по причинам не указазанным в остальных фразах. ",Приказ неясен!,,SPG2-4-1,SPG2-4-1.wav,50.0,
,,,  ,"Вы уверены, товарищ командир?",,SPG2-4-2,SPG2-4-2.wav,50.0,
5,SPG2-5,ACK_DONT_SEE_THE_ENEMY,Боевая единица не видит цель и отказывается стрелять по ней.,Враг не обнаружен!,,SPG2-5-1,SPG2-5-1.wav,50.0,
,,,  ,Требуется рекогносцировка!,,SPG2-5-2,SPG2-5-2.wav,50.0,
6,SPG2-6,ACK_NOT_IN_ATTACK_ANGLE,Цель вне горизонталного сектора обстрела. Боевая цель не может повернуться в нужном направлении.,Мы не можем развернуться!,,SPG2-6-1,SPG2-6-1.wav,50.0,
,,,  ,Враг вне сектора обстрела!,,SPG2-6-2,SPG2-6-2.wav,50.0,
7,SPG2-7,ACK_NOT_IN_FIRE_RANGE,Цель слишком далеко или слишком близко. Боевая единица отказывается атаковать. ,Вне зоны обстрела!,,SPG2-7-1,SPG2-7-1.wav,50.0,
,,,  ,Огонь с такой дистанции невозможен!,,SPG2-7-2,SPG2-7-2.wav,50.0,
8,SPG2-8,ACK_NO_AMMO,Отказ атаковать - закончились боеприпасы. ,"Нет снарядов, товарищ командир!",,SPG2-8-1,SPG2-8-1.wav,50.0,
,,,,Требую подвезти боеприпасы!,,SPG2-8-2,SPG2-8-2.wav,50.0,
,,,,"Это саботаж, нам нечем стрелять!",,SPG2-8-3,SPG2-8-3.wav,50.0,
,,,,Пополнить боезапас!,,SPG2-8-4,SPG2-8-4.wav,50.0,
,,,  ,Почему не обеспечен боезапас?,,SPG2-8-5,SPG2-8-5.wav,50.0,
,,,  ,Докладываю: у нас нет снарядов!,,SPG2-8-6,SPG2-8-6.wav,50.0,
9,SPG2-9,ACK_CANNOT_PIERCE,Боевая единица не может в принципе пробить защиту цели и отказывается стрелять так как это бесполезно. ,Слишком мощная броня!,,SPG2-9-1,SPG2-9-1.wav,50.0,
,,,  ,"Странно, противотанковые не берут.",,SPG2-9-2,SPG2-9-2.wav,50.0,
,,,  ,Требуется более крупный калибр.,,SPG2-9-3,SPG2-9-3.wav,50.0,
10,SPG2-10,ACK_BORED_ATTACK,Периодичекие фразы во ходе атаки. ,За Сталина!,,SPG2-10-1,SPG2-10-1.wav,50.0,
,,,  ,Бей вражескую нечисть!,,SPG2-10-2,SPG2-10-2.wav,50.0,
,,,  ,Партия с нами!,,SPG2-10-3,SPG2-10-3.wav,50.0,
,,,  ,Главное: не сдаваться!,,SPG2-10-4,SPG2-10-4.wav,50.0,
11,SPG2-11,ACK_CANNOT_MOVE_TRACK_DAMAGED,"Колесо или гусеница повреждены, боевая единица отказывается двигаться или атаковать. ",Машина повреждена.,,SPG2-11-1,SPG2-11-1.wav,50.0,
,,,  ,САУ повреждена!,,SPG2-11-2,SPG2-11-2.wav,50.0,
,,,  ,Нам необходим ремонт!,,SPG2-11-3,SPG2-11-3.wav,50.0,
12,SPG2-12,ACK_BORED_LOW_AMMO,У боевой единицы боеприпасы подходят к концу. ,Заканчиваются боеприпасы!,,SPG2-12-1,SPG2-12-1.wav,50.0,
,,,  ,Пора вызывать снабженцев!,,SPG2-12-2,SPG2-12-2.wav,50.0,
,,,  ,САУ требует снаряды!,,SPG2-12-3,SPG2-12-3.wav,50.0,
13,SPG2-13,ACK_BORED_IDLE,Боевая единица ничем не занята и скучает. Нет действия в течение долгого времени. ,Нет приказов - что-то со связью?,,SPG2-13-1,SPG2-13-1.wav,50.0,
,,,  ,Каковы будут дальнейшие указания?,,SPG2-13-2,SPG2-13-2.wav,50.0,
,,,  ,Экипаж САУ ждет распоряжений!,,SPG2-13-3,SPG2-13-3.wav,50.0,
,,,  ,Можно написать домой?,,SPG2-13-4,SPG2-13-4.wav,50.0,
14,SPG2-14,ACK_BORED_LOW_HIT_POINTS,Убоевой единицы осталось мало здоровья или прочности. ,Противник очень опасен!,,SPG2-14-1,SPG2-14-1.wav,50.0,
,,,  ,"Требуется помощь, мы долго не протянем!",,SPG2-14-2,SPG2-14-2.wav,50.0,
,,,  ,"Ни шагу назад, мы выстоим!",,SPG2-14-3,SPG2-14-3.wav,50.0,
15,SPG2-15,ACK_SELECTION_TO_MUCH,Боевая единица была многократно выбрана подряд. ,Партсобрание начнем с политической обстановки.,,SPG2-15-1,SPG2-15-1.wav,50.0,
,,,  ,"Федотов, когда ты дочитаешь ""Капитал"" Маркса?",,SPG2-15-2,SPG2-15-2.wav,50.0,
,,,  ,Мировая революция не за горами!,,SPG2-15-3,SPG2-15-3.wav,50.0,
16,SPG2-16,ACK_KILLED_ENEMY,Боевая единица уничожила врага. ,Цель уничтожена!,,SPG2-16-1,SPG2-16-1.wav,50.0,
,,,  ,Вражеские подонки расстреляны!,,SPG2-16-2,SPG2-16-2.wav,50.0,
,,,  ,Задача по уничтожению выполнена!,,SPG2-16-3,SPG2-16-3.wav,50.0,
,,,  ,"Получи, мразь!",,SPG2-16-4,SPG2-16-4.wav,50.0,
,,,  ,Следующая цель?,,SPG2-16-5,SPG2-16-5.wav,50.0,
17,SPG2-17,ACK_BUILDING_FINISHED,Боевая единица закончила окапывание или закончила строительные работы,Расположение САУ укреплено.,,SPG2-17-1,SPG2-17-1.wav,50.0,
,,,  ,Окапывание закончено.,,SPG2-17-2,SPG2-17-2.wav,50.0,
18,SPG2-18,DIED,Боевая единица погибла. Последние слова. ,Партбилет... сохраните...,,SPG2-18-1,SPG2-18-1.wav,50.0,
,,,  ,"Товарищи, стойте до конца!",,SPG2-18-2,SPG2-18-2.wav,50.0,
,,,  ,(хрип),,SPG2-18-3,SPG2-18-3.wav,50.0,
,,,  ,Родина нас не забудет...,,SPG2-18-4,SPG2-18-4.wav,50.0,
,,,  ,(стон),,SPG2-18-5,SPG2-18-5.wav,50.0,
,,,,(крик),,SPG2-18-6,SPG2-18-6.wav,50.0,
,,,,(крик),,SPG2-18-7,SPG2-18-7.wav,50.0,
,,,,(крик),,SPG2-18-8,SPG2-18-8.wav,50.0,
,,,,(крик),,SPG2-18-9,SPG2-18-9.wav,50.0,
,,,,(крик),,SPG2-18-10,SPG2-18-10.wav,50.0,
19,SPG2-19,ACK_MOVE_END,Боевая единица закончила длительное перемещение вне поля зрения игрока. ,"Командир, мы на позиции!",,SPG2-19-1,SPG2-19-1.wav,50.0,
,,,  ,Вышли на расчетную позицию!,,SPG2-19-2,SPG2-19-2.wav,50.0,
20,SPG2-20,ACK_UNDER_ATTACK,Боевая единица подверглась нападению. ,Мы под обстрелом!,,SPG2-20-1,SPG2-20-1.wav,50.0,
,,,  ,Атакованы врагом!,,SPG2-20-2,SPG2-20-2.wav,50.0,
,,,  ,По нам ведется огонь!,,SPG2-20-3,SPG2-20-3.wav,50.0,
21,SPG2-21,ACK_ENEMY_FOUND,Боевая единица обнаружила врага,Обнаружен противник!,,SPG2-21-1,SPG2-21-1.wav,50.0,
,,,  ,Вижу вражескую сволочь!,,SPG2-21-2,SPG2-21-2.wav,50.0,
22,SPG2-22,ACK_ORDER_FINISHED,Боевая единица закончила выполнение приказа,Ваши приказания выполнены!,,SPG2-22-1,SPG2-22-1.wav,50.0,
,,,  ,Готовы к дальнейшей службе!,,SPG2-22-2,SPG2-22-2.wav,50.0,
23,SPG2-23,ACK_REINFORCEMENT_ARRIVED,Боевая единица докладывает о прибытии в составе подкрепления,Экипаж САУ к службе готов!,,SPG2-23-1,SPG2-23-1.wav,50.0,
,,,  ,В ваше распоряжение прибыли!,,SPG2-23-2,SPG2-23-2.wav,50.0,
32,SPG2-32,ACK_BEING_ATTACKED_BY_AVIATION,Боевая единица заметила вражеские самолеты,Вижу вражескую авиацию!,,SPG2-32-1,SPG2-32-1.wav,50.0,
,,,,"Тревога, воздух!",,SPG2-32-2,SPG2-32-2.wav,50.0,
