// Generated from MapEditor.rc by scripts/port/rc2bitmaps.py.
//
// The editor's bitmaps, which were Win32 BITMAP resources until the PE
// resource section stopped being available on every platform the editor
// builds for. This file is the source now.
//
// Each array is a whole .bmp file rather than the headerless DIB a
// RT_BITMAP held, so wx's own BMP reader takes it as it stands.

#include "stdafx.h"

#include "ResourceDefines.h"
#include "MapEditorLib/Resources.h"

namespace
{
	// toolbar_main.bmp, 758 bytes.
	const unsigned char DATA_IDT_MAIN[] =
	{
		0x42, 0x4D, 0xF6, 0x02, 0x00, 0x00, 0x00, 0x00, 0x00, 0x00, 0x76, 0x00, 0x00, 0x00, 0x28, 0x00,
		0x00, 0x00, 0x50, 0x00, 0x00, 0x00, 0x10, 0x00, 0x00, 0x00, 0x01, 0x00, 0x04, 0x00, 0x00, 0x00,
		0x00, 0x00, 0x80, 0x02, 0x00, 0x00, 0x00, 0x00, 0x00, 0x00, 0x00, 0x00, 0x00, 0x00, 0x10, 0x00,
		0x00, 0x00, 0x10, 0x00, 0x00, 0x00, 0x00, 0x00, 0x00, 0x00, 0x00, 0x00, 0x80, 0x00, 0x00, 0x80,
		0x00, 0x00, 0x00, 0x80, 0x80, 0x00, 0x80, 0x00, 0x00, 0x00, 0x80, 0x00, 0x80, 0x00, 0x80, 0x80,
		0x00, 0x00, 0xC0, 0xC0, 0xC0, 0x00, 0x80, 0x80, 0x80, 0x00, 0x00, 0x00, 0xFF, 0x00, 0x00, 0xFF,
		0x00, 0x00, 0x00, 0xFF, 0xFF, 0x00, 0xFF, 0x00, 0x00, 0x00, 0xFF, 0x00, 0xFF, 0x00, 0xFF, 0xFF,
		0x00, 0x00, 0xFF, 0xFF, 0xFF, 0x00, 0x77, 0x00, 0x00, 0x00, 0x00, 0x77, 0x77, 0x77, 0x77, 0x77,
		0x77, 0x77, 0x77, 0x77, 0x77, 0x77, 0x77, 0x77, 0x77, 0x77, 0x77, 0x77, 0x77, 0x77, 0x77, 0x77,
		0x77, 0x77, 0x77, 0x77, 0x77, 0x77, 0x77, 0x70, 0x00, 0x00, 0x00, 0x00, 0x88, 0x0F, 0x77, 0x8F,
		0xFF, 0xFF, 0xF0, 0x77, 0x77, 0x77, 0x77, 0x77, 0x77, 0x77, 0x77, 0x77, 0x77, 0x77, 0x77, 0x77,
		0x77, 0x77, 0x77, 0x77, 0x77, 0x77, 0x77, 0x00, 0x00, 0x00, 0x00, 0x00, 0x00, 0x07, 0x00, 0x00,
		0x8F, 0x66, 0x67, 0x77, 0x70, 0xF0, 0x00, 0x8F, 0x44, 0x44, 0xF0, 0x77, 0x77, 0x77, 0x00, 0x00,
		0x00, 0x00, 0x00, 0x07, 0x77, 0x77, 0x00, 0x00, 0x00, 0x00, 0x00, 0x07, 0x77, 0x77, 0x70, 0x33,
		0x00, 0x00, 0x00, 0x77, 0x03, 0x07, 0x07, 0x70, 0x00, 0x00, 0x07, 0x00, 0x70, 0xF0, 0x8B, 0x8F,
		0xFF, 0xFF, 0xF0, 0x00, 0x00, 0x00, 0x00, 0x88, 0x88, 0x88, 0x88, 0x80, 0x77, 0x77, 0x00, 0x33,
		0x33, 0x33, 0x33, 0x30, 0x77, 0x77, 0x70, 0x33, 0x00, 0x00, 0x00, 0x77, 0x03, 0x07, 0x07, 0x70,
		0x7F, 0x66, 0x67, 0x0F, 0x0F, 0x07, 0x8F, 0x8F, 0x44, 0x44, 0xF0, 0xF7, 0xF7, 0xF0, 0x0B, 0x08,
		0x88, 0x88, 0x88, 0x88, 0x07, 0x77, 0x0F, 0x03, 0x33, 0x33, 0x33, 0x33, 0x07, 0x77, 0x70, 0x33,
		0x00, 0x00, 0x00, 0x77, 0x03, 0x07, 0x07, 0x70, 0x00, 0x00, 0x07, 0x0F, 0xFF, 0x00, 0x8B, 0x8F,
		0xFF, 0xFF, 0xF0, 0x7F, 0x7F, 0x70, 0x0F, 0xB0, 0x88, 0x88, 0x88, 0x88, 0x80, 0x77, 0x0B, 0xF0,
		0x33, 0x33, 0x33, 0x33, 0x30, 0x77, 0x70, 0x33, 0x00, 0x00, 0x00, 0x00, 0x03, 0x07, 0x07, 0x70,
		0x7F, 0x66, 0x67, 0x0F, 0xFF, 0xF0, 0x8F, 0x8F, 0x44, 0x44, 0xF0, 0xF7, 0xF7, 0xF0, 0x0B, 0xFB,
		0x08, 0x88, 0x88, 0x88, 0x88, 0x07, 0x0F, 0xBF, 0x03, 0x33, 0x33, 0x33, 0x33, 0x07, 0x70, 0x33,
		0x33, 0x33, 0x33, 0x33, 0x33, 0x07, 0x07, 0x70, 0x00, 0x00, 0x07, 0x0F, 0xFF, 0x07, 0x8B, 0x8F,
		0xFF, 0xFF, 0xF0, 0x7F, 0x7F, 0x70, 0x0F, 0xBF, 0xB0, 0x00, 0x00, 0x00, 0x00, 0x07, 0x0B, 0xF7,
		0x60, 0x00, 0x00, 0x00, 0x00, 0x07, 0x70, 0x33, 0x00, 0x00, 0x00, 0x00, 0x33, 0x07, 0x07, 0x70,
		0x7F, 0x66, 0x67, 0x0F, 0xF0, 0x87, 0xB7, 0x88, 0xFB, 0x88, 0x80, 0xF7, 0xF7, 0xF0, 0x0B, 0xFB,
		0xFB, 0xFB, 0xFB, 0x07, 0x77, 0x77, 0x0F, 0xB6, 0x6C, 0x22, 0x24, 0xC4, 0x87, 0x77, 0x70, 0x30,
		0x77, 0x77, 0x77, 0x77, 0x03, 0x07, 0x07, 0x70, 0x00, 0x00, 0x07, 0x0F, 0x07, 0x07, 0x8F, 0x78,
		0xBF, 0xF8, 0xFF, 0x7F, 0x7F, 0x70, 0x0F, 0xBF, 0xBF, 0xBF, 0xBF, 0x07, 0x77, 0x77, 0x0B, 0xF6,
		0xC6, 0x22, 0x24, 0x22, 0x47, 0x77, 0x70, 0x30, 0x77, 0x77, 0x77, 0x77, 0x03, 0x07, 0x07, 0x70,
		0x7F, 0x66, 0x67, 0x00, 0x77, 0x07, 0x77, 0xB8, 0xF8, 0x88, 0xFF, 0xFF, 0xF7, 0xF0, 0x0B, 0xFB,
		0x00, 0x00, 0x00, 0x07, 0x77, 0x77, 0x0F, 0xBC, 0xE7, 0xCC, 0xCC, 0x22, 0xC7, 0x77, 0x70, 0x30,
		0x77, 0x77, 0x77, 0x77, 0x03, 0x07, 0x07, 0x00, 0x00, 0x00, 0x07, 0x77, 0x77, 0x07, 0x88, 0x8F,
		0xBB, 0xFF, 0xFF, 0xFF, 0x7F, 0x70, 0x70, 0x00, 0x77, 0x77, 0x77, 0x77, 0x00, 0x07, 0x70, 0x07,
		0xEE, 0x72, 0x22, 0x22, 0x87, 0x77, 0x70, 0x30, 0x77, 0x77, 0x77, 0x77, 0x03, 0x07, 0x07, 0x0F,
		0xF0, 0x77, 0x77, 0x77, 0x77, 0x07, 0xBF, 0x8B, 0xF8, 0xBF, 0xFF, 0xFF, 0xF7, 0xF0, 0x77, 0x77,
		0x77, 0x77, 0x77, 0x77, 0x70, 0x07, 0x77, 0x77, 0x7E, 0xE7, 0x22, 0x2C, 0x77, 0x77, 0x70, 0x30,
		0x77, 0x77, 0x77, 0x77, 0x00, 0x07, 0x07, 0x0F, 0xF0, 0x77, 0x77, 0x77, 0x77, 0x07, 0x78, 0xB8,
		0xB7, 0x8B, 0x44, 0x44, 0x44, 0x44, 0x77, 0x77, 0x77, 0x77, 0x07, 0x77, 0x07, 0x07, 0x77, 0x77,
		0x7C, 0x72, 0x22, 0x27, 0x77, 0x77, 0x70, 0x30, 0x77, 0x77, 0x77, 0x77, 0x07, 0x07, 0x07, 0x00,
		0x00, 0x77, 0x77, 0x77, 0x77, 0x07, 0x8B, 0x78, 0xF7, 0x78, 0x44, 0x44, 0x44, 0x44, 0x77, 0x77,
		0x77, 0x77, 0x70, 0x00, 0x77, 0x77, 0x77, 0x77, 0x77, 0x7C, 0xC8, 0x77, 0x77, 0x77, 0x70, 0x00,
		0x00, 0x00, 0x00, 0x00, 0x00, 0x07, 0x06, 0x66, 0x66, 0x66, 0x66, 0x66, 0x66, 0x07, 0xB7, 0x78,
		0xB7, 0x77, 0x77, 0x77, 0x77, 0x77, 0x77, 0x77, 0x77, 0x77, 0x77, 0x77, 0x77, 0x77, 0x77, 0x77,
		0x77, 0x77, 0x77, 0x77, 0x77, 0x77, 0x77, 0x77, 0x77, 0x77, 0x77, 0x77, 0x77, 0x77, 0x00, 0x00,
		0x00, 0x00, 0x00, 0x00, 0x00, 0x07,
	};

	// pc_types.bmp, 8054 bytes.
	const unsigned char DATA_IDB_PC_TYPES_IMAGE_LIST[] =
	{
		0x42, 0x4D, 0x76, 0x1F, 0x00, 0x00, 0x00, 0x00, 0x00, 0x00, 0x76, 0x00, 0x00, 0x00, 0x28, 0x00,
		0x00, 0x00, 0xE0, 0x03, 0x00, 0x00, 0x10, 0x00, 0x00, 0x00, 0x01, 0x00, 0x04, 0x00, 0x00, 0x00,
		0x00, 0x00, 0x00, 0x1F, 0x00, 0x00, 0x00, 0x00, 0x00, 0x00, 0x00, 0x00, 0x00, 0x00, 0x10, 0x00,
		0x00, 0x00, 0x10, 0x00, 0x00, 0x00, 0x00, 0x00, 0x00, 0x00, 0x00, 0x00, 0x80, 0x00, 0x00, 0x80,
		0x00, 0x00, 0x00, 0x80, 0x80, 0x00, 0x80, 0x00, 0x00, 0x00, 0x80, 0x00, 0x80, 0x00, 0x80, 0x80,
		0x00, 0x00, 0xC0, 0xC0, 0xC0, 0x00, 0x80, 0x80, 0x80, 0x00, 0x00, 0x00, 0xFF, 0x00, 0x00, 0xFF,
		0x00, 0x00, 0x00, 0xFF, 0xFF, 0x00, 0xFF, 0x00, 0x00, 0x00, 0xFF, 0x00, 0xFF, 0x00, 0xFF, 0xFF,
		0x00, 0x00, 0xFF, 0xFF, 0xFF, 0x00, 0xDD, 0xDD, 0xDD, 0xDD, 0xDD, 0xDD, 0xDD, 0xDD, 0xDD, 0xDD,
		0xDD, 0xDD, 0xDD, 0xDD, 0xDD, 0xDD, 0xDD, 0xDD, 0xDD, 0xDD, 0xDD, 0xDD, 0xDD, 0xDD, 0xDD, 0xDD,
		0xDD, 0xDD, 0xDD, 0xDD, 0xDD, 0xDD, 0xDD, 0xDD, 0xDD, 0xDD, 0xDD, 0xDD, 0xDD, 0xDD, 0xDD, 0xDD,
		0xDD, 0xDD, 0xDD, 0xDD, 0xDD, 0xDD, 0xDD, 0xDD, 0xDD, 0xDD, 0xDD, 0xDD, 0xDD, 0xDD, 0xDD, 0xDD,
		0xDD, 0xDD, 0xDD, 0xDD, 0xDD, 0xDD, 0xDD, 0xDD, 0xDD, 0xDD, 0xDD, 0xDD, 0xDD, 0xDD, 0xDD, 0xDD,
		0xDD, 0xDD, 0xDD, 0xDD, 0xDD, 0xDD, 0xDD, 0xDD, 0xDD, 0xDD, 0xDD, 0xDD, 0xDD, 0xDD, 0xDD, 0xDD,
		0xDD, 0xDD, 0xDD, 0xDD, 0xDD, 0xDD, 0xDD, 0xDD, 0xDD, 0xDD, 0xDD, 0xDD, 0xDD, 0xDD, 0xDD, 0xDD,
		0xDD, 0xDD, 0xDD, 0xDD, 0xDD, 0xDD, 0xDD, 0xDD, 0xDD, 0xDD, 0xDD, 0xDD, 0xDD, 0xDD, 0xDD, 0xDD,
		0xDD, 0xDD, 0xDD, 0xDD, 0xDD, 0xDD, 0xDD, 0xDD, 0xDD, 0xDD, 0xDD, 0xDD, 0xDD, 0xDD, 0xDD, 0xDD,
		0xDD, 0xDD, 0xDD, 0xDD, 0xDD, 0xDD, 0xDD, 0xDD, 0xDD, 0xDD, 0xDD, 0xDD, 0xDD, 0xDD, 0xDD, 0xDD,
		0xDD, 0xDD, 0xDD, 0xDD, 0xDD, 0xDD, 0xDD, 0xDD, 0xDD, 0xDD, 0xDD, 0xDD, 0xDD, 0xDD, 0xDD, 0xDD,
		0xDD, 0xDD, 0xDD, 0xDD, 0xDD, 0xDD, 0xDD, 0xDD, 0xDD, 0xDD, 0xDD, 0xDD, 0xDD, 0xDD, 0xDD, 0xDD,
		0xDD, 0xDD, 0xDD, 0xDD, 0xDD, 0xDD, 0xDD, 0xDD, 0xDD, 0xDD, 0xDD, 0xDD, 0xDD, 0xDD, 0xDD, 0xDD,
		0xDD, 0xDD, 0xDD, 0xDD, 0xDD, 0xDD, 0xDD, 0xDD, 0xDD, 0xDD, 0xDD, 0xDD, 0xDD, 0xDD, 0xDD, 0xDD,
		0xDD, 0xDD, 0xDD, 0xDD, 0xDD, 0xDD, 0xDD, 0xDD, 0xDD, 0xDD, 0xDD, 0xDD, 0xDD, 0xDD, 0xDD, 0xDD,
		0xDD, 0xDD, 0xDD, 0xDD, 0xDD, 0xDD, 0xDD, 0xDD, 0xDD, 0xDD, 0xDD, 0xDD, 0xDD, 0xDD, 0x00, 0x00,
		0x00, 0x00, 0x00, 0x00, 0x00, 0x00, 0x00, 0x00, 0x00, 0x00, 0x00, 0x00, 0x00, 0x00, 0x00, 0x00,
		0x00, 0x00, 0x00, 0x00, 0x00, 0x00, 0x00, 0x00, 0x00, 0x00, 0x00, 0x00, 0x00, 0x00, 0x00, 0x00,
		0x00, 0x00, 0x00, 0x00, 0x00, 0x00, 0x00, 0x00, 0x00, 0x00, 0x00, 0x00, 0x00, 0x00, 0x00, 0x00,
		0x00, 0x00, 0x00, 0x00, 0x00, 0x00, 0x00, 0x00, 0x00, 0x00, 0x00, 0x00, 0x00, 0x00, 0x00, 0x00,
		0x00, 0x00, 0x00, 0x00, 0x00, 0x00, 0x00, 0x00, 0x00, 0x00, 0x00, 0x00, 0x00, 0x00, 0x00, 0x00,
		0x00, 0x00, 0x00, 0x00, 0x00, 0x00, 0x00, 0x00, 0x00, 0x00, 0x00, 0x00, 0x00, 0x00, 0x00, 0x00,
		0x00, 0x00, 0x00, 0x00, 0x00, 0x00, 0x00, 0x00, 0x00, 0x00, 0x00, 0x00, 0x00, 0x00, 0x00, 0x00,
		0x00, 0x00, 0x00, 0x00, 0x00, 0x00, 0x00, 0x00, 0x00, 0x00, 0x00, 0x00, 0x00, 0x00, 0x00, 0x00,
		0x00, 0x00, 0x00, 0x00, 0x00, 0x00, 0x00, 0x00, 0x00, 0x00, 0x00, 0x00, 0x00, 0x00, 0x00, 0x00,
		0x00, 0x00, 0x00, 0x00, 0x00, 0x00, 0x00, 0x00, 0x00, 0x00, 0x00, 0x00, 0x00, 0x00, 0x00, 0x00,
		0x00, 0x00, 0x00, 0x00, 0x00, 0x00, 0x00, 0x00, 0x00, 0x00, 0x00, 0x00, 0x00, 0x00, 0x00, 0x00,
		0x00, 0x00, 0x00, 0x00, 0x00, 0x00, 0x00, 0x00, 0x00, 0x00, 0x00, 0x00, 0x00, 0x00, 0x00, 0x00,
		0x00, 0x00, 0x00, 0x00, 0x00, 0x00, 0x00, 0x00, 0x00, 0x00, 0x00, 0x00, 0x00, 0x00, 0x00, 0x00,
		0x00, 0x00, 0x00, 0x00, 0x00, 0x00, 0x00, 0x00, 0x00, 0x00, 0x00, 0x00, 0x00, 0x00, 0x00, 0x00,
		0x00, 0x00, 0x00, 0x00, 0x00, 0x00, 0x00, 0x00, 0x00, 0x00, 0x00, 0x00, 0x00, 0x00, 0x00, 0x00,
		0x00, 0x00, 0x00, 0x00, 0x00, 0x00, 0xDD, 0xDD, 0xDD, 0xDD, 0xDD, 0xDD, 0xDD, 0xDD, 0xDD, 0xDD,
		0xDD, 0xDD, 0xDD, 0xDD, 0xDD, 0xDD, 0xDD, 0xDD, 0xDD, 0xDD, 0xDD, 0xDD, 0xDD, 0xDD, 0xDD, 0xDD,
		0xDD, 0xDD, 0xDD, 0xDD, 0xDD, 0xDD, 0xDD, 0xDD, 0xDD, 0xDD, 0xDD, 0xDD, 0xDD, 0xDD, 0xDD, 0xDD,
		0xDD, 0xDD, 0xDD, 0xDD, 0xDD, 0xDD, 0xDD, 0xDD, 0xDD, 0xDD, 0xDD, 0xDD, 0xDD, 0xDD, 0xDD, 0xDD,
		0xDD, 0xDD, 0xDD, 0xDD, 0xDD, 0xDD, 0xDD, 0xDD, 0xDD, 0xDD, 0xDD, 0xDD, 0xDD, 0xDD, 0xDD, 0xDD,
		0xDD, 0xDD, 0xDD, 0xDD, 0xDD, 0xDD, 0xDD, 0xDD, 0xDD, 0xDD, 0xDD, 0xDD, 0xDD, 0xDD, 0xDD, 0xDD,
		0xDD, 0xDD, 0xDD, 0xDD, 0xDD, 0xDD, 0xDD, 0xDD, 0xDD, 0xDD, 0xDD, 0xDD, 0xDD, 0xDD, 0xDD, 0xDD,
		0xDD, 0xDD, 0xDD, 0xDD, 0xDD, 0xDD, 0xDD, 0xDD, 0xDD, 0xDD, 0xDD, 0xDD, 0xDD, 0xDD, 0xDD, 0xDD,
		0xDD, 0xDD, 0xDD, 0xDD, 0xDD, 0xDD, 0xDD, 0xDD, 0xDD, 0xDD, 0xDD, 0xDD, 0xDD, 0xDD, 0xDD, 0xDD,
		0xDD, 0xDD, 0xDD, 0xDD, 0xDD, 0xDD, 0xDD, 0xDD, 0xDD, 0xDD, 0xDD, 0xDD, 0xDD, 0xDD, 0xDD, 0xDD,
		0xDD, 0xDD, 0xDD, 0xDD, 0xDD, 0xDD, 0xDD, 0xDD, 0xDD, 0xDD, 0xDD, 0xDD, 0xDD, 0xDD, 0xDD, 0xDD,
		0xDD, 0xDD, 0xDD, 0xDD, 0xDD, 0xDD, 0xDD, 0xDD, 0xDD, 0xDD, 0xDD, 0xDD, 0xDD, 0xDD, 0xDD, 0xDD,
		0xDD, 0xDD, 0xDD, 0xDD, 0xDD, 0xDD, 0xDD, 0xDD, 0xDD, 0xDD, 0xDD, 0xDD, 0xDD, 0xDD, 0xDD, 0xDD,
		0xDD, 0xDD, 0xDD, 0xDD, 0xDD, 0xDD, 0xDD, 0xDD, 0xDD, 0xDD, 0xDD, 0xDD, 0xDD, 0xDD, 0xDD, 0xDD,
		0xDD, 0xDD, 0xDD, 0xDD, 0xDD, 0xDD, 0xDD, 0xDD, 0xDD, 0xDD, 0xDD, 0xDD, 0xDD, 0xDD, 0xDD, 0xDD,
		0xDD, 0xDD, 0xDD, 0xDD, 0xDD, 0xDD, 0xDD, 0xDD, 0xDD, 0xDD, 0xDD, 0xDD, 0xDD, 0xDD, 0x0D, 0xDD,
		0xDD, 0xDD, 0xDD, 0xDD, 0xDD, 0xD0, 0x0D, 0xDD, 0xDD, 0xDD, 0xDD, 0xDD, 0xDD, 0xD0, 0x0D, 0xDD,
		0xDD, 0xDD, 0xDD, 0xDD, 0xDD, 0xD0, 0x0D, 0xDD, 0xDD, 0xDD, 0xDD, 0xDD, 0xDD, 0xD0, 0x0D, 0xDD,
		0xDD, 0xDD, 0xDD, 0xDD, 0xDD, 0xD0, 0x0D, 0xDD, 0xDD, 0xDD, 0xDD, 0xDD, 0xDD, 0xD0, 0x0D, 0xDD,
		0xDD, 0xDD, 0xDD, 0xDD, 0xDD, 0xD0, 0x0D, 0xDD, 0xDD, 0xDD, 0xDD, 0xDD, 0xDD, 0xD0, 0x0D, 0xDD,
		0xDD, 0xDD, 0xDD, 0xDD, 0xDD, 0xD0, 0x0D, 0xDD, 0xDD, 0xDD, 0xDD, 0xDD, 0xDD, 0xD0, 0x0D, 0xDD,
		0xDD, 0xDD, 0xDD, 0xDD, 0xDD, 0xD0, 0x0D, 0xDD, 0xDD, 0xDD, 0xDD, 0xDD, 0xDD, 0xD0, 0x0D, 0xDD,
		0xDD, 0xDD, 0xDD, 0xDD, 0xDD, 0xD0, 0x0D, 0xDD, 0xDD, 0xDD, 0xDD, 0xDD, 0xDD, 0xD0, 0x0D, 0xDD,
		0xDD, 0xDD, 0xDD, 0xDD, 0xDD, 0xD0, 0x0D, 0xDD, 0xDD, 0xDD, 0xDD, 0xDD, 0xDD, 0xD0, 0x0D, 0xDD,
		0xDD, 0xDD, 0xDD, 0xDD, 0xDD, 0xD0, 0x0D, 0xDD, 0xDD, 0xDD, 0xDD, 0xDD, 0xDD, 0xD0, 0x0D, 0xDD,
		0xDD, 0xDD, 0xDD, 0xDD, 0xDD, 0xD0, 0x0D, 0xDD, 0xDD, 0xDD, 0xDD, 0xDD, 0xDD, 0xD0, 0x0D, 0xDD,
		0xDD, 0xDD, 0xDD, 0xDD, 0xDD, 0xD0, 0x0D, 0xDD, 0xDD, 0xDD, 0xDD, 0xDD, 0xDD, 0xD0, 0x0D, 0xDD,
		0xDD, 0xDD, 0xDD, 0xDD, 0xDD, 0xD0, 0x0D, 0xDD, 0xDD, 0xDD, 0xDD, 0xDD, 0xDD, 0xD0, 0x0D, 0xDD,
		0xDD, 0xDD, 0xDD, 0xDD, 0xDD, 0xD0, 0x0D, 0xDD, 0xDD, 0xDD, 0xDD, 0xDD, 0xDD, 0xD0, 0x0D, 0xDD,
		0xDD, 0xDD, 0xDD, 0xDD, 0xDD, 0xD0, 0x0D, 0xDD, 0xDD, 0xDD, 0xDD, 0xDD, 0xDD, 0xD0, 0x0D, 0xDD,
		0xDD, 0xDD, 0xDD, 0xDD, 0xDD, 0xD0, 0x0D, 0xDD, 0xDD, 0xDD, 0xDD, 0xDD, 0xDD, 0xD0, 0x0D, 0xDD,
		0xDD, 0xDD, 0xDD, 0xDD, 0xDD, 0xD0, 0xDD, 0x80, 0x00, 0x00, 0x00, 0x00, 0x00, 0xDD, 0xDD, 0xD0,
		0x00, 0x00, 0x00, 0x00, 0x00, 0xDD, 0xDD, 0x00, 0x00, 0x00, 0x00, 0x00, 0x00, 0xDD, 0xDD, 0xDD,
		0xDD, 0xDD, 0xDD, 0xDD, 0xDD, 0xDD, 0xDD, 0x00, 0x00, 0x00, 0x00, 0x00, 0x00, 0xDD, 0xDD, 0x00,
		0x00, 0x00, 0x00, 0x00, 0x00, 0xDD, 0xDD, 0x00, 0x00, 0x00, 0x00, 0x00, 0x00, 0xDD, 0xDD, 0x00,
		0x00, 0x00, 0x00, 0x00, 0x00, 0xDD, 0xDD, 0xDD, 0xDD, 0xDD, 0xDD, 0xDD, 0xDD, 0xDD, 0xDD, 0x00,
		0x00, 0x00, 0x00, 0x00, 0x00, 0xDD, 0xDD, 0x00, 0x00, 0x00, 0x00, 0x00, 0x00, 0xDD, 0xDD, 0x00,
		0x00, 0x00, 0x00, 0x00, 0x00, 0xDD, 0xDD, 0x00, 0x00, 0x00, 0x00, 0x00, 0x00, 0xDD, 0xDD, 0xDD,
		0xDD, 0xDD, 0xDD, 0xDD, 0xDD, 0xDD, 0xDD, 0x00, 0x00, 0x00, 0x00, 0x00, 0x00, 0xDD, 0xDD, 0x00,
		0x00, 0x00, 0x00, 0x00, 0x00, 0xDD, 0xDD, 0xD0, 0x00, 0x00, 0x00, 0x00, 0x0D, 0xDD, 0xDD, 0x00,
		0x00, 0x00, 0x00, 0x00, 0x00, 0xDD, 0xDD, 0x00, 0x00, 0x00, 0x00, 0x00, 0x00, 0xDD, 0xDD, 0x00,
		0x00, 0x00, 0x00, 0x00, 0x00, 0xDD, 0xDD, 0xD0, 0x00, 0x00, 0x00, 0x00, 0x00, 0xDD, 0xDD, 0xDD,
		0xDD, 0xDD, 0xDD, 0xDD, 0xDD, 0xDD, 0xDD, 0x00, 0x0D, 0x00, 0x00, 0x00, 0x00, 0xDD, 0xDD, 0xDD,
		0xDD, 0xDD, 0xDD, 0xDD, 0xDD, 0xDD, 0xDD, 0x00, 0x00, 0x00, 0x00, 0x00, 0x00, 0xDD, 0xDD, 0xDD,
		0xD0, 0x00, 0x00, 0x00, 0x00, 0xDD, 0xDD, 0xD0, 0x00, 0x00, 0x00, 0x00, 0x0D, 0xDD, 0xDD, 0xD0,
		0x00, 0x00, 0x00, 0x00, 0x0D, 0xDD, 0xDD, 0x00, 0x00, 0x00, 0x00, 0x00, 0x00, 0xDD, 0xDD, 0xD0,
		0x00, 0x00, 0x00, 0x00, 0x00, 0xDD, 0xDD, 0xDD, 0xD0, 0x00, 0x00, 0x00, 0x00, 0xDD, 0x0D, 0x80,
		0x00, 0x00, 0x00, 0x00, 0x00, 0xD0, 0x0D, 0xD0, 0x00, 0x00, 0x00, 0x00, 0x00, 0xD0, 0x0D, 0x00,
		0x00, 0x00, 0x00, 0x00, 0x00, 0xD0, 0x0D, 0xDD, 0xDD, 0xDD, 0xDD, 0xDD, 0xDD, 0xD0, 0x0D, 0x00,
		0x00, 0x00, 0x00, 0x00, 0x00, 0xD0, 0x0D, 0x00, 0x00, 0x00, 0x00, 0x00, 0x00, 0xD0, 0x0D, 0x00,
		0x00, 0x00, 0x00, 0x00, 0x00, 0xD0, 0x0D, 0x00, 0x00, 0x00, 0x00, 0x00, 0x00, 0xD0, 0x0D, 0xDD,
		0xDD, 0xDD, 0xDD, 0xDD, 0xDD, 0xD0, 0x0D, 0x00, 0x00, 0x00, 0x00, 0x00, 0x00, 0xD0, 0x0D, 0x00,
		0x00, 0x00, 0x00, 0x00, 0x00, 0xD0, 0x0D, 0x00, 0x00, 0x00, 0x00, 0x00, 0x00, 0xD0, 0x0D, 0x00,
		0x00, 0x00, 0x00, 0x00, 0x00, 0xD0, 0x0D, 0xDD, 0xDD, 0xDD, 0xDD, 0xDD, 0xDD, 0xD0, 0x0D, 0x00,
		0x00, 0x00, 0x00, 0x00, 0x00, 0xD0, 0x0D, 0x00, 0x00, 0x00, 0x00, 0x00, 0x00, 0xD0, 0x0D, 0xD0,
		0x00, 0x00, 0x00, 0x00, 0x0D, 0xD0, 0x0D, 0x00, 0x00, 0x00, 0x00, 0x00, 0x00, 0xD0, 0x0D, 0x00,
		0x00, 0x00, 0x00, 0x00, 0x00, 0xD0, 0x0D, 0x00, 0x00, 0x00, 0x00, 0x00, 0x00, 0xD0, 0x0D, 0xD0,
		0x00, 0x00, 0x00, 0x00, 0x00, 0xD0, 0x0D, 0xDD, 0xDD, 0xDD, 0xDD, 0xDD, 0xDD, 0xD0, 0x0D, 0x00,
		0x0D, 0x00, 0x00, 0x00, 0x00, 0xD0, 0x0D, 0xDD, 0xDD, 0xDD, 0xDD, 0xDD, 0xDD, 0xD0, 0x0D, 0x00,
		0x00, 0x00, 0x00, 0x00, 0x00, 0xD0, 0x0D, 0xDD, 0xD0, 0x00, 0x00, 0x00, 0x00, 0xD0, 0x0D, 0xD0,
		0x00, 0x00, 0x00, 0x00, 0x0D, 0xD0, 0x0D, 0xD0, 0x00, 0x00, 0x00, 0x00, 0x0D, 0xD0, 0x0D, 0x00,
		0x00, 0x00, 0x00, 0x00, 0x00, 0xD0, 0x0D, 0xD0, 0x00, 0x00, 0x00, 0x00, 0x00, 0xD0, 0x0D, 0xDD,
		0xD0, 0x00, 0x00, 0x00, 0x00, 0xD0, 0xDD, 0x88, 0x87, 0x88, 0x78, 0x87, 0x80, 0xDD, 0xDD, 0x88,
		0x88, 0x88, 0x88, 0x88, 0x80, 0xDD, 0xDD, 0x8F, 0x77, 0x78, 0xF7, 0x77, 0x80, 0xDD, 0xDD, 0xDD,
		0xD0, 0x00, 0xDD, 0xDD, 0xDD, 0xDD, 0xDD, 0x0F, 0x78, 0x78, 0xF0, 0x70, 0x70, 0xDD, 0xDD, 0x09,
		0x99, 0x01, 0x10, 0xEE, 0xE0, 0xDD, 0xDD, 0x09, 0x99, 0x01, 0x10, 0xEE, 0xE0, 0xDD, 0xDD, 0x87,
		0x77, 0x77, 0x77, 0x77, 0x70, 0xDD, 0xDD, 0xDD, 0xD0, 0x00, 0xDD, 0xDD, 0xDD, 0xDD, 0xDD, 0x07,
		0x77, 0x77, 0x70, 0x70, 0x70, 0xDD, 0xDD, 0x08, 0x88, 0x88, 0x88, 0x88, 0x80, 0xDD, 0xDD, 0x08,
		0x88, 0x88, 0x88, 0x88, 0x80, 0xDD, 0xDD, 0x08, 0x88, 0x88, 0x88, 0x88, 0x80, 0xDD, 0xDD, 0xDD,
		0xDD, 0xDD, 0xDD, 0xDD, 0xDD, 0xDD, 0xDD, 0x07, 0x78, 0xDD, 0xDD, 0x87, 0x70, 0xDD, 0xDD, 0x0D,
		0xDD, 0xD0, 0xDD, 0xDD, 0xD0, 0xDD, 0xDD, 0x87, 0x77, 0x77, 0x77, 0x77, 0x70, 0xDD, 0xDD, 0x07,
		0x77, 0x77, 0x70, 0x70, 0x70, 0xDD, 0xDD, 0x07, 0x77, 0x77, 0x70, 0x70, 0x70, 0xDD, 0xDD, 0x07,
		0x77, 0x77, 0x70, 0x70, 0x70, 0xDD, 0xDD, 0x03, 0x30, 0x00, 0x07, 0x70, 0x30, 0xDD, 0xDD, 0xDD,
		0xDD, 0xDD, 0xDD, 0xDD, 0xDD, 0xDD, 0xDD, 0x8F, 0x0D, 0x8F, 0xFF, 0xFF, 0xF0, 0xDD, 0xDD, 0xDD,
		0xDD, 0xDD, 0xDD, 0xDD, 0xDD, 0xDD, 0xDD, 0x07, 0x78, 0xDD, 0xDD, 0x87, 0x70, 0xDD, 0xDD, 0x00,
		0x08, 0xFF, 0xFF, 0xFF, 0xF0, 0xDD, 0xDD, 0x87, 0x77, 0x77, 0x77, 0x77, 0x70, 0xDD, 0xDD, 0x87,
		0x77, 0x77, 0x77, 0x77, 0x70, 0xDD, 0xDD, 0x09, 0x99, 0x01, 0x10, 0xEE, 0xE0, 0xDD, 0xDD, 0xD0,
		0x7F, 0x88, 0x88, 0x88, 0x80, 0xDD, 0xDD, 0xD0, 0x08, 0xFF, 0xFF, 0xFF, 0xF0, 0xDD, 0x0D, 0x88,
		0x87, 0x88, 0x78, 0x87, 0x80, 0xD0, 0x0D, 0x88, 0x88, 0x88, 0x88, 0x88, 0x80, 0xD0, 0x0D, 0x8F,
		0x77, 0x78, 0xF7, 0x77, 0x80, 0xD0, 0x0D, 0xDD, 0xD0, 0x00, 0xDD, 0xDD, 0xDD, 0xD0, 0x0D, 0x0F,
		0x78, 0x78, 0xF0, 0x70, 0x70, 0xD0, 0x0D, 0x09, 0x99, 0x01, 0x10, 0xEE, 0xE0, 0xD0, 0x0D, 0x09,
		0x99, 0x01, 0x10, 0xEE, 0xE0, 0xD0, 0x0D, 0x87, 0x77, 0x77, 0x77, 0x77, 0x70, 0xD0, 0x0D, 0xDD,
		0xD0, 0x00, 0xDD, 0xDD, 0xDD, 0xD0, 0x0D, 0x07, 0x77, 0x77, 0x70, 0x70, 0x70, 0xD0, 0x0D, 0x08,
		0x88, 0x88, 0x88, 0x88, 0x80, 0xD0, 0x0D, 0x08, 0x88, 0x88, 0x88, 0x88, 0x80, 0xD0, 0x0D, 0x08,
		0x88, 0x88, 0x88, 0x88, 0x80, 0xD0, 0x0D, 0xDD, 0xDD, 0xDD, 0xDD, 0xDD, 0xDD, 0xD0, 0x0D, 0x07,
		0x78, 0xDD, 0xDD, 0x87, 0x70, 0xD0, 0x0D, 0x0D, 0xDD, 0xD0, 0xDD, 0xDD, 0xD0, 0xD0, 0x0D, 0x87,
		0x77, 0x77, 0x77, 0x77, 0x70, 0xD0, 0x0D, 0x07, 0x77, 0x77, 0x70, 0x70, 0x70, 0xD0, 0x0D, 0x07,
		0x77, 0x77, 0x70, 0x70, 0x70, 0xD0, 0x0D, 0x07, 0x77, 0x77, 0x70, 0x70, 0x70, 0xD0, 0x0D, 0x03,
		0x30, 0x00, 0x07, 0x70, 0x30, 0xD0, 0x0D, 0xDD, 0xDD, 0xDD, 0xDD, 0xDD, 0xDD, 0xD0, 0x0D, 0x8F,
		0x0D, 0x8F, 0xFF, 0xFF, 0xF0, 0xD0, 0x0D, 0xDD, 0xDD, 0xDD, 0xDD, 0xDD, 0xDD, 0xD0, 0x0D, 0x07,
		0x78, 0xDD, 0xDD, 0x87, 0x70, 0xD0, 0x0D, 0x00, 0x08, 0xFF, 0xFF, 0xFF, 0xF0, 0xD0, 0x0D, 0x87,
		0x77, 0x77, 0x77, 0x77, 0x70, 0xD0, 0x0D, 0x87, 0x77, 0x77, 0x77, 0x77, 0x70, 0xD0, 0x0D, 0x09,
		0x99, 0x01, 0x10, 0xEE, 0xE0, 0xD0, 0x0D, 0xD0, 0x7F, 0x88, 0x88, 0x88, 0x80, 0xD0, 0x0D, 0xD0,
		0x08, 0xFF, 0xFF, 0xFF, 0xF0, 0xD0, 0xDD, 0x87, 0x77, 0x77, 0x77, 0x77, 0x70, 0xDD, 0xDD, 0x8F,
		0x7B, 0x7B, 0x7B, 0x7B, 0x80, 0xDD, 0xDD, 0x8F, 0x78, 0x78, 0xF7, 0x87, 0x80, 0xDD, 0xDD, 0xDD,
		0x0F, 0x88, 0x0D, 0xDD, 0xDD, 0xDD, 0xDD, 0x0F, 0x77, 0x78, 0xF0, 0x00, 0x00, 0xDD, 0xDD, 0x09,
		0x99, 0x01, 0x10, 0xEE, 0xE0, 0xDD, 0xDD, 0x09, 0x99, 0x01, 0x10, 0xEE, 0xE0, 0xDD, 0xDD, 0x8F,
		0xFF, 0xFF, 0xFF, 0xFF, 0x70, 0xDD, 0xDD, 0xDD, 0x0F, 0x88, 0x0D, 0xDD, 0xDD, 0xDD, 0xDD, 0x07,
		0xF4, 0x44, 0xF0, 0x00, 0x00, 0xDD, 0xDD, 0x07, 0x00, 0x00, 0x00, 0x00, 0x80, 0xDD, 0xDD, 0x07,
		0x00, 0x00, 0x00, 0x00, 0x80, 0xDD, 0xDD, 0x07, 0x00, 0x00, 0x00, 0x00, 0x80, 0xDD, 0xDD, 0xDD,
		0x00, 0x0D, 0xD0, 0x00, 0xDD, 0xDD, 0xDD, 0x87, 0x00, 0x0D, 0xD0, 0x00, 0x78, 0xDD, 0xDD, 0xDD,
		0xDD, 0xDD, 0xDD, 0xDD, 0xDD, 0xDD, 0xDD, 0x8F, 0xFF, 0xFF, 0xFF, 0xFF, 0x70, 0xDD, 0xDD, 0x0F,
		0xFF, 0xFF, 0xF0, 0x00, 0x00, 0xDD, 0xDD, 0x0F, 0xFF, 0xFF, 0xF0, 0x00, 0x00, 0xDD, 0xDD, 0x0F,
		0xFF, 0xFF, 0xF0, 0x00, 0x00, 0xDD, 0xDD, 0x03, 0x30, 0x00, 0x07, 0x70, 0x30, 0xDD, 0xDD, 0x00,
		0x00, 0x00, 0x00, 0x0D, 0xDD, 0xDD, 0xDD, 0x88, 0x0D, 0x88, 0x88, 0x88, 0x80, 0xDD, 0xDD, 0xDD,
		0x00, 0x0D, 0xD0, 0x00, 0xDD, 0xDD, 0xDD, 0x87, 0x00, 0x0D, 0xD0, 0x00, 0x78, 0xDD, 0xDD, 0x0D,
		0xD8, 0x88, 0x88, 0x88, 0x80, 0xDD, 0xDD, 0x8F, 0xFF, 0xFF, 0xFF, 0xFF, 0x70, 0xDD, 0xDD, 0x8F,
		0xFF, 0xFF, 0xFF, 0xFF, 0x70, 0xDD, 0xDD, 0x09, 0x99, 0x01, 0x10, 0xEE, 0xE0, 0xDD, 0xDD, 0xD0,
		0x00, 0x00, 0x00, 0x00, 0x00, 0xDD, 0xDD, 0xD0, 0xD8, 0x88, 0x88, 0x88, 0x80, 0xDD, 0x0D, 0x87,
		0x77, 0x77, 0x77, 0x77, 0x70, 0xD0, 0x0D, 0x8F, 0x7B, 0x7B, 0x7B, 0x7B, 0x80, 0xD0, 0x0D, 0x8F,
		0x78, 0x78, 0xF7, 0x87, 0x80, 0xD0, 0x0D, 0xDD, 0x0F, 0x88, 0x0D, 0xDD, 0xDD, 0xD0, 0x0D, 0x0F,
		0x77, 0x78, 0xF0, 0x00, 0x00, 0xD0, 0x0D, 0x09, 0x99, 0x01, 0x10, 0xEE, 0xE0, 0xD0, 0x0D, 0x09,
		0x99, 0x01, 0x10, 0xEE, 0xE0, 0xD0, 0x0D, 0x8F, 0xFF, 0xFF, 0xFF, 0xFF, 0x70, 0xD0, 0x0D, 0xDD,
		0x0F, 0x88, 0x0D, 0xDD, 0xDD, 0xD0, 0x0D, 0x07, 0xF4, 0x44, 0xF0, 0x00, 0x00, 0xD0, 0x0D, 0x07,
		0x00, 0x00, 0x00, 0x00, 0x80, 0xD0, 0x0D, 0x07, 0x00, 0x00, 0x00, 0x00, 0x80, 0xD0, 0x0D, 0x07,
		0x00, 0x00, 0x00, 0x00, 0x80, 0xD0, 0x0D, 0xDD, 0x00, 0x0D, 0xD0, 0x00, 0xDD, 0xD0, 0x0D, 0x87,
		0x00, 0x0D, 0xD0, 0x00, 0x78, 0xD0, 0x0D, 0xDD, 0xDD, 0xDD, 0xDD, 0xDD, 0xDD, 0xD0, 0x0D, 0x8F,
		0xFF, 0xFF, 0xFF, 0xFF, 0x70, 0xD0, 0x0D, 0x0F, 0xFF, 0xFF, 0xF0, 0x00, 0x00, 0xD0, 0x0D, 0x0F,
		0xFF, 0xFF, 0xF0, 0x00, 0x00, 0xD0, 0x0D, 0x0F, 0xFF, 0xFF, 0xF0, 0x00, 0x00, 0xD0, 0x0D, 0x03,
		0x30, 0x00, 0x07, 0x70, 0x30, 0xD0, 0x0D, 0x00, 0x00, 0x00, 0x00, 0x0D, 0xDD, 0xD0, 0x0D, 0x88,
		0x0D, 0x88, 0x88, 0x88, 0x80, 0xD0, 0x0D, 0xDD, 0x00, 0x0D, 0xD0, 0x00, 0xDD, 0xD0, 0x0D, 0x87,
		0x00, 0x0D, 0xD0, 0x00, 0x78, 0xD0, 0x0D, 0x0D, 0xD8, 0x88, 0x88, 0x88, 0x80, 0xD0, 0x0D, 0x8F,
		0xFF, 0xFF, 0xFF, 0xFF, 0x70, 0xD0, 0x0D, 0x8F, 0xFF, 0xFF, 0xFF, 0xFF, 0x70, 0xD0, 0x0D, 0x09,
		0x99, 0x01, 0x10, 0xEE, 0xE0, 0xD0, 0x0D, 0xD0, 0x00, 0x00, 0x00, 0x00, 0x00, 0xD0, 0x0D, 0xD0,
		0xD8, 0x88, 0x88, 0x88, 0x80, 0xD0, 0xDD, 0x87, 0xF7, 0xFF, 0x7F, 0xF7, 0x80, 0xDD, 0xDD, 0x8F,
		0xB7, 0xB7, 0xB7, 0xB7, 0x80, 0xDD, 0xDD, 0x8F, 0x77, 0x78, 0xF7, 0x77, 0x80, 0xDD, 0xDD, 0xDD,
		0x0F, 0x78, 0x0D, 0xDD, 0xDD, 0xDD, 0xDD, 0x0F, 0xFF, 0xFF, 0xF0, 0x7F, 0x70, 0xDD, 0xDD, 0x09,
		0x99, 0x01, 0x10, 0xEE, 0xE0, 0xDD, 0xDD, 0x09, 0x99, 0x01, 0x10, 0xEE, 0xE0, 0xDD, 0xDD, 0x8F,
		0x44, 0x4F, 0x44, 0x4F, 0x70, 0xDD, 0xDD, 0xDD, 0x0F, 0x78, 0x0D, 0xDD, 0xDD, 0xDD, 0xDD, 0x07,
		0xF4, 0xF4, 0xF0, 0x7F, 0x70, 0xDD, 0xDD, 0x07, 0x08, 0x88, 0x88, 0x80, 0x80, 0xDD, 0xDD, 0x07,
		0x08, 0x88, 0x88, 0x80, 0x80, 0xDD, 0xDD, 0x07, 0x08, 0x88, 0x88, 0x80, 0x80, 0xDD, 0xDD, 0xD0,
		0x7F, 0x70, 0x0F, 0x88, 0x0D, 0xDD, 0xDD, 0x80, 0x7F, 0x70, 0x0F, 0x88, 0x08, 0xDD, 0xDD, 0xDC,
		0xCC, 0xCC, 0xCC, 0xCC, 0xDD, 0xDD, 0xDD, 0x8F, 0x00, 0x00, 0x00, 0x0F, 0x70, 0xDD, 0xDD, 0x0F,
		0x08, 0x88, 0xF0, 0x7F, 0x70, 0xDD, 0xDD, 0x0F, 0x08, 0x88, 0xF0, 0x7F, 0x70, 0xDD, 0xDD, 0x0F,
		0x08, 0x88, 0xF0, 0x7F, 0x70, 0xDD, 0xDD, 0x03, 0x30, 0x00, 0x00, 0x00, 0x30, 0xDD, 0xDD, 0x0F,
		0x03, 0x33, 0x33, 0x30, 0xDD, 0xDD, 0xDD, 0x00, 0x0D, 0x00, 0x00, 0x00, 0x00, 0xDD, 0xDD, 0xD0,
		0x7F, 0x70, 0x0F, 0x88, 0x0D, 0xDD, 0xDD, 0x80, 0x7F, 0x70, 0x0F, 0x88, 0x08, 0xDD, 0xDD, 0x0D,
		0xD0, 0x00, 0x00, 0x00, 0x00, 0xDD, 0xDD, 0x8F, 0x00, 0x00, 0x00, 0x0F, 0x70, 0xDD, 0xDD, 0x8F,
		0x00, 0x00, 0x00, 0x0F, 0x70, 0xDD, 0xDD, 0x09, 0x99, 0x01, 0x10, 0xEE, 0xE0, 0xDD, 0xDD, 0xD0,
		0x7F, 0x88, 0x88, 0x88, 0x80, 0xDD, 0xDD, 0xD0, 0xDD, 0xDD, 0xDD, 0xDD, 0xDD, 0xDD, 0x0D, 0x87,
		0xF7, 0xFF, 0x7F, 0xF7, 0x80, 0xD0, 0x0D, 0x8F, 0xB7, 0xB7, 0xB7, 0xB7, 0x80, 0xD0, 0x0D, 0x8F,
		0x77, 0x78, 0xF7, 0x77, 0x80, 0xD0, 0x0D, 0xDD, 0x0F, 0x78, 0x0D, 0xDD, 0xDD, 0xD0, 0x0D, 0x0F,
		0xFF, 0xFF, 0xF0, 0x7F, 0x70, 0xD0, 0x0D, 0x09, 0x99, 0x01, 0x10, 0xEE, 0xE0, 0xD0, 0x0D, 0x09,
		0x99, 0x01, 0x10, 0xEE, 0xE0, 0xD0, 0x0D, 0x8F, 0x44, 0x4F, 0x44, 0x4F, 0x70, 0xD0, 0x0D, 0xDD,
		0x0F, 0x78, 0x0D, 0xDD, 0xDD, 0xD0, 0x0D, 0x07, 0xF4, 0xF4, 0xF0, 0x7F, 0x70, 0xD0, 0x0D, 0x07,
		0x08, 0x88, 0x88, 0x80, 0x80, 0xD0, 0x0D, 0x07, 0x08, 0x88, 0x88, 0x80, 0x80, 0xD0, 0x0D, 0x07,
		0x08, 0x88, 0x88, 0x80, 0x80, 0xD0, 0x0D, 0xD0, 0x7F, 0x70, 0x0F, 0x88, 0x0D, 0xD0, 0x0D, 0x80,
		0x7F, 0x70, 0x0F, 0x88, 0x08, 0xD0, 0x0D, 0xDC, 0xCC, 0xCC, 0xCC, 0xCC, 0xDD, 0xD0, 0x0D, 0x8F,
		0x00, 0x00, 0x00, 0x0F, 0x70, 0xD0, 0x0D, 0x0F, 0x08, 0x88, 0xF0, 0x7F, 0x70, 0xD0, 0x0D, 0x0F,
		0x08, 0x88, 0xF0, 0x7F, 0x70, 0xD0, 0x0D, 0x0F, 0x08, 0x88, 0xF0, 0x7F, 0x70, 0xD0, 0x0D, 0x03,
		0x30, 0x00, 0x00, 0x00, 0x30, 0xD0, 0x0D, 0x0F, 0x03, 0x33, 0x33, 0x30, 0xDD, 0xD0, 0x0D, 0x00,
		0x0D, 0x00, 0x00, 0x00, 0x00, 0xD0, 0x0D, 0xD0, 0x7F, 0x70, 0x0F, 0x88, 0x0D, 0xD0, 0x0D, 0x80,
		0x7F, 0x70, 0x0F, 0x88, 0x08, 0xD0, 0x0D, 0x0D, 0xD0, 0x00, 0x00, 0x00, 0x00, 0xD0, 0x0D, 0x8F,
		0x00, 0x00, 0x00, 0x0F, 0x70, 0xD0, 0x0D, 0x8F, 0x00, 0x00, 0x00, 0x0F, 0x70, 0xD0, 0x0D, 0x09,
		0x99, 0x01, 0x10, 0xEE, 0xE0, 0xD0, 0x0D, 0xD0, 0x7F, 0x88, 0x88, 0x88, 0x80, 0xD0, 0x0D, 0xD0,
		0xDD, 0xDD, 0xDD, 0xDD, 0xDD, 0xD0, 0xDD, 0x87, 0xF7, 0xFF, 0x7F, 0xF7, 0x80, 0xDD, 0xDD, 0x8F,
		0x7B, 0x7B, 0x7B, 0x7B, 0x80, 0xDD, 0xDD, 0x8F, 0xFF, 0xFF, 0xFF, 0xFF, 0xF0, 0xDD, 0xDD, 0x00,
		0x0F, 0x78, 0x00, 0x00, 0x00, 0xDD, 0xDD, 0x08, 0x88, 0x88, 0x80, 0x7F, 0x70, 0xDD, 0xDD, 0x00,
		0x00, 0x00, 0x00, 0x00, 0x00, 0xDD, 0xDD, 0x00, 0x00, 0x00, 0x00, 0x00, 0x00, 0xDD, 0xDD, 0x8F,
		0x4F, 0x4F, 0x4F, 0x4F, 0x70, 0xDD, 0xDD, 0x00, 0x0F, 0x78, 0x00, 0x00, 0x00, 0xDD, 0xDD, 0x07,
		0xF4, 0xF4, 0xF0, 0x7F, 0x70, 0xDD, 0xDD, 0x07, 0x0F, 0x77, 0x77, 0x80, 0x80, 0xDD, 0xDD, 0x07,
		0x0F, 0x77, 0x77, 0x80, 0x80, 0xDD, 0xDD, 0x07, 0x0F, 0x77, 0x77, 0x80, 0x80, 0xDD, 0xDD, 0x07,
		0xF0, 0x00, 0x00, 0x07, 0x80, 0xDD, 0xDD, 0x07, 0xF0, 0x00, 0x00, 0x07, 0x80, 0xDD, 0xDD, 0xCC,
		0xDC, 0xCD, 0xCC, 0xDC, 0xCD, 0xDD, 0xDD, 0x8F, 0xFF, 0xFF, 0xFF, 0xFF, 0x70, 0xDD, 0xDD, 0x0F,
		0xFF, 0xFF, 0xF0, 0x7F, 0x70, 0xDD, 0xDD, 0x0F, 0xFF, 0xFF, 0xF0, 0x7F, 0x70, 0xDD, 0xDD, 0x0F,
		0xFF, 0xFF, 0xF0, 0x7F, 0x70, 0xDD, 0xDD, 0x03, 0x33, 0x33, 0x33, 0x33, 0x30, 0xDD, 0xDD, 0x0B,
		0xF0, 0x33, 0x33, 0x33, 0x0D, 0xDD, 0xDD, 0x8F, 0x0D, 0x8F, 0xFF, 0xFF, 0xF0, 0xDD, 0xDD, 0x07,
		0xF0, 0x00, 0x00, 0x07, 0x80, 0xDD, 0xDD, 0x07, 0xF0, 0x00, 0x00, 0x07, 0x80, 0xDD, 0xDD, 0x00,
		0x08, 0xFF, 0xFF, 0xFF, 0xF0, 0xDD, 0xDD, 0x8F, 0xFF, 0xFF, 0xFF, 0xFF, 0x70, 0xDD, 0xDD, 0x8F,
		0xFF, 0xFF, 0xFF, 0xFF, 0x70, 0xDD, 0xDD, 0x00, 0x00, 0x00, 0x00, 0x00, 0x00, 0xDD, 0xDD, 0xD0,
		0x00, 0x00, 0x00, 0x00, 0x00, 0xDD, 0xDD, 0xD0, 0xD0, 0x00, 0x00, 0x00, 0x00, 0xDD, 0x0D, 0x87,
		0xF7, 0xFF, 0x7F, 0xF7, 0x80, 0xD0, 0x0D, 0x8F, 0x7B, 0x7B, 0x7B, 0x7B, 0x80, 0xD0, 0x0D, 0x8F,
		0xFF, 0xFF, 0xFF, 0xFF, 0xF0, 0xD0, 0x0D, 0x00, 0x0F, 0x78, 0x00, 0x00, 0x00, 0xD0, 0x0D, 0x08,
		0x88, 0x88, 0x80, 0x7F, 0x70, 0xD0, 0x0D, 0x00, 0x00, 0x00, 0x00, 0x00, 0x00, 0xD0, 0x0D, 0x00,
		0x00, 0x00, 0x00, 0x00, 0x00, 0xD0, 0x0D, 0x8F, 0x4F, 0x4F, 0x4F, 0x4F, 0x70, 0xD0, 0x0D, 0x00,
		0x0F, 0x78, 0x00, 0x00, 0x00, 0xD0, 0x0D, 0x07, 0xF4, 0xF4, 0xF0, 0x7F, 0x70, 0xD0, 0x0D, 0x07,
		0x0F, 0x77, 0x77, 0x80, 0x80, 0xD0, 0x0D, 0x07, 0x0F, 0x77, 0x77, 0x80, 0x80, 0xD0, 0x0D, 0x07,
		0x0F, 0x77, 0x77, 0x80, 0x80, 0xD0, 0x0D, 0x07, 0xF0, 0x00, 0x00, 0x07, 0x80, 0xD0, 0x0D, 0x07,
		0xF0, 0x00, 0x00, 0x07, 0x80, 0xD0, 0x0D, 0xCC, 0xDC, 0xCD, 0xCC, 0xDC, 0xCD, 0xD0, 0x0D, 0x8F,
		0xFF, 0xFF, 0xFF, 0xFF, 0x70, 0xD0, 0x0D, 0x0F, 0xFF, 0xFF, 0xF0, 0x7F, 0x70, 0xD0, 0x0D, 0x0F,
		0xFF, 0xFF, 0xF0, 0x7F, 0x70, 0xD0, 0x0D, 0x0F, 0xFF, 0xFF, 0xF0, 0x7F, 0x70, 0xD0, 0x0D, 0x03,
		0x33, 0x33, 0x33, 0x33, 0x30, 0xD0, 0x0D, 0x0B, 0xF0, 0x33, 0x33, 0x33, 0x0D, 0xD0, 0x0D, 0x8F,
		0x0D, 0x8F, 0xFF, 0xFF, 0xF0, 0xD0, 0x0D, 0x07, 0xF0, 0x00, 0x00, 0x07, 0x80, 0xD0, 0x0D, 0x07,
		0xF0, 0x00, 0x00, 0x07, 0x80, 0xD0, 0x0D, 0x00, 0x08, 0xFF, 0xFF, 0xFF, 0xF0, 0xD0, 0x0D, 0x8F,
		0xFF, 0xFF, 0xFF, 0xFF, 0x70, 0xD0, 0x0D, 0x8F, 0xFF, 0xFF, 0xFF, 0xFF, 0x70, 0xD0, 0x0D, 0x00,
		0x00, 0x00, 0x00, 0x00, 0x00, 0xD0, 0x0D, 0xD0, 0x00, 0x00, 0x00, 0x00, 0x00, 0xD0, 0x0D, 0xD0,
		0xD0, 0x00, 0x00, 0x00, 0x00, 0xD0, 0xDD, 0x87, 0x77, 0x77, 0x77, 0x77, 0x70, 0xDD, 0xDD, 0x8F,
		0xB7, 0xB7, 0xB7, 0xB7, 0x80, 0xDD, 0xDD, 0x88, 0x88, 0x88, 0x88, 0x88, 0x80, 0xDD, 0xDD, 0x07,
		0x0F, 0x78, 0x07, 0x77, 0x70, 0xDD, 0xDD, 0x0F, 0x77, 0x78, 0xF0, 0x7F, 0x70, 0xDD, 0xDD, 0x06,
		0x66, 0x0C, 0xC0, 0x55, 0x50, 0xDD, 0xDD, 0x06, 0x66, 0x0C, 0xC0, 0x55, 0x50, 0xDD, 0xDD, 0x8F,
		0x4F, 0x4F, 0x4F, 0x4F, 0x70, 0xDD, 0xDD, 0x07, 0x0F, 0x78, 0x07, 0x77, 0x70, 0xDD, 0xDD, 0x07,
		0xF4, 0xF4, 0xF0, 0x7F, 0x70, 0xDD, 0xDD, 0x07, 0x0F, 0x77, 0x77, 0x80, 0x80, 0xDD, 0xDD, 0x07,
		0x0F, 0x77, 0x77, 0x80, 0x80, 0xDD, 0xDD, 0x07, 0x0F, 0x77, 0x77, 0x80, 0x80, 0xDD, 0xDD, 0x07,
		0x0F, 0x77, 0x77, 0x80, 0x70, 0xDD, 0xDD, 0x07, 0x0F, 0x77, 0x77, 0x80, 0x70, 0xDD, 0xDD, 0xDC,
		0xCC, 0xCD, 0xCC, 0xDC, 0xCD, 0xDD, 0xDD, 0x8F, 0x00, 0x00, 0x00, 0x0F, 0x70, 0xDD, 0xDD, 0x0F,
		0x08, 0x88, 0xF0, 0x7F, 0x70, 0xDD, 0xDD, 0x0F, 0x08, 0x88, 0xF0, 0x7F, 0x70, 0xDD, 0xDD, 0x0F,
		0x08, 0x88, 0xF0, 0x7F, 0x70, 0xDD, 0xDD, 0x03, 0x30, 0x00, 0x00, 0x03, 0x30, 0xDD, 0xDD, 0x0F,
		0xBF, 0x03, 0x33, 0x33, 0x30, 0xDD, 0xDD, 0x88, 0x0D, 0x88, 0x88, 0x88, 0x80, 0xDD, 0xDD, 0x07,
		0x0F, 0x77, 0x77, 0x80, 0x70, 0xDD, 0xDD, 0x07, 0x0F, 0x77, 0x77, 0x80, 0x70, 0xDD, 0xDD, 0x0D,
		0xD8, 0x88, 0x88, 0x88, 0x80, 0xDD, 0xDD, 0x8F, 0x00, 0x00, 0x00, 0x0F, 0x70, 0xDD, 0xDD, 0x8F,
		0x00, 0x00, 0x00, 0x0F, 0x70, 0xDD, 0xDD, 0x06, 0x66, 0x0C, 0xC0, 0x55, 0x50, 0xDD, 0xDD, 0xD0,
		0x7F, 0x88, 0x88, 0x88, 0x80, 0xDD, 0xDD, 0xD0, 0xD8, 0xFF, 0xFF, 0xFF, 0xF0, 0xDD, 0x0D, 0x87,
		0x77, 0x77, 0x77, 0x77, 0x70, 0xD0, 0x0D, 0x8F, 0xB7, 0xB7, 0xB7, 0xB7, 0x80, 0xD0, 0x0D, 0x88,
		0x88, 0x88, 0x88, 0x88, 0x80, 0xD0, 0x0D, 0x07, 0x0F, 0x78, 0x07, 0x77, 0x70, 0xD0, 0x0D, 0x0F,
		0x77, 0x78, 0xF0, 0x7F, 0x70, 0xD0, 0x0D, 0x06, 0x66, 0x0C, 0xC0, 0x55, 0x50, 0xD0, 0x0D, 0x06,
		0x66, 0x0C, 0xC0, 0x55, 0x50, 0xD0, 0x0D, 0x8F, 0x4F, 0x4F, 0x4F, 0x4F, 0x70, 0xD0, 0x0D, 0x07,
		0x0F, 0x78, 0x07, 0x77, 0x70, 0xD0, 0x0D, 0x07, 0xF4, 0xF4, 0xF0, 0x7F, 0x70, 0xD0, 0x0D, 0x07,
		0x0F, 0x77, 0x77, 0x80, 0x80, 0xD0, 0x0D, 0x07, 0x0F, 0x77, 0x77, 0x80, 0x80, 0xD0, 0x0D, 0x07,
		0x0F, 0x77, 0x77, 0x80, 0x80, 0xD0, 0x0D, 0x07, 0x0F, 0x77, 0x77, 0x80, 0x70, 0xD0, 0x0D, 0x07,
		0x0F, 0x77, 0x77, 0x80, 0x70, 0xD0, 0x0D, 0xDC, 0xCC, 0xCD, 0xCC, 0xDC, 0xCD, 0xD0, 0x0D, 0x8F,
		0x00, 0x00, 0x00, 0x0F, 0x70, 0xD0, 0x0D, 0x0F, 0x08, 0x88, 0xF0, 0x7F, 0x70, 0xD0, 0x0D, 0x0F,
		0x08, 0x88, 0xF0, 0x7F, 0x70, 0xD0, 0x0D, 0x0F, 0x08, 0x88, 0xF0, 0x7F, 0x70, 0xD0, 0x0D, 0x03,
		0x30, 0x00, 0x00, 0x03, 0x30, 0xD0, 0x0D, 0x0F, 0xBF, 0x03, 0x33, 0x33, 0x30, 0xD0, 0x0D, 0x88,
		0x0D, 0x88, 0x88, 0x88, 0x80, 0xD0, 0x0D, 0x07, 0x0F, 0x77, 0x77, 0x80, 0x70, 0xD0, 0x0D, 0x07,
		0x0F, 0x77, 0x77, 0x80, 0x70, 0xD0, 0x0D, 0x0D, 0xD8, 0x88, 0x88, 0x88, 0x80, 0xD0, 0x0D, 0x8F,
		0x00, 0x00, 0x00, 0x0F, 0x70, 0xD0, 0x0D, 0x8F, 0x00, 0x00, 0x00, 0x0F, 0x70, 0xD0, 0x0D, 0x06,
		0x66, 0x0C, 0xC0, 0x55, 0x50, 0xD0, 0x0D, 0xD0, 0x7F, 0x88, 0x88, 0x88, 0x80, 0xD0, 0x0D, 0xD0,
		0xD8, 0xFF, 0xFF, 0xFF, 0xF0, 0xD0, 0xDD, 0x87, 0xF7, 0xFF, 0x7F, 0xF7, 0x80, 0xDD, 0xDD, 0x8F,
		0x7B, 0x7B, 0x7B, 0x7B, 0x80, 0xDD, 0xDD, 0x8F, 0x77, 0x78, 0xF7, 0x77, 0x80, 0xDD, 0xDD, 0x08,
		0x0F, 0x78, 0x08, 0x88, 0x80, 0xDD, 0xDD, 0x0F, 0x78, 0x78, 0xF0, 0x7F, 0x70, 0xDD, 0xDD, 0x06,
		0x66, 0x0C, 0xC0, 0x55, 0x50, 0xDD, 0xDD, 0x06, 0x66, 0x0C, 0xC0, 0x55, 0x50, 0xDD, 0xDD, 0x8F,
		0x4F, 0x4F, 0x4F, 0x4F, 0x70, 0xDD, 0xDD, 0x08, 0x0F, 0x78, 0x08, 0x88, 0x80, 0xDD, 0xDD, 0x07,
		0xF4, 0xF4, 0xF0, 0x7F, 0x70, 0xDD, 0xDD, 0x07, 0x0F, 0x77, 0x77, 0x80, 0x80, 0xDD, 0xDD, 0x07,
		0x0F, 0x77, 0x77, 0x80, 0x80, 0xDD, 0xDD, 0x07, 0x0F, 0x77, 0x77, 0x80, 0x80, 0xDD, 0xDD, 0x0F,
		0x0F, 0xFF, 0xFF, 0x80, 0x70, 0xDD, 0xDD, 0x0F, 0x0F, 0xFF, 0xFF, 0x80, 0x70, 0xDD, 0xDD, 0xCC,
		0xDC, 0xCD, 0xCC, 0xDC, 0xCD, 0xDD, 0xDD, 0x8F, 0xFF, 0xFF, 0xFF, 0xFF, 0x70, 0xDD, 0xDD, 0x0F,
		0xFF, 0xFF, 0xF0, 0x7F, 0x70, 0xDD, 0xDD, 0x0F, 0xFF, 0xFF, 0xF0, 0x7F, 0x70, 0xDD, 0xDD, 0x0F,
		0xFF, 0xFF, 0xF0, 0x7F, 0x70, 0xDD, 0xDD, 0x03, 0x07, 0x77, 0x77, 0x70, 0x30, 0xDD, 0xDD, 0x0B,
		0xFB, 0xF0, 0x00, 0x00, 0x00, 0xDD, 0xDD, 0x00, 0x0D, 0x00, 0x00, 0x00, 0x00, 0xDD, 0xDD, 0x0F,
		0x0F, 0xFF, 0xFF, 0x80, 0x70, 0xDD, 0xDD, 0x0F, 0x0F, 0xFF, 0xFF, 0x80, 0x70, 0xDD, 0xDD, 0x0D,
		0xD0, 0x00, 0x00, 0x00, 0x00, 0xDD, 0xDD, 0x8F, 0xFF, 0xFF, 0xFF, 0xFF, 0x70, 0xDD, 0xDD, 0x8F,
		0xFF, 0xFF, 0xFF, 0xFF, 0x70, 0xDD, 0xDD, 0x06, 0x66, 0x0C, 0xC0, 0x55, 0x50, 0xDD, 0xDD, 0xD0,
		0x00, 0x00, 0x00, 0x00, 0x00, 0xDD, 0xDD, 0xD0, 0xD8, 0x88, 0x88, 0x88, 0x80, 0xDD, 0x0D, 0x87,
		0xF7, 0xFF, 0x7F, 0xF7, 0x80, 0xD0, 0x0D, 0x8F, 0x7B, 0x7B, 0x7B, 0x7B, 0x80, 0xD0, 0x0D, 0x8F,
		0x77, 0x78, 0xF7, 0x77, 0x80, 0xD0, 0x0D, 0x08, 0x0F, 0x78, 0x08, 0x88, 0x80, 0xD0, 0x0D, 0x0F,
		0x78, 0x78, 0xF0, 0x7F, 0x70, 0xD0, 0x0D, 0x06, 0x66, 0x0C, 0xC0, 0x55, 0x50, 0xD0, 0x0D, 0x06,
		0x66, 0x0C, 0xC0, 0x55, 0x50, 0xD0, 0x0D, 0x8F, 0x4F, 0x4F, 0x4F, 0x4F, 0x70, 0xD0, 0x0D, 0x08,
		0x0F, 0x78, 0x08, 0x88, 0x80, 0xD0, 0x0D, 0x07, 0xF4, 0xF4, 0xF0, 0x7F, 0x70, 0xD0, 0x0D, 0x07,
		0x0F, 0x77, 0x77, 0x80, 0x80, 0xD0, 0x0D, 0x07, 0x0F, 0x77, 0x77, 0x80, 0x80, 0xD0, 0x0D, 0x07,
		0x0F, 0x77, 0x77, 0x80, 0x80, 0xD0, 0x0D, 0x0F, 0x0F, 0xFF, 0xFF, 0x80, 0x70, 0xD0, 0x0D, 0x0F,
		0x0F, 0xFF, 0xFF, 0x80, 0x70, 0xD0, 0x0D, 0xCC, 0xDC, 0xCD, 0xCC, 0xDC, 0xCD, 0xD0, 0x0D, 0x8F,
		0xFF, 0xFF, 0xFF, 0xFF, 0x70, 0xD0, 0x0D, 0x0F, 0xFF, 0xFF, 0xF0, 0x7F, 0x70, 0xD0, 0x0D, 0x0F,
		0xFF, 0xFF, 0xF0, 0x7F, 0x70, 0xD0, 0x0D, 0x0F, 0xFF, 0xFF, 0xF0, 0x7F, 0x70, 0xD0, 0x0D, 0x03,
		0x07, 0x77, 0x77, 0x70, 0x30, 0xD0, 0x0D, 0x0B, 0xFB, 0xF0, 0x00, 0x00, 0x00, 0xD0, 0x0D, 0x00,
		0x0D, 0x00, 0x00, 0x00, 0x00, 0xD0, 0x0D, 0x0F, 0x0F, 0xFF, 0xFF, 0x80, 0x70, 0xD0, 0x0D, 0x0F,
		0x0F, 0xFF, 0xFF, 0x80, 0x70, 0xD0, 0x0D, 0x0D, 0xD0, 0x00, 0x00, 0x00, 0x00, 0xD0, 0x0D, 0x8F,
		0xFF, 0xFF, 0xFF, 0xFF, 0x70, 0xD0, 0x0D, 0x8F, 0xFF, 0xFF, 0xFF, 0xFF, 0x70, 0xD0, 0x0D, 0x06,
		0x66, 0x0C, 0xC0, 0x55, 0x50, 0xD0, 0x0D, 0xD0, 0x00, 0x00, 0x00, 0x00, 0x00, 0xD0, 0x0D, 0xD0,
		0xD8, 0x88, 0x88, 0x88, 0x80, 0xD0, 0xDD, 0x87, 0xF7, 0xFF, 0x78, 0x88, 0x80, 0xDD, 0xDD, 0x8F,
		0xB7, 0xB7, 0xB7, 0xB7, 0x80, 0xDD, 0xDD, 0x8F, 0x78, 0x78, 0xF7, 0x87, 0x80, 0xDD, 0xDD, 0x00,
		0x0F, 0x78, 0x00, 0x00, 0x00, 0xDD, 0xDD, 0x0F, 0x77, 0x78, 0xF0, 0x00, 0x00, 0xDD, 0xDD, 0x00,
		0x00, 0x00, 0x00, 0x00, 0x00, 0xDD, 0xDD, 0x00, 0x00, 0x00, 0x00, 0x00, 0x00, 0xDD, 0xDD, 0x8F,
		0x4F, 0x4F, 0x4F, 0x4F, 0x70, 0xDD, 0xDD, 0x00, 0x0F, 0x78, 0x00, 0x00, 0x00, 0xDD, 0xDD, 0x07,
		0xF4, 0x44, 0xF0, 0x00, 0x00, 0xDD, 0xDD, 0x07, 0x0F, 0x7F, 0xF7, 0x80, 0x80, 0xDD, 0xDD, 0x07,
		0x0F, 0x7F, 0xF7, 0x80, 0x80, 0xDD, 0xDD, 0x07, 0x0F, 0x7F, 0xF7, 0x80, 0x80, 0xDD, 0xDD, 0x0F,
		0x70, 0x00, 0x00, 0x07, 0xF0, 0xDD, 0xDD, 0x0F, 0x70, 0x00, 0x00, 0x07, 0xF0, 0xDD, 0xDD, 0xDC,
		0xCC, 0xDD, 0xCC, 0xCC, 0xDD, 0xDD, 0xDD, 0x8F, 0x0F, 0x00, 0x00, 0x0F, 0x70, 0xDD, 0xDD, 0x0F,
		0x08, 0x88, 0xF0, 0x00, 0x00, 0xDD, 0xDD, 0x0F, 0x08, 0x88, 0xF0, 0x00, 0x00, 0xDD, 0xDD, 0x0F,
		0x08, 0x88, 0xF0, 0x00, 0x00, 0xDD, 0xDD, 0x03, 0x07, 0x77, 0x77, 0x70, 0x30, 0xDD, 0xDD, 0x0F,
		0xBF, 0xBF, 0xBF, 0xB0, 0xDD, 0xDD, 0xDD, 0x8C, 0x0D, 0x8F, 0xFF, 0xFF, 0xF0, 0xDD, 0xDD, 0x0F,
		0x70, 0x00, 0x00, 0x07, 0xF0, 0xDD, 0xDD, 0x0F, 0x70, 0x00, 0x00, 0x07, 0xF0, 0xDD, 0xDD, 0x00,
		0x08, 0xFF, 0xFF, 0xFF, 0xF0, 0xDD, 0xDD, 0x8F, 0x0F, 0x00, 0x00, 0x0F, 0x70, 0xDD, 0xDD, 0x8F,
		0x0F, 0x00, 0x00, 0x0F, 0x70, 0xDD, 0xDD, 0x00, 0x00, 0x00, 0x00, 0x00, 0x00, 0xDD, 0xDD, 0xD0,
		0x7F, 0x88, 0x88, 0x88, 0x80, 0xDD, 0xDD, 0xD0, 0xDD, 0xDD, 0xDD, 0xDD, 0xDD, 0xDD, 0x0D, 0x87,
		0xF7, 0xFF, 0x78, 0x88, 0x80, 0xD0, 0x0D, 0x8F, 0xB7, 0xB7, 0xB7, 0xB7, 0x80, 0xD0, 0x0D, 0x8F,
		0x78, 0x78, 0xF7, 0x87, 0x80, 0xD0, 0x0D, 0x00, 0x0F, 0x78, 0x00, 0x00, 0x00, 0xD0, 0x0D, 0x0F,
		0x77, 0x78, 0xF0, 0x00, 0x00, 0xD0, 0x0D, 0x00, 0x00, 0x00, 0x00, 0x00, 0x00, 0xD0, 0x0D, 0x00,
		0x00, 0x00, 0x00, 0x00, 0x00, 0xD0, 0x0D, 0x8F, 0x4F, 0x4F, 0x4F, 0x4F, 0x70, 0xD0, 0x0D, 0x00,
		0x0F, 0x78, 0x00, 0x00, 0x00, 0xD0, 0x0D, 0x07, 0xF4, 0x44, 0xF0, 0x00, 0x00, 0xD0, 0x0D, 0x07,
		0x0F, 0x7F, 0xF7, 0x80, 0x80, 0xD0, 0x0D, 0x07, 0x0F, 0x7F, 0xF7, 0x80, 0x80, 0xD0, 0x0D, 0x07,
		0x0F, 0x7F, 0xF7, 0x80, 0x80, 0xD0, 0x0D, 0x0F, 0x70, 0x00, 0x00, 0x07, 0xF0, 0xD0, 0x0D, 0x0F,
		0x70, 0x00, 0x00, 0x07, 0xF0, 0xD0, 0x0D, 0xDC, 0xCC, 0xDD, 0xCC, 0xCC, 0xDD, 0xD0, 0x0D, 0x8F,
		0x0F, 0x00, 0x00, 0x0F, 0x70, 0xD0, 0x0D, 0x0F, 0x08, 0x88, 0xF0, 0x00, 0x00, 0xD0, 0x0D, 0x0F,
		0x08, 0x88, 0xF0, 0x00, 0x00, 0xD0, 0x0D, 0x0F, 0x08, 0x88, 0xF0, 0x00, 0x00, 0xD0, 0x0D, 0x03,
		0x07, 0x77, 0x77, 0x70, 0x30, 0xD0, 0x0D, 0x0F, 0xBF, 0xBF, 0xBF, 0xB0, 0xDD, 0xD0, 0x0D, 0x8C,
		0x0D, 0x8F, 0xFF, 0xFF, 0xF0, 0xD0, 0x0D, 0x0F, 0x70, 0x00, 0x00, 0x07, 0xF0, 0xD0, 0x0D, 0x0F,
		0x70, 0x00, 0x00, 0x07, 0xF0, 0xD0, 0x0D, 0x00, 0x08, 0xFF, 0xFF, 0xFF, 0xF0, 0xD0, 0x0D, 0x8F,
		0x0F, 0x00, 0x00, 0x0F, 0x70, 0xD0, 0x0D, 0x8F, 0x0F, 0x00, 0x00, 0x0F, 0x70, 0xD0, 0x0D, 0x00,
		0x00, 0x00, 0x00, 0x00, 0x00, 0xD0, 0x0D, 0xD0, 0x7F, 0x88, 0x88, 0x88, 0x80, 0xD0, 0x0D, 0xD0,
		0xDD, 0xDD, 0xDD, 0xDD, 0xDD, 0xD0, 0xDD, 0x87, 0x77, 0x77, 0x78, 0xFF, 0x80, 0xDD, 0xDD, 0x8F,
		0xFF, 0xFF, 0xFF, 0xFF, 0x80, 0xDD, 0xDD, 0x8F, 0x77, 0x78, 0xF7, 0x77, 0x80, 0xDD, 0xDD, 0xDD,
		0x0F, 0x78, 0x0D, 0xDD, 0xDD, 0xDD, 0xDD, 0x0F, 0xFF, 0xFF, 0xF0, 0x70, 0x70, 0xDD, 0xDD, 0x0A,
		0xAA, 0x03, 0x30, 0xBB, 0xB0, 0xDD, 0xDD, 0x0A, 0xAA, 0x03, 0x30, 0xBB, 0xB0, 0xDD, 0xDD, 0x8F,
		0x44, 0x4F, 0x44, 0x4F, 0x70, 0xDD, 0xDD, 0xDD, 0x0F, 0x78, 0x0D, 0xDD, 0xDD, 0xDD, 0xDD, 0x07,
		0xFF, 0xFF, 0xF0, 0x70, 0x70, 0xDD, 0xDD, 0x07, 0x0F, 0xF9, 0x9F, 0xF0, 0x80, 0xDD, 0xDD, 0x07,
		0x0F, 0xF9, 0x9F, 0xF0, 0x80, 0xDD, 0xDD, 0x07, 0x0F, 0xF9, 0x9F, 0xF0, 0x80, 0xDD, 0xDD, 0xD0,
		0xFF, 0x70, 0x0F, 0x7F, 0x0D, 0xDD, 0xDD, 0x80, 0xFF, 0x70, 0x0F, 0x7F, 0x08, 0xDD, 0xDD, 0xDD,
		0xDD, 0xDD, 0xCC, 0xDD, 0xDD, 0xDD, 0xDD, 0x8F, 0xFF, 0xFF, 0xFF, 0xFF, 0x70, 0xDD, 0xDD, 0x0F,
		0xFF, 0xFF, 0xF0, 0x70, 0x70, 0xDD, 0xDD, 0x0F, 0xFF, 0xFF, 0xF0, 0x70, 0x70, 0xDD, 0xDD, 0x0F,
		0xFF, 0xFF, 0xF0, 0x70, 0x70, 0xDD, 0xDD, 0x03, 0x07, 0x77, 0x77, 0x70, 0x30, 0xDD, 0xDD, 0x0B,
		0xFB, 0xFB, 0xFB, 0xF0, 0xDD, 0xDD, 0xDD, 0x88, 0x0D, 0x88, 0x88, 0x88, 0x80, 0xDD, 0xDD, 0xD0,
		0xFF, 0x70, 0x0F, 0x7F, 0x0D, 0xDD, 0xDD, 0x80, 0xFF, 0x70, 0x0F, 0x7F, 0x08, 0xDD, 0xDD, 0x0D,
		0xD8, 0x88, 0x88, 0x88, 0x80, 0xDD, 0xDD, 0x8F, 0xFF, 0xFF, 0xFF, 0xFF, 0x70, 0xDD, 0xDD, 0x8F,
		0xFF, 0xFF, 0xFF, 0xFF, 0x70, 0xDD, 0xDD, 0x0A, 0xAA, 0x03, 0x30, 0xBB, 0xB0, 0xDD, 0xDD, 0x00,
		0x00, 0xDD, 0xDD, 0xDD, 0xDD, 0xDD, 0xDD, 0x00, 0x00, 0xDD, 0xDD, 0xDD, 0xDD, 0xDD, 0x0D, 0x87,
		0x77, 0x77, 0x78, 0xFF, 0x80, 0xD0, 0x0D, 0x8F, 0xFF, 0xFF, 0xFF, 0xFF, 0x80, 0xD0, 0x0D, 0x8F,
		0x77, 0x78, 0xF7, 0x77, 0x80, 0xD0, 0x0D, 0xDD, 0x0F, 0x78, 0x0D, 0xDD, 0xDD, 0xD0, 0x0D, 0x0F,
		0xFF, 0xFF, 0xF0, 0x70, 0x70, 0xD0, 0x0D, 0x0A, 0xAA, 0x03, 0x30, 0xBB, 0xB0, 0xD0, 0x0D, 0x0A,
		0xAA, 0x03, 0x30, 0xBB, 0xB0, 0xD0, 0x0D, 0x8F, 0x44, 0x4F, 0x44, 0x4F, 0x70, 0xD0, 0x0D, 0xDD,
		0x0F, 0x78, 0x0D, 0xDD, 0xDD, 0xD0, 0x0D, 0x07, 0xFF, 0xFF, 0xF0, 0x70, 0x70, 0xD0, 0x0D, 0x07,
		0x0F, 0xF9, 0x9F, 0xF0, 0x80, 0xD0, 0x0D, 0x07, 0x0F, 0xF9, 0x9F, 0xF0, 0x80, 0xD0, 0x0D, 0x07,
		0x0F, 0xF9, 0x9F, 0xF0, 0x80, 0xD0, 0x0D, 0xD0, 0xFF, 0x70, 0x0F, 0x7F, 0x0D, 0xD0, 0x0D, 0x80,
		0xFF, 0x70, 0x0F, 0x7F, 0x08, 0xD0, 0x0D, 0xDD, 0xDD, 0xDD, 0xCC, 0xDD, 0xDD, 0xD0, 0x0D, 0x8F,
		0xFF, 0xFF, 0xFF, 0xFF, 0x70, 0xD0, 0x0D, 0x0F, 0xFF, 0xFF, 0xF0, 0x70, 0x70, 0xD0, 0x0D, 0x0F,
		0xFF, 0xFF, 0xF0, 0x70, 0x70, 0xD0, 0x0D, 0x0F, 0xFF, 0xFF, 0xF0, 0x70, 0x70, 0xD0, 0x0D, 0x03,
		0x07, 0x77, 0x77, 0x70, 0x30, 0xD0, 0x0D, 0x0B, 0xFB, 0xFB, 0xFB, 0xF0, 0xDD, 0xD0, 0x0D, 0x88,
		0x0D, 0x88, 0x88, 0x88, 0x80, 0xD0, 0x0D, 0xD0, 0xFF, 0x70, 0x0F, 0x7F, 0x0D, 0xD0, 0x0D, 0x80,
		0xFF, 0x70, 0x0F, 0x7F, 0x08, 0xD0, 0x0D, 0x0D, 0xD8, 0x88, 0x88, 0x88, 0x80, 0xD0, 0x0D, 0x8F,
		0xFF, 0xFF, 0xFF, 0xFF, 0x70, 0xD0, 0x0D, 0x8F, 0xFF, 0xFF, 0xFF, 0xFF, 0x70, 0xD0, 0x0D, 0x0A,
		0xAA, 0x03, 0x30, 0xBB, 0xB0, 0xD0, 0x0D, 0x00, 0x00, 0xDD, 0xDD, 0xDD, 0xDD, 0xD0, 0x0D, 0x00,
		0x00, 0xDD, 0xDD, 0xDD, 0xDD, 0xD0, 0xDD, 0x87, 0xF7, 0xFF, 0x78, 0xF7, 0x0D, 0xDD, 0xDD, 0x8B,
		0x7B, 0x7B, 0x7B, 0x88, 0x8D, 0xDD, 0xDD, 0x8F, 0xFF, 0xFF, 0xFF, 0xFF, 0xF0, 0xDD, 0xDD, 0xDD,
		0x0F, 0xF8, 0x0D, 0xDD, 0xDD, 0xDD, 0xDD, 0x00, 0x00, 0x00, 0x00, 0x00, 0x00, 0xDD, 0xDD, 0x0A,
		0xAA, 0x03, 0x30, 0xBB, 0xB0, 0xDD, 0xDD, 0x0A, 0xAA, 0x03, 0x30, 0xBB, 0xB0, 0xDD, 0xDD, 0x8F,
		0xFF, 0xFF, 0xFF, 0xFF, 0x70, 0xDD, 0xDD, 0xDD, 0x0F, 0xF8, 0x0D, 0xDD, 0xDD, 0xDD, 0xDD, 0x00,
		0x00, 0x00, 0x00, 0x00, 0x00, 0xDD, 0xDD, 0x07, 0x00, 0x09, 0x90, 0x00, 0x80, 0xDD, 0xDD, 0x07,
		0x00, 0x09, 0x90, 0x00, 0x80, 0xDD, 0xDD, 0x07, 0x00, 0x09, 0x90, 0x00, 0x80, 0xDD, 0xDD, 0xDD,
		0x00, 0x0D, 0xD0, 0x00, 0xDD, 0xDD, 0xDD, 0x87, 0x00, 0x0D, 0xD0, 0x00, 0x78, 0xDD, 0xDD, 0xDD,
		0xDD, 0xDD, 0xDD, 0xDD, 0xDD, 0xDD, 0xDD, 0x8F, 0x0F, 0x0F, 0x0F, 0x0F, 0x00, 0xDD, 0xDD, 0x00,
		0x00, 0x00, 0x00, 0x00, 0x00, 0xDD, 0xDD, 0x00, 0x00, 0x00, 0x00, 0x00, 0x00, 0xDD, 0xDD, 0x00,
		0x00, 0x00, 0x00, 0x00, 0x00, 0xDD, 0xDD, 0x03, 0x07, 0x77, 0x77, 0x70, 0x00, 0xDD, 0xDD, 0x0F,
		0xBF, 0x00, 0x00, 0x00, 0xDD, 0xDD, 0xDD, 0x00, 0x0D, 0x00, 0x00, 0x00, 0x00, 0xDD, 0xDD, 0xDD,
		0x00, 0x0D, 0xD0, 0x00, 0xDD, 0xDD, 0xDD, 0x87, 0x00, 0x0D, 0xD0, 0x00, 0x78, 0xDD, 0xDD, 0x0D,
		0xD0, 0x00, 0x00, 0x00, 0x00, 0xDD, 0xDD, 0x8F, 0x0F, 0x0F, 0x0F, 0x0F, 0x00, 0xDD, 0xDD, 0x8F,
		0x0F, 0x0F, 0x0F, 0x0F, 0x00, 0xDD, 0xDD, 0x0A, 0xAA, 0x03, 0x30, 0xBB, 0xB0, 0xDD, 0xDD, 0x0F,
		0xF0, 0xDD, 0xDD, 0xDD, 0xDD, 0xDD, 0xDD, 0x0F, 0xF0, 0xD0, 0x00, 0xD0, 0x00, 0xDD, 0x0D, 0x87,
		0xF7, 0xFF, 0x78, 0xF7, 0x0D, 0xD0, 0x0D, 0x8B, 0x7B, 0x7B, 0x7B, 0x88, 0x8D, 0xD0, 0x0D, 0x8F,
		0xFF, 0xFF, 0xFF, 0xFF, 0xF0, 0xD0, 0x0D, 0xDD, 0x0F, 0xF8, 0x0D, 0xDD, 0xDD, 0xD0, 0x0D, 0x00,
		0x00, 0x00, 0x00, 0x00, 0x00, 0xD0, 0x0D, 0x0A, 0xAA, 0x03, 0x30, 0xBB, 0xB0, 0xD0, 0x0D, 0x0A,
		0xAA, 0x03, 0x30, 0xBB, 0xB0, 0xD0, 0x0D, 0x8F, 0xFF, 0xFF, 0xFF, 0xFF, 0x70, 0xD0, 0x0D, 0xDD,
		0x0F, 0xF8, 0x0D, 0xDD, 0xDD, 0xD0, 0x0D, 0x00, 0x00, 0x00, 0x00, 0x00, 0x00, 0xD0, 0x0D, 0x07,
		0x00, 0x09, 0x90, 0x00, 0x80, 0xD0, 0x0D, 0x07, 0x00, 0x09, 0x90, 0x00, 0x80, 0xD0, 0x0D, 0x07,
		0x00, 0x09, 0x90, 0x00, 0x80, 0xD0, 0x0D, 0xDD, 0x00, 0x0D, 0xD0, 0x00, 0xDD, 0xD0, 0x0D, 0x87,
		0x00, 0x0D, 0xD0, 0x00, 0x78, 0xD0, 0x0D, 0xDD, 0xDD, 0xDD, 0xDD, 0xDD, 0xDD, 0xD0, 0x0D, 0x8F,
		0x0F, 0x0F, 0x0F, 0x0F, 0x00, 0xD0, 0x0D, 0x00, 0x00, 0x00, 0x00, 0x00, 0x00, 0xD0, 0x0D, 0x00,
		0x00, 0x00, 0x00, 0x00, 0x00, 0xD0, 0x0D, 0x00, 0x00, 0x00, 0x00, 0x00, 0x00, 0xD0, 0x0D, 0x03,
		0x07, 0x77, 0x77, 0x70, 0x00, 0xD0, 0x0D, 0x0F, 0xBF, 0x00, 0x00, 0x00, 0xDD, 0xD0, 0x0D, 0x00,
		0x0D, 0x00, 0x00, 0x00, 0x00, 0xD0, 0x0D, 0xDD, 0x00, 0x0D, 0xD0, 0x00, 0xDD, 0xD0, 0x0D, 0x87,
		0x00, 0x0D, 0xD0, 0x00, 0x78, 0xD0, 0x0D, 0x0D, 0xD0, 0x00, 0x00, 0x00, 0x00, 0xD0, 0x0D, 0x8F,
		0x0F, 0x0F, 0x0F, 0x0F, 0x00, 0xD0, 0x0D, 0x8F, 0x0F, 0x0F, 0x0F, 0x0F, 0x00, 0xD0, 0x0D, 0x0A,
		0xAA, 0x03, 0x30, 0xBB, 0xB0, 0xD0, 0x0D, 0x0F, 0xF0, 0xDD, 0xDD, 0xDD, 0xDD, 0xD0, 0x0D, 0x0F,
		0xF0, 0xD0, 0x00, 0xD0, 0x00, 0xD0, 0xDD, 0x87, 0x77, 0x77, 0x78, 0x70, 0xDD, 0xDD, 0xDD, 0xD8,
		0xB7, 0xB7, 0xB8, 0xDD, 0xDD, 0xDD, 0xDD, 0x8C, 0xCC, 0xCC, 0xCC, 0xCC, 0xC0, 0xDD, 0xDD, 0xDD,
		0xD0, 0x00, 0xDD, 0xDD, 0xDD, 0xDD, 0xDD, 0x0F, 0xFF, 0xFF, 0xFF, 0xFF, 0xF0, 0xDD, 0xDD, 0x0A,
		0xAA, 0x03, 0x30, 0xBB, 0xB0, 0xDD, 0xDD, 0x0A, 0xAA, 0x03, 0x30, 0xBB, 0xB0, 0xDD, 0xDD, 0x8C,
		0xCC, 0xCC, 0xCC, 0xCC, 0xC0, 0xDD, 0xDD, 0xDD, 0xD0, 0x00, 0xDD, 0xDD, 0xDD, 0xDD, 0xDD, 0x0F,
		0xFF, 0xFF, 0xFF, 0xFF, 0xF0, 0xDD, 0xDD, 0x07, 0x77, 0x77, 0x77, 0x77, 0x80, 0xDD, 0xDD, 0x07,
		0x77, 0x77, 0x77, 0x77, 0x80, 0xDD, 0xDD, 0x07, 0x77, 0x77, 0x77, 0x77, 0x80, 0xDD, 0xDD, 0xDD,
		0xDD, 0xDD, 0xDD, 0xDD, 0xDD, 0xDD, 0xDD, 0x07, 0x78, 0xDD, 0xDD, 0x87, 0x70, 0xDD, 0xDD, 0x0D,
		0xDD, 0xD0, 0xDD, 0xDD, 0xD0, 0xDD, 0xDD, 0xD0, 0xF8, 0xF8, 0xF8, 0xF8, 0xF0, 0xDD, 0xDD, 0x0F,
		0xFF, 0xFF, 0xFF, 0xFF, 0xF0, 0xDD, 0xDD, 0x0F, 0xFF, 0xFF, 0xFF, 0xFF, 0xF0, 0xDD, 0xDD, 0x0F,
		0xFF, 0xFF, 0xFF, 0xFF, 0xF0, 0xDD, 0xDD, 0x03, 0x07, 0x77, 0x77, 0x70, 0x70, 0xDD, 0xDD, 0xD0,
		0x00, 0xDD, 0xDD, 0xDD, 0xDD, 0xDD, 0xDD, 0x8C, 0x0D, 0x8F, 0xFF, 0xFF, 0xF0, 0xDD, 0xDD, 0xDD,
		0xDD, 0xDD, 0xDD, 0xDD, 0xDD, 0xDD, 0xDD, 0x07, 0x78, 0xDD, 0xDD, 0x87, 0x70, 0xDD, 0xDD, 0x00,
		0x08, 0xFF, 0xFF, 0xFF, 0xF0, 0xDD, 0xDD, 0xD0, 0xF8, 0xF8, 0xF8, 0xF8, 0xF0, 0xDD, 0xDD, 0xD0,
		0xF8, 0xF8, 0xF8, 0xF8, 0xF0, 0xDD, 0xDD, 0x0A, 0xAA, 0x03, 0x30, 0xBB, 0xB0, 0xDD, 0xDD, 0x0F,
		0xF0, 0xDD, 0xDD, 0xDD, 0xDD, 0xDD, 0xDD, 0x0F, 0xF0, 0xD8, 0xF0, 0xD8, 0xF0, 0xDD, 0x0D, 0x87,
		0x77, 0x77, 0x78, 0x70, 0xDD, 0xD0, 0x0D, 0xD8, 0xB7, 0xB7, 0xB8, 0xDD, 0xDD, 0xD0, 0x0D, 0x8C,
		0xCC, 0xCC, 0xCC, 0xCC, 0xC0, 0xD0, 0x0D, 0xDD, 0xD0, 0x00, 0xDD, 0xDD, 0xDD, 0xD0, 0x0D, 0x0F,
		0xFF, 0xFF, 0xFF, 0xFF, 0xF0, 0xD0, 0x0D, 0x0A, 0xAA, 0x03, 0x30, 0xBB, 0xB0, 0xD0, 0x0D, 0x0A,
		0xAA, 0x03, 0x30, 0xBB, 0xB0, 0xD0, 0x0D, 0x8C, 0xCC, 0xCC, 0xCC, 0xCC, 0xC0, 0xD0, 0x0D, 0xDD,
		0xD0, 0x00, 0xDD, 0xDD, 0xDD, 0xD0, 0x0D, 0x0F, 0xFF, 0xFF, 0xFF, 0xFF, 0xF0, 0xD0, 0x0D, 0x07,
		0x77, 0x77, 0x77, 0x77, 0x80, 0xD0, 0x0D, 0x07, 0x77, 0x77, 0x77, 0x77, 0x80, 0xD0, 0x0D, 0x07,
		0x77, 0x77, 0x77, 0x77, 0x80, 0xD0, 0x0D, 0xDD, 0xDD, 0xDD, 0xDD, 0xDD, 0xDD, 0xD0, 0x0D, 0x07,
		0x78, 0xDD, 0xDD, 0x87, 0x70, 0xD0, 0x0D, 0x0D, 0xDD, 0xD0, 0xDD, 0xDD, 0xD0, 0xD0, 0x0D, 0xD0,
		0xF8, 0xF8, 0xF8, 0xF8, 0xF0, 0xD0, 0x0D, 0x0F, 0xFF, 0xFF, 0xFF, 0xFF, 0xF0, 0xD0, 0x0D, 0x0F,
		0xFF, 0xFF, 0xFF, 0xFF, 0xF0, 0xD0, 0x0D, 0x0F, 0xFF, 0xFF, 0xFF, 0xFF, 0xF0, 0xD0, 0x0D, 0x03,
		0x07, 0x77, 0x77, 0x70, 0x70, 0xD0, 0x0D, 0xD0, 0x00, 0xDD, 0xDD, 0xDD, 0xDD, 0xD0, 0x0D, 0x8C,
		0x0D, 0x8F, 0xFF, 0xFF, 0xF0, 0xD0, 0x0D, 0xDD, 0xDD, 0xDD, 0xDD, 0xDD, 0xDD, 0xD0, 0x0D, 0x07,
		0x78, 0xDD, 0xDD, 0x87, 0x70, 0xD0, 0x0D, 0x00, 0x08, 0xFF, 0xFF, 0xFF, 0xF0, 0xD0, 0x0D, 0xD0,
		0xF8, 0xF8, 0xF8, 0xF8, 0xF0, 0xD0, 0x0D, 0xD0, 0xF8, 0xF8, 0xF8, 0xF8, 0xF0, 0xD0, 0x0D, 0x0A,
		0xAA, 0x03, 0x30, 0xBB, 0xB0, 0xD0, 0x0D, 0x0F, 0xF0, 0xDD, 0xDD, 0xDD, 0xDD, 0xD0, 0x0D, 0x0F,
		0xF0, 0xD8, 0xF0, 0xD8, 0xF0, 0xD0, 0xDD, 0x88, 0x88, 0x88, 0x88, 0x0D, 0xDD, 0xDD, 0xDD, 0xDD,
		0x88, 0x88, 0x8D, 0xDD, 0xDD, 0xDD, 0xDD, 0x88, 0x88, 0x88, 0x88, 0x88, 0x80, 0xDD, 0xDD, 0xDD,
		0xDD, 0xDD, 0xDD, 0xDD, 0xDD, 0xDD, 0xDD, 0x00, 0x00, 0x00, 0x00, 0x00, 0x00, 0xDD, 0xDD, 0x00,
		0x00, 0x00, 0x00, 0x00, 0x00, 0xDD, 0xDD, 0x00, 0x00, 0x00, 0x00, 0x00, 0x00, 0xDD, 0xDD, 0x88,
		0x88, 0x88, 0x88, 0x88, 0x80, 0xDD, 0xDD, 0xDD, 0xDD, 0xDD, 0xDD, 0xDD, 0xDD, 0xDD, 0xDD, 0x00,
		0x00, 0x00, 0x00, 0x00, 0x00, 0xDD, 0xDD, 0x00, 0x00, 0x00, 0x00, 0x00, 0x00, 0xDD, 0xDD, 0x00,
		0x00, 0x00, 0x00, 0x00, 0x00, 0xDD, 0xDD, 0x00, 0x00, 0x00, 0x00, 0x00, 0x00, 0xDD, 0xDD, 0xDD,
		0xDD, 0xDD, 0xDD, 0xDD, 0xDD, 0xDD, 0xDD, 0x00, 0x00, 0x00, 0x00, 0x00, 0x00, 0xDD, 0xDD, 0x00,
		0x00, 0x00, 0x00, 0x00, 0x00, 0xDD, 0xDD, 0xDD, 0x0D, 0x0D, 0x0D, 0x0D, 0x0D, 0xDD, 0xDD, 0x00,
		0x00, 0x00, 0x00, 0x00, 0x00, 0xDD, 0xDD, 0x00, 0x00, 0x00, 0x00, 0x00, 0x00, 0xDD, 0xDD, 0x00,
		0x00, 0x00, 0x00, 0x00, 0x00, 0xDD, 0xDD, 0x00, 0x00, 0x00, 0x00, 0x00, 0x00, 0xDD, 0xDD, 0xDD,
		0xDD, 0xDD, 0xDD, 0xDD, 0xDD, 0xDD, 0xDD, 0x88, 0x0D, 0x88, 0x88, 0x88, 0x80, 0xDD, 0xDD, 0xDD,
		0xDD, 0xDD, 0xDD, 0xDD, 0xDD, 0xDD, 0xDD, 0x00, 0x00, 0x00, 0x00, 0x00, 0x00, 0xDD, 0xDD, 0xDD,
		0xD8, 0x88, 0x88, 0x88, 0x80, 0xDD, 0xDD, 0xDD, 0x0D, 0x0D, 0x0D, 0x0D, 0x0D, 0xDD, 0xDD, 0xDD,
		0x0D, 0x0D, 0x0D, 0x0D, 0x0D, 0xDD, 0xDD, 0x00, 0x00, 0x00, 0x00, 0x00, 0x00, 0xDD, 0xDD, 0x00,
		0x00, 0xDD, 0xDD, 0xDD, 0xDD, 0xDD, 0xDD, 0x00, 0x00, 0xD8, 0x80, 0xD8, 0x80, 0xDD, 0x0D, 0x88,
		0x88, 0x88, 0x88, 0x0D, 0xDD, 0xD0, 0x0D, 0xDD, 0x88, 0x88, 0x8D, 0xDD, 0xDD, 0xD0, 0x0D, 0x88,
		0x88, 0x88, 0x88, 0x88, 0x80, 0xD0, 0x0D, 0xDD, 0xDD, 0xDD, 0xDD, 0xDD, 0xDD, 0xD0, 0x0D, 0x00,
		0x00, 0x00, 0x00, 0x00, 0x00, 0xD0, 0x0D, 0x00, 0x00, 0x00, 0x00, 0x00, 0x00, 0xD0, 0x0D, 0x00,
		0x00, 0x00, 0x00, 0x00, 0x00, 0xD0, 0x0D, 0x88, 0x88, 0x88, 0x88, 0x88, 0x80, 0xD0, 0x0D, 0xDD,
		0xDD, 0xDD, 0xDD, 0xDD, 0xDD, 0xD0, 0x0D, 0x00, 0x00, 0x00, 0x00, 0x00, 0x00, 0xD0, 0x0D, 0x00,
		0x00, 0x00, 0x00, 0x00, 0x00, 0xD0, 0x0D, 0x00, 0x00, 0x00, 0x00, 0x00, 0x00, 0xD0, 0x0D, 0x00,
		0x00, 0x00, 0x00, 0x00, 0x00, 0xD0, 0x0D, 0xDD, 0xDD, 0xDD, 0xDD, 0xDD, 0xDD, 0xD0, 0x0D, 0x00,
		0x00, 0x00, 0x00, 0x00, 0x00, 0xD0, 0x0D, 0x00, 0x00, 0x00, 0x00, 0x00, 0x00, 0xD0, 0x0D, 0xDD,
		0x0D, 0x0D, 0x0D, 0x0D, 0x0D, 0xD0, 0x0D, 0x00, 0x00, 0x00, 0x00, 0x00, 0x00, 0xD0, 0x0D, 0x00,
		0x00, 0x00, 0x00, 0x00, 0x00, 0xD0, 0x0D, 0x00, 0x00, 0x00, 0x00, 0x00, 0x00, 0xD0, 0x0D, 0x00,
		0x00, 0x00, 0x00, 0x00, 0x00, 0xD0, 0x0D, 0xDD, 0xDD, 0xDD, 0xDD, 0xDD, 0xDD, 0xD0, 0x0D, 0x88,
		0x0D, 0x88, 0x88, 0x88, 0x80, 0xD0, 0x0D, 0xDD, 0xDD, 0xDD, 0xDD, 0xDD, 0xDD, 0xD0, 0x0D, 0x00,
		0x00, 0x00, 0x00, 0x00, 0x00, 0xD0, 0x0D, 0xDD, 0xD8, 0x88, 0x88, 0x88, 0x80, 0xD0, 0x0D, 0xDD,
		0x0D, 0x0D, 0x0D, 0x0D, 0x0D, 0xD0, 0x0D, 0xDD, 0x0D, 0x0D, 0x0D, 0x0D, 0x0D, 0xD0, 0x0D, 0x00,
		0x00, 0x00, 0x00, 0x00, 0x00, 0xD0, 0x0D, 0x00, 0x00, 0xDD, 0xDD, 0xDD, 0xDD, 0xD0, 0x0D, 0x00,
		0x00, 0xD8, 0x80, 0xD8, 0x80, 0xD0, 0xDD, 0xDD, 0xDD, 0xDD, 0xDD, 0xDD, 0xDD, 0xDD, 0xDD, 0xDD,
		0xDD, 0xDD, 0xDD, 0xDD, 0xDD, 0xDD, 0xDD, 0xDD, 0xDD, 0xDD, 0xDD, 0xDD, 0xDD, 0xDD, 0xDD, 0xDD,
		0xDD, 0xDD, 0xDD, 0xDD, 0xDD, 0xDD, 0xDD, 0xDD, 0xDD, 0xDD, 0xDD, 0xDD, 0xDD, 0xDD, 0xDD, 0xDD,
		0xDD, 0xDD, 0xDD, 0xDD, 0xDD, 0xDD, 0xDD, 0xDD, 0xDD, 0xDD, 0xDD, 0xDD, 0xDD, 0xDD, 0xDD, 0xDD,
		0xDD, 0xDD, 0xDD, 0xDD, 0xDD, 0xDD, 0xDD, 0xDD, 0xDD, 0xDD, 0xDD, 0xDD, 0xDD, 0xDD, 0xDD, 0xDD,
		0xDD, 0xDD, 0xDD, 0xDD, 0xDD, 0xDD, 0xDD, 0xDD, 0xDD, 0xDD, 0xDD, 0xDD, 0xDD, 0xDD, 0xDD, 0xDD,
		0xDD, 0xDD, 0xDD, 0xDD, 0xDD, 0xDD, 0xDD, 0xDD, 0xDD, 0xDD, 0xDD, 0xDD, 0xDD, 0xDD, 0xDD, 0xDD,
		0xDD, 0xDD, 0xDD, 0xDD, 0xDD, 0xDD, 0xDD, 0xDD, 0xDD, 0xDD, 0xDD, 0xDD, 0xDD, 0xDD, 0xDD, 0xDD,
		0xDD, 0xDD, 0xDD, 0xDD, 0xDD, 0xDD, 0xDD, 0xDD, 0xDD, 0xDD, 0xDD, 0xDD, 0xDD, 0xDD, 0xDD, 0xDD,
		0xDD, 0xDD, 0xDD, 0xDD, 0xDD, 0xDD, 0xDD, 0xDD, 0xDD, 0xDD, 0xDD, 0xDD, 0xDD, 0xDD, 0xDD, 0xDD,
		0xDD, 0xDD, 0xDD, 0xDD, 0xDD, 0xDD, 0xDD, 0xDD, 0xDD, 0xDD, 0xDD, 0xDD, 0xDD, 0xDD, 0xDD, 0xDD,
		0xDD, 0xDD, 0xDD, 0xDD, 0xDD, 0xDD, 0xDD, 0xDD, 0xDD, 0xDD, 0xDD, 0xDD, 0xDD, 0xDD, 0xDD, 0xDD,
		0xDD, 0xDD, 0xDD, 0xDD, 0xDD, 0xDD, 0xDD, 0xDD, 0xDD, 0xDD, 0xDD, 0xDD, 0xDD, 0xDD, 0xDD, 0xDD,
		0xDD, 0xDD, 0xDD, 0xDD, 0xDD, 0xDD, 0xDD, 0xDD, 0xDD, 0xDD, 0xDD, 0xDD, 0xDD, 0xDD, 0xDD, 0xDD,
		0xDD, 0xDD, 0xDD, 0xDD, 0xDD, 0xDD, 0xDD, 0xDD, 0xDD, 0xDD, 0xDD, 0xDD, 0xDD, 0xDD, 0xDD, 0xDD,
		0xDD, 0xDD, 0xDD, 0xDD, 0xDD, 0xDD, 0xDD, 0xDD, 0xDD, 0xDD, 0xDD, 0xDD, 0xDD, 0xDD, 0x0D, 0xDD,
		0xDD, 0xDD, 0xDD, 0xDD, 0xDD, 0xD0, 0x0D, 0xDD, 0xDD, 0xDD, 0xDD, 0xDD, 0xDD, 0xD0, 0x0D, 0xDD,
		0xDD, 0xDD, 0xDD, 0xDD, 0xDD, 0xD0, 0x0D, 0xDD, 0xDD, 0xDD, 0xDD, 0xDD, 0xDD, 0xD0, 0x0D, 0xDD,
		0xDD, 0xDD, 0xDD, 0xDD, 0xDD, 0xD0, 0x0D, 0xDD, 0xDD, 0xDD, 0xDD, 0xDD, 0xDD, 0xD0, 0x0D, 0xDD,
		0xDD, 0xDD, 0xDD, 0xDD, 0xDD, 0xD0, 0x0D, 0xDD, 0xDD, 0xDD, 0xDD, 0xDD, 0xDD, 0xD0, 0x0D, 0xDD,
		0xDD, 0xDD, 0xDD, 0xDD, 0xDD, 0xD0, 0x0D, 0xDD, 0xDD, 0xDD, 0xDD, 0xDD, 0xDD, 0xD0, 0x0D, 0xDD,
		0xDD, 0xDD, 0xDD, 0xDD, 0xDD, 0xD0, 0x0D, 0xDD, 0xDD, 0xDD, 0xDD, 0xDD, 0xDD, 0xD0, 0x0D, 0xDD,
		0xDD, 0xDD, 0xDD, 0xDD, 0xDD, 0xD0, 0x0D, 0xDD, 0xDD, 0xDD, 0xDD, 0xDD, 0xDD, 0xD0, 0x0D, 0xDD,
		0xDD, 0xDD, 0xDD, 0xDD, 0xDD, 0xD0, 0x0D, 0xDD, 0xDD, 0xDD, 0xDD, 0xDD, 0xDD, 0xD0, 0x0D, 0xDD,
		0xDD, 0xDD, 0xDD, 0xDD, 0xDD, 0xD0, 0x0D, 0xDD, 0xDD, 0xDD, 0xDD, 0xDD, 0xDD, 0xD0, 0x0D, 0xDD,
		0xDD, 0xDD, 0xDD, 0xDD, 0xDD, 0xD0, 0x0D, 0xDD, 0xDD, 0xDD, 0xDD, 0xDD, 0xDD, 0xD0, 0x0D, 0xDD,
		0xDD, 0xDD, 0xDD, 0xDD, 0xDD, 0xD0, 0x0D, 0xDD, 0xDD, 0xDD, 0xDD, 0xDD, 0xDD, 0xD0, 0x0D, 0xDD,
		0xDD, 0xDD, 0xDD, 0xDD, 0xDD, 0xD0, 0x0D, 0xDD, 0xDD, 0xDD, 0xDD, 0xDD, 0xDD, 0xD0, 0x0D, 0xDD,
		0xDD, 0xDD, 0xDD, 0xDD, 0xDD, 0xD0, 0x0D, 0xDD, 0xDD, 0xDD, 0xDD, 0xDD, 0xDD, 0xD0, 0x0D, 0xDD,
		0xDD, 0xDD, 0xDD, 0xDD, 0xDD, 0xD0, 0x0D, 0xDD, 0xDD, 0xDD, 0xDD, 0xDD, 0xDD, 0xD0, 0x0D, 0xDD,
		0xDD, 0xDD, 0xDD, 0xDD, 0xDD, 0xD0, 0x0D, 0xDD, 0xDD, 0xDD, 0xDD, 0xDD, 0xDD, 0xD0, 0x0D, 0xDD,
		0xDD, 0xDD, 0xDD, 0xDD, 0xDD, 0xD0, 0xDD, 0xDD, 0xDD, 0xDD, 0xDD, 0xDD, 0xDD, 0xDD, 0xDD, 0xDD,
		0xDD, 0xDD, 0xDD, 0xDD, 0xDD, 0xDD, 0xDD, 0xDD, 0xDD, 0xDD, 0xDD, 0xDD, 0xDD, 0xDD, 0xDD, 0xDD,
		0xDD, 0xDD, 0xDD, 0xDD, 0xDD, 0xDD, 0xDD, 0xDD, 0xDD, 0xDD, 0xDD, 0xDD, 0xDD, 0xDD, 0xDD, 0xDD,
		0xDD, 0xDD, 0xDD, 0xDD, 0xDD, 0xDD, 0xDD, 0xDD, 0xDD, 0xDD, 0xDD, 0xDD, 0xDD, 0xDD, 0xDD, 0xDD,
		0xDD, 0xDD, 0xDD, 0xDD, 0xDD, 0xDD, 0xDD, 0xDD, 0xDD, 0xDD, 0xDD, 0xDD, 0xDD, 0xDD, 0xDD, 0xDD,
		0xDD, 0xDD, 0xDD, 0xDD, 0xDD, 0xDD, 0xDD, 0xDD, 0xDD, 0xDD, 0xDD, 0xDD, 0xDD, 0xDD, 0xDD, 0xDD,
		0xDD, 0xDD, 0xDD, 0xDD, 0xDD, 0xDD, 0xDD, 0xDD, 0xDD, 0xDD, 0xDD, 0xDD, 0xDD, 0xDD, 0xDD, 0xDD,
		0xDD, 0xDD, 0xDD, 0xDD, 0xDD, 0xDD, 0xDD, 0xDD, 0xDD, 0xDD, 0xDD, 0xDD, 0xDD, 0xDD, 0xDD, 0xDD,
		0xDD, 0xDD, 0xDD, 0xDD, 0xDD, 0xDD, 0xDD, 0xDD, 0xDD, 0xDD, 0xDD, 0xDD, 0xDD, 0xDD, 0xDD, 0xDD,
		0xDD, 0xDD, 0xDD, 0xDD, 0xDD, 0xDD, 0xDD, 0xDD, 0xDD, 0xDD, 0xDD, 0xDD, 0xDD, 0xDD, 0xDD, 0xDD,
		0xDD, 0xDD, 0xDD, 0xDD, 0xDD, 0xDD, 0xDD, 0xDD, 0xDD, 0xDD, 0xDD, 0xDD, 0xDD, 0xDD, 0xDD, 0xDD,
		0xDD, 0xDD, 0xDD, 0xDD, 0xDD, 0xDD, 0xDD, 0xDD, 0xDD, 0xDD, 0xDD, 0xDD, 0xDD, 0xDD, 0xDD, 0xDD,
		0xDD, 0xDD, 0xDD, 0xDD, 0xDD, 0xDD, 0xDD, 0xDD, 0xDD, 0xDD, 0xDD, 0xDD, 0xDD, 0xDD, 0xDD, 0xDD,
		0xDD, 0xDD, 0xDD, 0xDD, 0xDD, 0xDD, 0xDD, 0xDD, 0xDD, 0xDD, 0xDD, 0xDD, 0xDD, 0xDD, 0xDD, 0xDD,
		0xDD, 0xDD, 0xDD, 0xDD, 0xDD, 0xDD, 0xDD, 0xDD, 0xDD, 0xDD, 0xDD, 0xDD, 0xDD, 0xDD, 0xDD, 0xDD,
		0xDD, 0xDD, 0xDD, 0xDD, 0xDD, 0xDD, 0xDD, 0xDD, 0xDD, 0xDD, 0xDD, 0xDD, 0xDD, 0xDD, 0x00, 0x00,
		0x00, 0x00, 0x00, 0x00, 0x00, 0x00, 0x00, 0x00, 0x00, 0x00, 0x00, 0x00, 0x00, 0x00, 0x00, 0x00,
		0x00, 0x00, 0x00, 0x00, 0x00, 0x00, 0x00, 0x00, 0x00, 0x00, 0x00, 0x00, 0x00, 0x00, 0x00, 0x00,
		0x00, 0x00, 0x00, 0x00, 0x00, 0x00, 0x00, 0x00, 0x00, 0x00, 0x00, 0x00, 0x00, 0x00, 0x00, 0x00,
		0x00, 0x00, 0x00, 0x00, 0x00, 0x00, 0x00, 0x00, 0x00, 0x00, 0x00, 0x00, 0x00, 0x00, 0x00, 0x00,
		0x00, 0x00, 0x00, 0x00, 0x00, 0x00, 0x00, 0x00, 0x00, 0x00, 0x00, 0x00, 0x00, 0x00, 0x00, 0x00,
		0x00, 0x00, 0x00, 0x00, 0x00, 0x00, 0x00, 0x00, 0x00, 0x00, 0x00, 0x00, 0x00, 0x00, 0x00, 0x00,
		0x00, 0x00, 0x00, 0x00, 0x00, 0x00, 0x00, 0x00, 0x00, 0x00, 0x00, 0x00, 0x00, 0x00, 0x00, 0x00,
		0x00, 0x00, 0x00, 0x00, 0x00, 0x00, 0x00, 0x00, 0x00, 0x00, 0x00, 0x00, 0x00, 0x00, 0x00, 0x00,
		0x00, 0x00, 0x00, 0x00, 0x00, 0x00, 0x00, 0x00, 0x00, 0x00, 0x00, 0x00, 0x00, 0x00, 0x00, 0x00,
		0x00, 0x00, 0x00, 0x00, 0x00, 0x00, 0x00, 0x00, 0x00, 0x00, 0x00, 0x00, 0x00, 0x00, 0x00, 0x00,
		0x00, 0x00, 0x00, 0x00, 0x00, 0x00, 0x00, 0x00, 0x00, 0x00, 0x00, 0x00, 0x00, 0x00, 0x00, 0x00,
		0x00, 0x00, 0x00, 0x00, 0x00, 0x00, 0x00, 0x00, 0x00, 0x00, 0x00, 0x00, 0x00, 0x00, 0x00, 0x00,
		0x00, 0x00, 0x00, 0x00, 0x00, 0x00, 0x00, 0x00, 0x00, 0x00, 0x00, 0x00, 0x00, 0x00, 0x00, 0x00,
		0x00, 0x00, 0x00, 0x00, 0x00, 0x00, 0x00, 0x00, 0x00, 0x00, 0x00, 0x00, 0x00, 0x00, 0x00, 0x00,
		0x00, 0x00, 0x00, 0x00, 0x00, 0x00, 0x00, 0x00, 0x00, 0x00, 0x00, 0x00, 0x00, 0x00, 0x00, 0x00,
		0x00, 0x00, 0x00, 0x00, 0x00, 0x00,
	};

	// pc_header.bmp, 502 bytes.
	const unsigned char DATA_IDB_PC_HEADER_IMAGE_LIST[] =
	{
		0x42, 0x4D, 0xF6, 0x01, 0x00, 0x00, 0x00, 0x00, 0x00, 0x00, 0x76, 0x00, 0x00, 0x00, 0x28, 0x00,
		0x00, 0x00, 0x30, 0x00, 0x00, 0x00, 0x10, 0x00, 0x00, 0x00, 0x01, 0x00, 0x04, 0x00, 0x00, 0x00,
		0x00, 0x00, 0x80, 0x01, 0x00, 0x00, 0x00, 0x00, 0x00, 0x00, 0x00, 0x00, 0x00, 0x00, 0x10, 0x00,
		0x00, 0x00, 0x10, 0x00, 0x00, 0x00, 0x00, 0x00, 0x00, 0x00, 0x00, 0x00, 0x80, 0x00, 0x00, 0x80,
		0x00, 0x00, 0x00, 0x80, 0x80, 0x00, 0x80, 0x00, 0x00, 0x00, 0x80, 0x00, 0x80, 0x00, 0x80, 0x80,
		0x00, 0x00, 0xC0, 0xC0, 0xC0, 0x00, 0x80, 0x80, 0x80, 0x00, 0x00, 0x00, 0xFF, 0x00, 0x00, 0xFF,
		0x00, 0x00, 0x00, 0xFF, 0xFF, 0x00, 0xFF, 0x00, 0x00, 0x00, 0xFF, 0x00, 0xFF, 0x00, 0xFF, 0xFF,
		0x00, 0x00, 0xFF, 0xFF, 0xFF, 0x00, 0xDD, 0xDD, 0xDD, 0xDD, 0x00, 0x0D, 0x00, 0x00, 0xDD, 0x00,
		0x00, 0x00, 0x00, 0x00, 0x00, 0xDD, 0xD0, 0x00, 0x00, 0x00, 0x00, 0x00, 0x00, 0x0D, 0xDD, 0xDD,
		0xD0, 0x00, 0x8F, 0x0D, 0x8F, 0xF0, 0xDD, 0x08, 0x87, 0xF8, 0x70, 0xF8, 0x70, 0xDD, 0xD8, 0xFF,
		0xFF, 0xFF, 0xFF, 0xFF, 0xFF, 0x0D, 0xDD, 0xDD, 0xD0, 0xDD, 0x88, 0x0D, 0x88, 0x80, 0xDD, 0x00,
		0x00, 0x00, 0x00, 0x00, 0x00, 0xDD, 0xD8, 0xFF, 0xFF, 0xFF, 0xFF, 0xFF, 0xFF, 0x0D, 0xDD, 0xDD,
		0xD0, 0xDD, 0xDD, 0xDD, 0xDD, 0xDD, 0xDD, 0x08, 0x87, 0xF8, 0x70, 0xF8, 0x70, 0xDD, 0xD8, 0xFF,
		0x00, 0x00, 0x00, 0x00, 0xFF, 0x0D, 0xDD, 0xDD, 0xD0, 0xDD, 0x00, 0x0D, 0x00, 0x00, 0xDD, 0x00,
		0x00, 0x00, 0x00, 0x00, 0x00, 0xDD, 0xD8, 0xFF, 0xFF, 0xFF, 0xFF, 0xFF, 0xFF, 0x0D, 0xDD, 0xDD,
		0xD0, 0x00, 0x8F, 0x0D, 0x8F, 0xF0, 0xDD, 0x08, 0x87, 0xF8, 0x70, 0xF8, 0x70, 0xDD, 0xD8, 0xFF,
		0x00, 0x00, 0x00, 0x00, 0xFF, 0x0D, 0xDD, 0xDD, 0xD0, 0xDD, 0x88, 0x0D, 0x88, 0x80, 0xDD, 0x00,
		0x00, 0x00, 0x00, 0x00, 0x00, 0xDD, 0xD8, 0xFF, 0xFF, 0xFF, 0xFF, 0xFF, 0xFF, 0x0D, 0xDD, 0xDD,
		0xD0, 0xDD, 0xDD, 0xDD, 0xDD, 0xDD, 0xDD, 0xDD, 0xDD, 0x08, 0x87, 0xF8, 0x70, 0xDD, 0xD8, 0xFF,
		0x00, 0x00, 0x00, 0x00, 0xFF, 0x0D, 0xDD, 0xDD, 0x00, 0x0D, 0x00, 0x00, 0x00, 0x00, 0xDD, 0xDD,
		0xDD, 0x00, 0x00, 0x00, 0x00, 0xDD, 0xD8, 0xFF, 0xFF, 0xFF, 0xFF, 0xFF, 0xFF, 0x0D, 0xD0, 0x00,
		0x8F, 0x0D, 0x8F, 0xFF, 0xFF, 0xF0, 0xDD, 0xDD, 0xDD, 0x08, 0x87, 0xF8, 0x70, 0xDD, 0xD8, 0xFF,
		0x00, 0x00, 0x00, 0x00, 0xFF, 0x0D, 0xD0, 0xDD, 0x88, 0x0D, 0x88, 0x88, 0x88, 0x80, 0xDD, 0xDD,
		0xDD, 0x00, 0x00, 0x00, 0x00, 0xDD, 0xD8, 0xFF, 0xFF, 0xFF, 0xFF, 0xFF, 0xFF, 0x0D, 0xD0, 0xDD,
		0xDD, 0xDD, 0xDD, 0xDD, 0xDD, 0xDD, 0xDD, 0xDD, 0xDD, 0x08, 0x87, 0xF8, 0x70, 0xDD, 0xD8, 0xFF,
		0x00, 0x00, 0x00, 0xF0, 0x00, 0x0D, 0x00, 0x0D, 0x00, 0x00, 0x00, 0x00, 0x00, 0x00, 0xDD, 0xDD,
		0xDD, 0x00, 0x00, 0x00, 0x00, 0xDD, 0xD8, 0xFF, 0xFF, 0xFF, 0xFF, 0xF8, 0x78, 0xDD, 0x8F, 0x0D,
		0x8F, 0xFF, 0xFF, 0xFF, 0xFF, 0xF0, 0xDD, 0xDD, 0xDD, 0x08, 0x87, 0xF8, 0x70, 0xDD, 0xD8, 0xFF,
		0xFF, 0xFF, 0xFF, 0xF8, 0x8D, 0xDD, 0x88, 0x0D, 0x88, 0x88, 0x88, 0x88, 0x88, 0x80, 0xDD, 0xDD,
		0xDD, 0x00, 0x00, 0x00, 0x00, 0xDD, 0xD8, 0x88, 0x88, 0x88, 0x88, 0x88, 0xDD, 0xDD, 0xDD, 0xDD,
		0xDD, 0xDD, 0xDD, 0xDD, 0xDD, 0xDD, 0xDD, 0xDD, 0xDD, 0xDD, 0xDD, 0xDD, 0xDD, 0xDD, 0xDD, 0xDD,
		0xDD, 0xDD, 0xDD, 0xDD, 0xDD, 0xDD,
	};

	// toolbar_pc.bmp, 1526 bytes.
	const unsigned char DATA_IDT_PROPERTY_CONTROL[] =
	{
		0x42, 0x4D, 0xF6, 0x05, 0x00, 0x00, 0x00, 0x00, 0x00, 0x00, 0x76, 0x00, 0x00, 0x00, 0x28, 0x00,
		0x00, 0x00, 0xB0, 0x00, 0x00, 0x00, 0x10, 0x00, 0x00, 0x00, 0x01, 0x00, 0x04, 0x00, 0x00, 0x00,
		0x00, 0x00, 0x80, 0x05, 0x00, 0x00, 0x00, 0x00, 0x00, 0x00, 0x00, 0x00, 0x00, 0x00, 0x10, 0x00,
		0x00, 0x00, 0x10, 0x00, 0x00, 0x00, 0x00, 0x00, 0x00, 0x00, 0x00, 0x00, 0x80, 0x00, 0x00, 0x80,
		0x00, 0x00, 0x00, 0x80, 0x80, 0x00, 0x80, 0x00, 0x00, 0x00, 0x80, 0x00, 0x80, 0x00, 0x80, 0x80,
		0x00, 0x00, 0xC0, 0xC0, 0xC0, 0x00, 0x80, 0x80, 0x80, 0x00, 0x00, 0x00, 0xFF, 0x00, 0x00, 0xFF,
		0x00, 0x00, 0x00, 0xFF, 0xFF, 0x00, 0xFF, 0x00, 0x00, 0x00, 0xFF, 0x00, 0xFF, 0x00, 0xFF, 0xFF,
		0x00, 0x00, 0xFF, 0xFF, 0xFF, 0x00, 0x77, 0x77, 0x77, 0x77, 0x77, 0x77, 0x77, 0x77, 0x77, 0x77,
		0x77, 0x77, 0x77, 0x77, 0x77, 0x77, 0x77, 0x77, 0x77, 0x77, 0x78, 0x88, 0x87, 0x77, 0x77, 0x77,
		0x77, 0x77, 0x77, 0x77, 0x77, 0x77, 0x77, 0x77, 0x77, 0x77, 0x77, 0x77, 0x77, 0x77, 0x77, 0x77,
		0x77, 0x77, 0x77, 0x77, 0x77, 0x77, 0x77, 0x77, 0x77, 0x77, 0x77, 0x77, 0x77, 0x77, 0x77, 0x79,
		0x77, 0x77, 0x77, 0x79, 0x77, 0x77, 0x70, 0x00, 0x00, 0x00, 0x00, 0x00, 0x77, 0x77, 0x70, 0x00,
		0x00, 0x00, 0x00, 0x00, 0x77, 0x77, 0x00, 0x00, 0x00, 0x00, 0x00, 0x00, 0x00, 0x00, 0x77, 0x77,
		0x77, 0x77, 0x77, 0x77, 0x77, 0x77, 0x77, 0x77, 0x77, 0x77, 0x77, 0x77, 0x77, 0x77, 0x77, 0x77,
		0x77, 0x77, 0x00, 0x00, 0x87, 0x77, 0x77, 0x77, 0x77, 0x77, 0x77, 0x77, 0x77, 0x77, 0x77, 0x87,
		0x77, 0x77, 0x77, 0x77, 0x77, 0x87, 0x77, 0x77, 0x00, 0x00, 0x67, 0x77, 0x77, 0x77, 0x70, 0x00,
		0x00, 0x00, 0x00, 0x00, 0x77, 0x77, 0x70, 0x99, 0x90, 0x00, 0x00, 0x99, 0x97, 0x77, 0x70, 0x7F,
		0x66, 0x66, 0x66, 0x60, 0x77, 0x77, 0x70, 0x7F, 0x66, 0x66, 0x66, 0x60, 0x77, 0x77, 0x07, 0x77,
		0x77, 0x77, 0x88, 0x88, 0x88, 0x80, 0x77, 0x77, 0x77, 0x78, 0x88, 0x87, 0x77, 0x77, 0x77, 0x77,
		0x77, 0x77, 0x77, 0x77, 0x77, 0x77, 0x77, 0x77, 0x77, 0x78, 0x06, 0x60, 0x87, 0x77, 0x77, 0x77,
		0x77, 0x77, 0x77, 0x77, 0x77, 0x77, 0x70, 0x87, 0x77, 0x77, 0x77, 0x77, 0x70, 0x87, 0x77, 0x70,
		0x67, 0x77, 0x00, 0x67, 0x70, 0x67, 0x70, 0x7F, 0x66, 0x66, 0x66, 0x60, 0x77, 0x77, 0x70, 0x79,
		0x99, 0x66, 0x69, 0x99, 0x77, 0x77, 0x70, 0x00, 0x00, 0x00, 0x00, 0x00, 0x77, 0x77, 0x70, 0x00,
		0x00, 0x00, 0x00, 0x00, 0x77, 0x77, 0x07, 0x77, 0x77, 0x77, 0x08, 0x88, 0x88, 0x80, 0x77, 0x77,
		0x77, 0x00, 0x00, 0x87, 0x77, 0x77, 0x77, 0x77, 0x77, 0x77, 0x77, 0x77, 0x77, 0x77, 0x77, 0x77,
		0x77, 0x00, 0x00, 0x60, 0x88, 0x88, 0x77, 0x77, 0x77, 0x88, 0x88, 0x88, 0x88, 0x88, 0x70, 0x87,
		0x77, 0x77, 0x77, 0x77, 0x70, 0x87, 0x77, 0x06, 0x77, 0x77, 0x77, 0x06, 0x00, 0x67, 0x70, 0x00,
		0x00, 0x00, 0x00, 0x00, 0x77, 0x77, 0x70, 0x00, 0x99, 0x90, 0x99, 0x90, 0x77, 0x77, 0x70, 0x77,
		0x77, 0x77, 0x77, 0x77, 0x77, 0x77, 0x70, 0x77, 0x77, 0x77, 0x77, 0x77, 0x77, 0x77, 0x07, 0x77,
		0x77, 0x70, 0x88, 0x88, 0x88, 0x80, 0x77, 0x77, 0x77, 0x06, 0x60, 0x87, 0x77, 0x77, 0x77, 0x77,
		0x77, 0x77, 0x77, 0x77, 0x77, 0x77, 0x77, 0x77, 0x78, 0x06, 0x60, 0x60, 0x00, 0x08, 0x77, 0x77,
		0x70, 0x00, 0x00, 0x00, 0x00, 0x08, 0x70, 0x87, 0x77, 0x77, 0x77, 0x77, 0x70, 0x87, 0x77, 0x06,
		0x77, 0x77, 0x77, 0x70, 0x00, 0x67, 0x70, 0x7F, 0x66, 0x66, 0x66, 0x60, 0x77, 0x77, 0x70, 0x7F,
		0x69, 0x99, 0x99, 0x60, 0x77, 0x77, 0x70, 0x00, 0x70, 0x00, 0x77, 0x00, 0x00, 0x00, 0x70, 0x71,
		0x11, 0x11, 0x11, 0x77, 0x77, 0x77, 0x07, 0x77, 0x77, 0x77, 0x08, 0x88, 0x88, 0x80, 0x77, 0x77,
		0x88, 0x06, 0x60, 0x88, 0x88, 0x77, 0x77, 0x77, 0x88, 0x88, 0x88, 0x88, 0x88, 0x77, 0x77, 0x77,
		0x00, 0x00, 0x60, 0x66, 0x66, 0x08, 0x77, 0x77, 0x80, 0x66, 0x66, 0x66, 0x66, 0x08, 0x70, 0x87,
		0x70, 0x77, 0x77, 0x07, 0x70, 0x87, 0x77, 0x06, 0x77, 0x77, 0x77, 0x00, 0x00, 0x67, 0x70, 0x00,
		0x00, 0x00, 0x00, 0x00, 0x77, 0x77, 0x70, 0x00, 0x00, 0x99, 0x90, 0x00, 0x77, 0x77, 0x70, 0x00,
		0x70, 0x07, 0x77, 0x07, 0xF6, 0x60, 0x70, 0x01, 0x7F, 0x11, 0x11, 0x77, 0x11, 0x71, 0x07, 0x77,
		0x77, 0x70, 0x88, 0x88, 0x88, 0x80, 0x77, 0x70, 0x00, 0x06, 0x60, 0x00, 0x08, 0x77, 0x77, 0x70,
		0x00, 0x00, 0x00, 0x00, 0x08, 0x77, 0x77, 0x77, 0x06, 0x60, 0x60, 0x00, 0x06, 0x07, 0x77, 0x70,
		0x00, 0x00, 0x00, 0x00, 0x06, 0x07, 0x70, 0x87, 0x00, 0x00, 0x00, 0x00, 0x70, 0x87, 0x77, 0x70,
		0x67, 0x77, 0x70, 0x00, 0x00, 0x67, 0x70, 0x7F, 0x66, 0x66, 0x66, 0x60, 0x77, 0x77, 0x70, 0x7F,
		0x69, 0x99, 0x99, 0x60, 0x77, 0x77, 0x70, 0x77, 0x70, 0x70, 0x07, 0x00, 0x00, 0x00, 0x70, 0x71,
		0x11, 0x11, 0x11, 0x77, 0x77, 0x11, 0x07, 0x77, 0x77, 0x77, 0x08, 0x88, 0x88, 0x80, 0x77, 0x70,
		0x66, 0x66, 0x66, 0x66, 0x08, 0x77, 0x77, 0x70, 0x66, 0x66, 0x66, 0x66, 0x08, 0x77, 0x77, 0x88,
		0x06, 0x60, 0x66, 0x66, 0x00, 0x07, 0x77, 0x80, 0x66, 0x66, 0x66, 0x66, 0x00, 0x07, 0x70, 0x80,
		0x66, 0x66, 0x66, 0x66, 0x00, 0x87, 0x77, 0x70, 0x67, 0x77, 0x77, 0x77, 0x77, 0x77, 0x70, 0x00,
		0x00, 0x00, 0x00, 0x00, 0x77, 0x77, 0x70, 0x00, 0x99, 0x90, 0x99, 0x90, 0x77, 0x77, 0x70, 0x77,
		0x77, 0x77, 0x77, 0x77, 0x77, 0x77, 0x70, 0x77, 0x77, 0x77, 0x77, 0x77, 0x71, 0x11, 0x07, 0x77,
		0x77, 0x70, 0x88, 0x88, 0x88, 0x80, 0x77, 0x70, 0x66, 0x66, 0x66, 0x66, 0x08, 0x77, 0x77, 0x70,
		0x66, 0x66, 0x66, 0x66, 0x08, 0x77, 0x70, 0x00, 0x06, 0x60, 0x00, 0x06, 0x08, 0x77, 0x70, 0x00,
		0x00, 0x00, 0x00, 0x06, 0x08, 0x77, 0x70, 0x80, 0x66, 0x66, 0x66, 0x66, 0x00, 0x87, 0x77, 0x77,
		0x77, 0x77, 0x77, 0x77, 0x06, 0x77, 0x70, 0x7F, 0x66, 0x66, 0x66, 0x60, 0x77, 0x77, 0x70, 0x79,
		0x99, 0x66, 0x69, 0x99, 0x77, 0x77, 0x70, 0x00, 0x00, 0x00, 0x00, 0x00, 0x77, 0x77, 0x70, 0x00,
		0x00, 0x00, 0x00, 0x00, 0x77, 0x77, 0x07, 0x77, 0x77, 0x77, 0x08, 0x88, 0x88, 0x80, 0x77, 0x70,
		0x00, 0x06, 0x60, 0x00, 0x07, 0x77, 0x77, 0x70, 0x00, 0x00, 0x00, 0x00, 0x07, 0x77, 0x70, 0x66,
		0x66, 0x66, 0x66, 0x00, 0x07, 0x77, 0x70, 0x66, 0x66, 0x66, 0x66, 0x00, 0x07, 0x77, 0x70, 0x87,
		0x00, 0x00, 0x00, 0x00, 0x70, 0x87, 0x77, 0x00, 0x00, 0x06, 0x77, 0x77, 0x06, 0x77, 0x00, 0x00,
		0x00, 0x00, 0x00, 0x00, 0x77, 0x77, 0x00, 0x99, 0x90, 0x00, 0x00, 0x99, 0x97, 0x77, 0x70, 0x7F,
		0x66, 0x66, 0x66, 0x60, 0x77, 0x77, 0x70, 0x7F, 0x66, 0x66, 0x66, 0x60, 0x77, 0x77, 0x07, 0x77,
		0x77, 0x70, 0x88, 0x88, 0x88, 0x80, 0x77, 0x77, 0x77, 0x06, 0x60, 0x87, 0x77, 0x77, 0x77, 0x77,
		0x77, 0x77, 0x77, 0x77, 0x77, 0x77, 0x70, 0x66, 0x66, 0x66, 0x66, 0x08, 0x77, 0x77, 0x70, 0x66,
		0x66, 0x66, 0x66, 0x08, 0x77, 0x77, 0x70, 0x87, 0x70, 0x77, 0x77, 0x07, 0x70, 0x87, 0x77, 0x00,
		0x00, 0x67, 0x77, 0x77, 0x70, 0x67, 0x0F, 0xF0, 0x77, 0x77, 0x77, 0x77, 0x77, 0x77, 0x0F, 0xF9,
		0x77, 0x77, 0x77, 0x79, 0x77, 0x77, 0x70, 0x00, 0x00, 0x00, 0x00, 0x00, 0x77, 0x77, 0x70, 0x00,
		0x00, 0x00, 0x00, 0x00, 0x77, 0x77, 0x07, 0x77, 0x77, 0x77, 0x08, 0x88, 0x88, 0x80, 0x77, 0x77,
		0x77, 0x06, 0x60, 0x87, 0x77, 0x77, 0x77, 0x77, 0x77, 0x77, 0x77, 0x77, 0x77, 0x77, 0x70, 0x00,
		0x06, 0x60, 0x00, 0x07, 0x77, 0x77, 0x70, 0x00, 0x00, 0x00, 0x00, 0x07, 0x77, 0x77, 0x70, 0x87,
		0x77, 0x77, 0x77, 0x77, 0x70, 0x87, 0x77, 0x00, 0x06, 0x77, 0x77, 0x77, 0x70, 0x67, 0x0F, 0xF0,
		0x70, 0x00, 0x77, 0x77, 0x77, 0x77, 0x0F, 0xF0, 0x77, 0x77, 0x77, 0x77, 0x77, 0x77, 0x70, 0x7F,
		0x66, 0x66, 0x66, 0x60, 0x77, 0x77, 0x70, 0x7F, 0x66, 0x66, 0x66, 0x60, 0x77, 0x77, 0x07, 0x77,
		0x77, 0x70, 0x88, 0x88, 0x88, 0x80, 0x77, 0x77, 0x77, 0x00, 0x00, 0x77, 0x77, 0x77, 0x77, 0x77,
		0x77, 0x77, 0x77, 0x77, 0x77, 0x77, 0x77, 0x77, 0x06, 0x60, 0x87, 0x77, 0x77, 0x77, 0x77, 0x77,
		0x77, 0x77, 0x77, 0x77, 0x77, 0x77, 0x70, 0x87, 0x77, 0x77, 0x77, 0x77, 0x70, 0x87, 0x77, 0x00,
		0x60, 0x67, 0x77, 0x77, 0x70, 0x67, 0x00, 0x00, 0x70, 0x07, 0x77, 0x00, 0x00, 0x00, 0x00, 0x00,
		0x77, 0x77, 0x77, 0x79, 0x97, 0x17, 0x00, 0x00, 0x00, 0x00, 0x00, 0x00, 0x77, 0x77, 0x00, 0x00,
		0x00, 0x00, 0x00, 0x00, 0x77, 0x77, 0x07, 0x77, 0x77, 0x77, 0x08, 0x88, 0x88, 0x80, 0x77, 0x77,
		0x77, 0x77, 0x77, 0x77, 0x77, 0x77, 0x77, 0x77, 0x77, 0x77, 0x77, 0x77, 0x77, 0x77, 0x77, 0x77,
		0x06, 0x60, 0x87, 0x77, 0x77, 0x77, 0x77, 0x77, 0x77, 0x77, 0x77, 0x77, 0x77, 0x77, 0x70, 0x77,
		0x77, 0x77, 0x77, 0x77, 0x70, 0x77, 0x77, 0x06, 0x77, 0x00, 0x67, 0x77, 0x06, 0x77, 0x77, 0x77,
		0x70, 0x70, 0x07, 0x07, 0xF6, 0x60, 0x77, 0x77, 0x77, 0x77, 0x77, 0x77, 0x71, 0x17, 0x0F, 0xF0,
		0x77, 0x77, 0x77, 0x77, 0x77, 0x77, 0x0F, 0xF0, 0x77, 0x77, 0x77, 0x77, 0x77, 0x77, 0x07, 0x77,
		0x77, 0x70, 0x88, 0x88, 0x88, 0x80, 0x77, 0x77, 0x77, 0x77, 0x77, 0x77, 0x77, 0x77, 0x77, 0x77,
		0x77, 0x77, 0x77, 0x77, 0x77, 0x77, 0x77, 0x77, 0x00, 0x00, 0x77, 0x77, 0x77, 0x77, 0x77, 0x77,
		0x77, 0x77, 0x77, 0x77, 0x77, 0x77, 0x77, 0x77, 0x77, 0x77, 0x77, 0x77, 0x77, 0x77, 0x77, 0x77,
		0x77, 0x77, 0x00, 0x00, 0x67, 0x77, 0x77, 0x77, 0x77, 0x77, 0x77, 0x00, 0x00, 0x00, 0x77, 0x77,
		0x77, 0x77, 0x77, 0x77, 0x11, 0x17, 0x0F, 0xF0, 0x77, 0x77, 0x77, 0x77, 0x77, 0x77, 0x07, 0x70,
		0x77, 0x77, 0x77, 0x77, 0x77, 0x77, 0x07, 0x77, 0x77, 0x77, 0x88, 0x88, 0x88, 0x80, 0x77, 0x77,
		0x77, 0x77, 0x77, 0x77, 0x77, 0x77, 0x77, 0x77, 0x77, 0x77, 0x77, 0x77, 0x77, 0x77, 0x77, 0x77,
		0x77, 0x77, 0x77, 0x77, 0x77, 0x77, 0x77, 0x77, 0x77, 0x77, 0x77, 0x77, 0x77, 0x77, 0x77, 0x77,
		0x77, 0x77, 0x77, 0x77, 0x77, 0x77, 0x77, 0x77, 0x77, 0x77, 0x77, 0x77, 0x77, 0x77, 0x77, 0x77,
		0x77, 0x77, 0x77, 0x77, 0x77, 0x77, 0x77, 0x77, 0x77, 0x77, 0x77, 0x77, 0x77, 0x77, 0x00, 0x00,
		0x77, 0x77, 0x77, 0x77, 0x77, 0x77, 0x00, 0x00, 0x77, 0x77, 0x77, 0x77, 0x77, 0x77, 0x00, 0x00,
		0x00, 0x00, 0x00, 0x00, 0x00, 0x00,
	};

	// toolbar_view.bmp, 502 bytes.
	const unsigned char DATA_IDT_VIEW[] =
	{
		0x42, 0x4D, 0xF6, 0x01, 0x00, 0x00, 0x00, 0x00, 0x00, 0x00, 0x76, 0x00, 0x00, 0x00, 0x28, 0x00,
		0x00, 0x00, 0x30, 0x00, 0x00, 0x00, 0x10, 0x00, 0x00, 0x00, 0x01, 0x00, 0x04, 0x00, 0x00, 0x00,
		0x00, 0x00, 0x80, 0x01, 0x00, 0x00, 0x00, 0x00, 0x00, 0x00, 0x00, 0x00, 0x00, 0x00, 0x10, 0x00,
		0x00, 0x00, 0x10, 0x00, 0x00, 0x00, 0x00, 0x00, 0x00, 0x00, 0x00, 0x00, 0x80, 0x00, 0x00, 0x80,
		0x00, 0x00, 0x00, 0x80, 0x80, 0x00, 0x80, 0x00, 0x00, 0x00, 0x80, 0x00, 0x80, 0x00, 0x80, 0x80,
		0x00, 0x00, 0xC0, 0xC0, 0xC0, 0x00, 0x80, 0x80, 0x80, 0x00, 0x00, 0x00, 0xFF, 0x00, 0x00, 0xFF,
		0x00, 0x00, 0x00, 0xFF, 0xFF, 0x00, 0xFF, 0x00, 0x00, 0x00, 0xFF, 0x00, 0xFF, 0x00, 0xFF, 0xFF,
		0x00, 0x00, 0xFF, 0xFF, 0xFF, 0x00, 0x70, 0x00, 0x00, 0x00, 0x00, 0x00, 0x00, 0x00, 0x7F, 0x0F,
		0x77, 0x77, 0x77, 0x77, 0x77, 0x77, 0x78, 0x88, 0x88, 0x88, 0x88, 0x88, 0x88, 0x88, 0x07, 0x87,
		0x77, 0x77, 0x77, 0x77, 0x77, 0x80, 0x7F, 0x0F, 0x7F, 0xFF, 0x7F, 0xFF, 0xFF, 0x77, 0x00, 0x00,
		0x00, 0x00, 0x00, 0x00, 0x00, 0x00, 0x0F, 0x0F, 0xFF, 0xFF, 0x6F, 0xFF, 0xFF, 0x80, 0x7F, 0x0F,
		0x7F, 0x00, 0xF0, 0x00, 0x00, 0xF7, 0x0F, 0xFF, 0xFF, 0xFF, 0xFF, 0xFF, 0xFF, 0xF0, 0x0F, 0x8F,
		0xFF, 0xF8, 0x80, 0x00, 0x0F, 0x80, 0x7F, 0x0F, 0x7F, 0x0F, 0xF6, 0x66, 0x66, 0xF7, 0x0F, 0x01,
		0x11, 0x11, 0x11, 0x11, 0x11, 0xF0, 0x08, 0x88, 0xFF, 0xF8, 0xFF, 0xFF, 0xFF, 0x80, 0x7F, 0x0F,
		0x7F, 0x0F, 0x7F, 0xFF, 0xFF, 0x77, 0x0F, 0xFF, 0xFF, 0xFF, 0xFF, 0xFF, 0xFF, 0xF0, 0x70, 0x00,
		0xFF, 0x86, 0x77, 0x77, 0x7F, 0x80, 0x7F, 0x0F, 0x7F, 0x0F, 0x7F, 0xFF, 0xFF, 0xF7, 0x0F, 0x01,
		0x1F, 0x11, 0x1F, 0x11, 0x11, 0xF0, 0x0F, 0xF0, 0xFF, 0x88, 0x00, 0x00, 0x0F, 0x80, 0x7F, 0x0F,
		0x7F, 0x00, 0xF0, 0x00, 0x00, 0xF7, 0x0F, 0xFF, 0xFF, 0xFF, 0xFF, 0xFF, 0xFF, 0xF0, 0x0F, 0x70,
		0xFF, 0x8F, 0xFF, 0xFF, 0xFF, 0x80, 0x7F, 0x0F, 0x7F, 0x0F, 0xF6, 0x66, 0x66, 0xF7, 0x0F, 0x06,
		0x66, 0x66, 0x66, 0x6F, 0x66, 0xF0, 0x0F, 0x70, 0xFF, 0x86, 0x77, 0x77, 0x7F, 0x80, 0x7F, 0x0F,
		0x7F, 0x0F, 0x7F, 0xFF, 0xFF, 0x77, 0x0F, 0xFF, 0xFF, 0xFF, 0xFF, 0xFF, 0xFF, 0xF0, 0x08, 0x80,
		0xFF, 0x88, 0x00, 0x00, 0x0F, 0x80, 0x7F, 0x0F, 0x7F, 0x0F, 0xFF, 0x77, 0x77, 0x77, 0x0F, 0x06,
		0x66, 0x66, 0xFF, 0x66, 0x66, 0xF0, 0x70, 0x00, 0xFF, 0x8F, 0xFF, 0xFF, 0xFF, 0x80, 0x7F, 0x00,
		0xF0, 0x00, 0x00, 0xF7, 0x77, 0x77, 0x0F, 0xFF, 0xFF, 0xFF, 0xFF, 0xFF, 0xFF, 0xF0, 0x0F, 0xF0,
		0xF8, 0x67, 0x77, 0x77, 0x7F, 0x80, 0x7F, 0x0F, 0xF6, 0x66, 0x66, 0xF7, 0x77, 0x77, 0x0F, 0x06,
		0x66, 0x66, 0x66, 0x66, 0x66, 0xF0, 0x0F, 0x70, 0xF8, 0x80, 0x00, 0x00, 0x0F, 0x80, 0x7F, 0x0F,
		0x7F, 0xFF, 0xFF, 0x77, 0x77, 0x77, 0x0F, 0xFF, 0xFF, 0xFF, 0xFF, 0xFF, 0xFF, 0xF0, 0x0F, 0x70,
		0xFF, 0xFF, 0xFF, 0xFF, 0xFF, 0x80, 0xFF, 0x0F, 0xFF, 0x77, 0x77, 0x77, 0x77, 0x77, 0x00, 0x00,
		0x00, 0x00, 0x00, 0x00, 0x00, 0x00, 0x08, 0x80, 0x88, 0x88, 0x88, 0x88, 0x88, 0x80, 0xF0, 0x00,
		0x00, 0xF7, 0x77, 0x77, 0x77, 0x77, 0x07, 0x77, 0x77, 0x77, 0x77, 0x77, 0x77, 0x70, 0x70, 0x00,
		0x00, 0x00, 0x00, 0x00, 0x00, 0x00, 0xF6, 0x66, 0x66, 0xF7, 0x77, 0x77, 0x77, 0x77, 0x00, 0x00,
		0x00, 0x00, 0x00, 0x00, 0x00, 0x00,
	};

	// toolbar_selection.bmp, 1014 bytes.
	const unsigned char DATA_IDT_SELECTION[] =
	{
		0x42, 0x4D, 0xF6, 0x03, 0x00, 0x00, 0x00, 0x00, 0x00, 0x00, 0x76, 0x00, 0x00, 0x00, 0x28, 0x00,
		0x00, 0x00, 0x70, 0x00, 0x00, 0x00, 0x10, 0x00, 0x00, 0x00, 0x01, 0x00, 0x04, 0x00, 0x00, 0x00,
		0x00, 0x00, 0x80, 0x03, 0x00, 0x00, 0x00, 0x00, 0x00, 0x00, 0x00, 0x00, 0x00, 0x00, 0x10, 0x00,
		0x00, 0x00, 0x10, 0x00, 0x00, 0x00, 0x00, 0x00, 0x00, 0x00, 0x00, 0x00, 0x80, 0x00, 0x00, 0x80,
		0x00, 0x00, 0x00, 0x80, 0x80, 0x00, 0x80, 0x00, 0x00, 0x00, 0x80, 0x00, 0x80, 0x00, 0x80, 0x80,
		0x00, 0x00, 0xC0, 0xC0, 0xC0, 0x00, 0x80, 0x80, 0x80, 0x00, 0x00, 0x00, 0xFF, 0x00, 0x00, 0xFF,
		0x00, 0x00, 0x00, 0xFF, 0xFF, 0x00, 0xFF, 0x00, 0x00, 0x00, 0xFF, 0x00, 0xFF, 0x00, 0xFF, 0xFF,
		0x00, 0x00, 0xFF, 0xFF, 0xFF, 0x00, 0x77, 0x77, 0x77, 0x77, 0x77, 0x77, 0x77, 0x77, 0x77, 0x77,
		0x77, 0x77, 0x77, 0x77, 0x77, 0x77, 0x77, 0x77, 0x77, 0x77, 0x77, 0x77, 0x77, 0x77, 0x77, 0x77,
		0x77, 0x77, 0x77, 0x77, 0x77, 0x77, 0x77, 0x77, 0x77, 0x77, 0x77, 0x77, 0x77, 0x77, 0x77, 0x77,
		0x77, 0x77, 0x77, 0x77, 0x77, 0x77, 0x77, 0x77, 0x77, 0x77, 0x77, 0x77, 0x77, 0x77, 0x77, 0x77,
		0x44, 0x77, 0x77, 0x77, 0x77, 0x77, 0x77, 0x77, 0x77, 0x77, 0x77, 0x77, 0x77, 0x77, 0x77, 0x77,
		0x77, 0x44, 0x44, 0x44, 0x44, 0x47, 0x77, 0x77, 0x77, 0x77, 0x77, 0x77, 0x77, 0x77, 0x77, 0x77,
		0x70, 0x00, 0x87, 0x77, 0x77, 0x77, 0x77, 0x77, 0x77, 0x77, 0x77, 0x77, 0x77, 0x77, 0x70, 0x07,
		0x77, 0x70, 0x07, 0x77, 0x77, 0x77, 0x77, 0x74, 0x77, 0x47, 0x74, 0x47, 0x77, 0x77, 0x77, 0x77,
		0x77, 0x44, 0x44, 0x44, 0x44, 0x47, 0x70, 0x00, 0x00, 0x4F, 0xFF, 0xFF, 0xFF, 0x47, 0x77, 0x77,
		0x77, 0x77, 0x77, 0x77, 0x77, 0x77, 0x77, 0x77, 0x77, 0x08, 0x77, 0x77, 0x77, 0x77, 0x00, 0x00,
		0x07, 0x77, 0x77, 0x00, 0x00, 0x07, 0x07, 0x70, 0x77, 0x07, 0x70, 0x77, 0x77, 0x77, 0x77, 0x74,
		0x77, 0x47, 0x47, 0x74, 0x77, 0x77, 0x77, 0x77, 0x77, 0x4F, 0xFF, 0xFF, 0xFF, 0x47, 0x03, 0x83,
		0x83, 0x4F, 0x44, 0x44, 0x4F, 0x47, 0x77, 0x71, 0x87, 0x77, 0x77, 0x77, 0x77, 0x77, 0x77, 0x77,
		0x77, 0x08, 0x77, 0x77, 0x77, 0x77, 0x0F, 0x60, 0x07, 0x77, 0x77, 0x0F, 0x60, 0x07, 0x0E, 0xF0,
		0x77, 0x0E, 0xF0, 0x77, 0x77, 0x77, 0x77, 0x74, 0x77, 0x47, 0x47, 0x74, 0x77, 0x77, 0x77, 0x77,
		0x77, 0x4F, 0x00, 0x00, 0x0F, 0x47, 0x08, 0x38, 0x38, 0x4F, 0xFF, 0xFF, 0xFF, 0x47, 0x77, 0x71,
		0x18, 0x77, 0x77, 0x71, 0x87, 0x77, 0x70, 0x08, 0x07, 0x08, 0x70, 0x80, 0x08, 0x77, 0x0F, 0x60,
		0x07, 0x77, 0x77, 0x0F, 0x60, 0x07, 0x0E, 0xE0, 0x00, 0x0E, 0xE0, 0x00, 0x00, 0x00, 0x77, 0x77,
		0x44, 0x47, 0x47, 0x74, 0x77, 0x77, 0x00, 0x00, 0x00, 0x4F, 0xFF, 0xFF, 0xFF, 0x47, 0x03, 0x83,
		0x83, 0x4F, 0x44, 0x4F, 0x44, 0x47, 0x77, 0x77, 0x11, 0x87, 0x77, 0x71, 0x87, 0x77, 0x08, 0x70,
		0x07, 0x08, 0x70, 0x08, 0x70, 0x87, 0x00, 0x00, 0x00, 0x07, 0x00, 0x00, 0x00, 0x07, 0x70, 0x0F,
		0xFF, 0xF0, 0x00, 0xFF, 0xFF, 0xF0, 0x77, 0x77, 0x77, 0x47, 0x44, 0x47, 0x77, 0x77, 0x0F, 0xFF,
		0xFF, 0x4F, 0x00, 0x00, 0x0F, 0x47, 0x08, 0x38, 0x38, 0x4F, 0xFF, 0xFF, 0x4F, 0x47, 0x77, 0x77,
		0x11, 0x87, 0x71, 0x18, 0x77, 0x77, 0x08, 0x77, 0x07, 0x08, 0x70, 0x87, 0x70, 0x87, 0x00, 0xF6,
		0x00, 0x00, 0x0F, 0x60, 0x00, 0x07, 0x77, 0x00, 0x77, 0x7F, 0xFF, 0x0F, 0xF0, 0xF0, 0x77, 0x77,
		0x77, 0x40, 0x47, 0x77, 0x77, 0x77, 0x0F, 0x00, 0x00, 0x4F, 0xFF, 0xFF, 0xFF, 0x47, 0x03, 0x83,
		0x83, 0x4F, 0xFF, 0xFF, 0x44, 0x77, 0x77, 0x77, 0x71, 0x18, 0x71, 0x17, 0x77, 0x77, 0x70, 0x00,
		0x07, 0x08, 0x70, 0x87, 0x70, 0x87, 0x00, 0xF6, 0x00, 0x70, 0x0F, 0x60, 0x00, 0x07, 0x77, 0x07,
		0x0F, 0xF0, 0xFF, 0xF0, 0xF0, 0xF0, 0x77, 0x77, 0x77, 0x70, 0x77, 0x77, 0x77, 0x77, 0x0F, 0xFF,
		0xFF, 0x4F, 0x00, 0xF4, 0x44, 0x47, 0x08, 0x38, 0x38, 0x44, 0x44, 0x44, 0x40, 0x77, 0x77, 0x77,
		0x71, 0x11, 0x11, 0x87, 0x77, 0x77, 0x08, 0x77, 0x07, 0x08, 0x70, 0x08, 0x70, 0x87, 0x00, 0xF6,
		0x00, 0x70, 0x0F, 0x60, 0x00, 0x07, 0x77, 0x0F, 0x70, 0x70, 0x78, 0xFF, 0x00, 0xF0, 0x77, 0x77,
		0x77, 0x00, 0x07, 0x77, 0x77, 0x77, 0x0F, 0x00, 0x00, 0x4F, 0xFF, 0xF4, 0xF4, 0x77, 0x03, 0x83,
		0x83, 0x83, 0x83, 0x83, 0x80, 0x77, 0x77, 0x77, 0x77, 0x11, 0x18, 0x77, 0x77, 0x77, 0x70, 0x00,
		0x87, 0x08, 0x70, 0x80, 0x08, 0x77, 0x70, 0x00, 0x00, 0x00, 0x00, 0x00, 0x00, 0x77, 0x77, 0x0F,
		0xFF, 0x00, 0xFF, 0xFF, 0xFF, 0xF0, 0x77, 0x77, 0x77, 0x07, 0x07, 0x77, 0x77, 0x77, 0x0F, 0xFF,
		0xFF, 0x4F, 0xFF, 0xF4, 0x47, 0x77, 0x08, 0x30, 0x00, 0x00, 0x00, 0x08, 0x30, 0x77, 0x77, 0x77,
		0x71, 0x11, 0x18, 0x77, 0x77, 0x77, 0x77, 0x77, 0x77, 0x08, 0x70, 0x87, 0x77, 0x77, 0x77, 0x0F,
		0x60, 0x07, 0x0F, 0x60, 0x07, 0x77, 0x77, 0x0F, 0x88, 0x8F, 0x88, 0xFF, 0xFF, 0xF0, 0x77, 0x77,
		0x70, 0x07, 0x00, 0x77, 0x77, 0x77, 0x0F, 0x00, 0xF0, 0x44, 0x44, 0x44, 0x77, 0x77, 0x03, 0x80,
		0x77, 0x77, 0x77, 0x03, 0x80, 0x77, 0x77, 0x71, 0x18, 0x77, 0x11, 0x87, 0x77, 0x77, 0x77, 0x77,
		0x77, 0x08, 0x70, 0x87, 0x77, 0x77, 0x77, 0x00, 0x00, 0x07, 0x00, 0x00, 0x07, 0x77, 0x77, 0x0F,
		0xFF, 0xFF, 0xFF, 0xFF, 0xFF, 0xF0, 0x77, 0x77, 0x70, 0x77, 0x70, 0x77, 0x77, 0x77, 0x0F, 0xFF,
		0xF0, 0xF0, 0x77, 0x77, 0x77, 0x77, 0x08, 0x38, 0x0B, 0x00, 0xB0, 0x38, 0x30, 0x77, 0x77, 0x77,
		0x77, 0x77, 0x71, 0x18, 0x77, 0x77, 0x77, 0x77, 0x77, 0x08, 0x77, 0x77, 0x77, 0x77, 0x77, 0x70,
		0x00, 0x77, 0x70, 0x00, 0x77, 0x77, 0x77, 0x0F, 0x88, 0x88, 0xF8, 0x8F, 0xFF, 0xF0, 0x77, 0x77,
		0x70, 0x77, 0x70, 0x77, 0x77, 0x77, 0x0F, 0xFF, 0xF0, 0x07, 0x77, 0x77, 0x77, 0x77, 0x70, 0x00,
		0x00, 0xBB, 0x00, 0x00, 0x07, 0x77, 0x77, 0x77, 0x77, 0x77, 0x77, 0x11, 0x87, 0x77, 0x77, 0x77,
		0x77, 0x08, 0x77, 0x77, 0x77, 0x77, 0x77, 0x70, 0xF0, 0x77, 0x70, 0xF0, 0x77, 0x77, 0x77, 0x0F,
		0xFF, 0xFF, 0xFF, 0xFF, 0xFF, 0xF0, 0x77, 0x77, 0x70, 0x77, 0x70, 0x77, 0x77, 0x77, 0x00, 0x00,
		0x00, 0x77, 0x77, 0x77, 0x77, 0x77, 0x77, 0x77, 0x70, 0x00, 0x07, 0x77, 0x77, 0x77, 0x77, 0x77,
		0x77, 0x77, 0x77, 0x77, 0x77, 0x77, 0x77, 0x77, 0x70, 0x00, 0x87, 0x77, 0x77, 0x77, 0x77, 0x70,
		0x00, 0x77, 0x70, 0x00, 0x77, 0x77, 0x77, 0x06, 0x66, 0x66, 0x66, 0x66, 0x66, 0x60, 0x77, 0x77,
		0x77, 0x77, 0x77, 0x77, 0x77, 0x77, 0x77, 0x77, 0x77, 0x77, 0x77, 0x77, 0x77, 0x77, 0x77, 0x77,
		0x77, 0x77, 0x77, 0x77, 0x77, 0x77, 0x77, 0x77, 0x77, 0x77, 0x77, 0x77, 0x77, 0x77, 0x77, 0x77,
		0x77, 0x77, 0x77, 0x77, 0x77, 0x77, 0x77, 0x77, 0x77, 0x77, 0x77, 0x77, 0x77, 0x77, 0x77, 0x00,
		0x00, 0x00, 0x00, 0x00, 0x00, 0x00,
	};

	// toolbar_object.bmp, 1526 bytes.
	const unsigned char DATA_IDT_OBJECT[] =
	{
		0x42, 0x4D, 0xF6, 0x05, 0x00, 0x00, 0x00, 0x00, 0x00, 0x00, 0x76, 0x00, 0x00, 0x00, 0x28, 0x00,
		0x00, 0x00, 0xB0, 0x00, 0x00, 0x00, 0x10, 0x00, 0x00, 0x00, 0x01, 0x00, 0x04, 0x00, 0x00, 0x00,
		0x00, 0x00, 0x80, 0x05, 0x00, 0x00, 0x00, 0x00, 0x00, 0x00, 0x00, 0x00, 0x00, 0x00, 0x10, 0x00,
		0x00, 0x00, 0x10, 0x00, 0x00, 0x00, 0x00, 0x00, 0x00, 0x00, 0x00, 0x00, 0x80, 0x00, 0x00, 0x80,
		0x00, 0x00, 0x00, 0x80, 0x80, 0x00, 0x80, 0x00, 0x00, 0x00, 0x80, 0x00, 0x80, 0x00, 0x80, 0x80,
		0x00, 0x00, 0xC0, 0xC0, 0xC0, 0x00, 0x80, 0x80, 0x80, 0x00, 0x00, 0x00, 0xFF, 0x00, 0x00, 0xFF,
		0x00, 0x00, 0x00, 0xFF, 0xFF, 0x00, 0xFF, 0x00, 0x00, 0x00, 0xFF, 0x00, 0xFF, 0x00, 0xFF, 0xFF,
		0x00, 0x00, 0xFF, 0xFF, 0xFF, 0x00, 0x77, 0x77, 0x77, 0x77, 0x77, 0x77, 0x77, 0x77, 0x00, 0x00,
		0x00, 0x00, 0x00, 0x00, 0x00, 0x00, 0x77, 0x77, 0x77, 0x77, 0x77, 0x77, 0x77, 0x77, 0x77, 0x77,
		0x77, 0x77, 0x77, 0x77, 0x77, 0x77, 0x77, 0x77, 0x77, 0x77, 0x77, 0x77, 0x77, 0x77, 0x77, 0x77,
		0x71, 0x87, 0x77, 0x77, 0x77, 0x77, 0x77, 0x77, 0x77, 0x77, 0x77, 0x77, 0x77, 0x77, 0x77, 0x77,
		0x77, 0x77, 0x77, 0x77, 0x77, 0x77, 0x77, 0x77, 0x77, 0x77, 0x77, 0x77, 0x77, 0x77, 0x77, 0x77,
		0x77, 0x77, 0x77, 0x77, 0x77, 0x77, 0x00, 0x00, 0x00, 0x00, 0x00, 0x00, 0x00, 0x00, 0x77, 0x77,
		0x77, 0x77, 0x77, 0x77, 0x70, 0x07, 0x0F, 0xFF, 0xF4, 0xFF, 0xFF, 0xFF, 0xFF, 0x60, 0x77, 0x77,
		0x77, 0x77, 0x77, 0x77, 0x77, 0x77, 0x77, 0x77, 0x00, 0x00, 0x00, 0x00, 0x00, 0x07, 0x77, 0x78,
		0x00, 0x00, 0x00, 0x00, 0x00, 0x07, 0x77, 0x77, 0x79, 0x18, 0x77, 0x77, 0x71, 0x87, 0x77, 0x77,
		0x77, 0x77, 0x88, 0x88, 0x88, 0x77, 0x77, 0x77, 0x77, 0x77, 0x11, 0x78, 0x88, 0x77, 0x77, 0x77,
		0x77, 0x77, 0x88, 0x88, 0x88, 0x77, 0x77, 0x77, 0x77, 0x77, 0x11, 0x78, 0x88, 0x77, 0x07, 0x77,
		0x70, 0x33, 0x33, 0x0F, 0xFF, 0xF0, 0x77, 0x77, 0x77, 0x77, 0x77, 0x77, 0x00, 0x07, 0x0F, 0xFF,
		0x46, 0xF0, 0xFF, 0x77, 0x77, 0x60, 0x77, 0x98, 0x77, 0x77, 0x77, 0x77, 0x77, 0x77, 0x77, 0x78,
		0x88, 0x88, 0x88, 0x88, 0x88, 0x07, 0x77, 0x78, 0x88, 0x78, 0x87, 0x88, 0x78, 0x07, 0x77, 0x77,
		0x77, 0x19, 0x87, 0x77, 0x71, 0x87, 0x77, 0x77, 0x77, 0x78, 0x77, 0x77, 0x78, 0x87, 0x77, 0x77,
		0x77, 0x71, 0x11, 0x17, 0x78, 0x87, 0x77, 0x77, 0x77, 0x78, 0x77, 0x77, 0x78, 0x87, 0x77, 0x77,
		0x77, 0x71, 0x11, 0x17, 0x78, 0x87, 0x07, 0x77, 0x70, 0x33, 0x33, 0x0F, 0xFF, 0xF0, 0x77, 0x77,
		0x78, 0x77, 0x77, 0x70, 0x00, 0x77, 0x0F, 0x74, 0x66, 0x44, 0x4F, 0x4F, 0x4F, 0x60, 0x79, 0x89,
		0x77, 0x77, 0x77, 0x77, 0x77, 0x77, 0x77, 0x78, 0x77, 0xB7, 0xB7, 0xB7, 0xB8, 0x07, 0x77, 0x78,
		0x77, 0x77, 0x77, 0x77, 0x77, 0x07, 0x77, 0x77, 0x77, 0x91, 0x87, 0x79, 0x18, 0x77, 0x77, 0x77,
		0x07, 0x78, 0x77, 0x79, 0x78, 0x18, 0x77, 0x77, 0x07, 0x71, 0x11, 0x19, 0x78, 0x18, 0x77, 0x77,
		0x07, 0x78, 0x77, 0x79, 0x78, 0x28, 0x77, 0x77, 0x07, 0x71, 0x11, 0x19, 0x78, 0x28, 0x07, 0x77,
		0x70, 0x33, 0x33, 0x0F, 0xFF, 0xF0, 0x77, 0x77, 0x86, 0x87, 0x77, 0x00, 0x07, 0x77, 0x0F, 0x66,
		0x66, 0x66, 0x6F, 0x6F, 0x67, 0x60, 0x77, 0x98, 0x76, 0x77, 0x77, 0x77, 0x77, 0x77, 0x77, 0x78,
		0x7B, 0x7B, 0x7B, 0x7B, 0x78, 0x07, 0x77, 0x78, 0x7F, 0x7F, 0xF7, 0xFF, 0x78, 0x07, 0x77, 0x7A,
		0x28, 0x71, 0x98, 0x71, 0x97, 0x77, 0x77, 0x77, 0x00, 0x78, 0x77, 0x77, 0x78, 0x11, 0x77, 0x77,
		0x00, 0x77, 0x11, 0x77, 0x78, 0x11, 0x77, 0x77, 0x00, 0x78, 0x77, 0x77, 0x78, 0x22, 0x77, 0x77,
		0x00, 0x77, 0x11, 0x77, 0x78, 0x22, 0x07, 0x77, 0x70, 0x33, 0x33, 0x0F, 0xFF, 0xF0, 0x77, 0x77,
		0x78, 0x77, 0x70, 0x00, 0x77, 0x77, 0x0F, 0x76, 0x66, 0x66, 0x6F, 0x6F, 0x6F, 0x60, 0x77, 0x77,
		0x77, 0x76, 0x77, 0x77, 0x77, 0x77, 0x77, 0x78, 0x77, 0xB7, 0xB7, 0xB7, 0xB8, 0x07, 0x77, 0x78,
		0x7F, 0x7F, 0xF7, 0xFF, 0x78, 0x07, 0x77, 0x7A, 0x22, 0x79, 0x19, 0x19, 0x87, 0x77, 0x77, 0x77,
		0x01, 0x08, 0x77, 0x77, 0x78, 0x11, 0x77, 0x77, 0x01, 0x07, 0x77, 0x77, 0x78, 0x11, 0x77, 0x77,
		0x02, 0x08, 0x77, 0x77, 0x78, 0x22, 0x77, 0x77, 0x02, 0x07, 0x77, 0x77, 0x78, 0x22, 0x00, 0x00,
		0x00, 0x00, 0x00, 0x00, 0x00, 0x00, 0x77, 0x77, 0x77, 0x77, 0x00, 0x07, 0x77, 0x77, 0x0F, 0xFF,
		0x66, 0xF0, 0xFF, 0x77, 0x77, 0x60, 0x77, 0x77, 0x77, 0x77, 0x76, 0x67, 0x77, 0x77, 0x77, 0x78,
		0x7B, 0x7B, 0x7B, 0x7B, 0x78, 0x07, 0x77, 0x78, 0x77, 0x77, 0x77, 0x77, 0x77, 0x07, 0x77, 0xA2,
		0xA2, 0x87, 0x91, 0x98, 0x77, 0x77, 0x00, 0x00, 0x01, 0x10, 0xFF, 0xFF, 0xF8, 0x11, 0x00, 0x00,
		0x01, 0x17, 0x11, 0x7F, 0xF8, 0x11, 0x00, 0x00, 0x02, 0x20, 0xFF, 0xFF, 0xF8, 0x22, 0x00, 0x00,
		0x02, 0x27, 0x11, 0x7F, 0xF8, 0x22, 0x0C, 0xCC, 0xC0, 0xDD, 0xDD, 0x0E, 0xEE, 0xE0, 0x77, 0x87,
		0x77, 0x70, 0x60, 0x77, 0x77, 0x77, 0x0F, 0x77, 0x76, 0xF0, 0xFF, 0x4F, 0xFF, 0x60, 0x77, 0x98,
		0x77, 0x77, 0x77, 0x77, 0x74, 0x87, 0x77, 0x78, 0x77, 0xB7, 0xB7, 0xB7, 0xB8, 0x07, 0x77, 0x78,
		0x7F, 0x7F, 0xF7, 0xFF, 0x78, 0x07, 0x77, 0x2A, 0x2A, 0x29, 0x19, 0x18, 0x77, 0x77, 0x17, 0x11,
		0x1F, 0xF1, 0x07, 0x77, 0x78, 0x11, 0x17, 0x11, 0x1F, 0xF8, 0x11, 0x87, 0x78, 0x11, 0x27, 0x22,
		0x2F, 0xF2, 0x07, 0x77, 0x78, 0x22, 0x27, 0x22, 0x2F, 0xF8, 0x11, 0x87, 0x78, 0x22, 0x0C, 0xCC,
		0xC0, 0xDD, 0xDD, 0x0E, 0xEE, 0xE0, 0x78, 0x68, 0x77, 0x06, 0x07, 0x77, 0x77, 0x77, 0x0F, 0xFF,
		0xFF, 0xF0, 0xFF, 0x64, 0x77, 0x60, 0x79, 0x89, 0x76, 0x66, 0x66, 0x77, 0x48, 0x47, 0x77, 0x78,
		0x7B, 0x7B, 0x7B, 0x7B, 0x78, 0x07, 0x77, 0x78, 0x7F, 0x7F, 0xF7, 0x88, 0x88, 0x07, 0x72, 0xA2,
		0xA1, 0x98, 0x77, 0x91, 0x87, 0x77, 0x1F, 0xFF, 0xFF, 0xFF, 0x10, 0x77, 0x78, 0x81, 0x1F, 0xFF,
		0xFF, 0xF1, 0x11, 0x17, 0x78, 0x81, 0x2F, 0xFF, 0xFF, 0xFF, 0x20, 0x77, 0x78, 0x82, 0x2F, 0xFF,
		0xFF, 0xF1, 0x11, 0x17, 0x78, 0x82, 0x0C, 0xCC, 0xC0, 0xDD, 0xDD, 0x0E, 0xEE, 0xE0, 0x77, 0x87,
		0x77, 0x80, 0x77, 0x78, 0x77, 0x77, 0x0F, 0x74, 0x74, 0xF4, 0x44, 0x66, 0x4F, 0x60, 0x77, 0x98,
		0x77, 0x77, 0x77, 0x77, 0x74, 0x87, 0x87, 0x78, 0xB7, 0x77, 0x77, 0x77, 0x78, 0x07, 0x87, 0x78,
		0xB7, 0x77, 0x77, 0x8F, 0xF8, 0x07, 0x7A, 0x28, 0x72, 0xA2, 0x87, 0x79, 0x18, 0x77, 0x1F, 0xFF,
		0xFF, 0xF7, 0x0F, 0xFF, 0xF8, 0x18, 0x1F, 0xFF, 0xFF, 0xF1, 0x11, 0x1F, 0xF8, 0x18, 0x2F, 0xFF,
		0xFF, 0xF7, 0x0F, 0xFF, 0xF8, 0x28, 0x2F, 0xFF, 0xFF, 0xF1, 0x11, 0x1F, 0xF8, 0x28, 0x0C, 0xCC,
		0xC0, 0xDD, 0xDD, 0x0E, 0xEE, 0xE0, 0x77, 0x77, 0x87, 0x77, 0x77, 0x86, 0x87, 0x77, 0x0F, 0xF6,
		0xF6, 0xF6, 0x66, 0x66, 0x66, 0x60, 0x77, 0x77, 0x77, 0x77, 0x76, 0x67, 0x77, 0x77, 0x77, 0xF8,
		0xB7, 0xB7, 0xB7, 0xB8, 0x88, 0x77, 0x77, 0xF8, 0xBF, 0x7F, 0xF7, 0x8F, 0x70, 0x77, 0xA2, 0x87,
		0x77, 0x2A, 0x28, 0x77, 0x91, 0x87, 0x11, 0x11, 0x1F, 0x70, 0x77, 0x77, 0x78, 0x11, 0x11, 0x11,
		0x1F, 0x71, 0x11, 0x17, 0x78, 0x11, 0x22, 0x22, 0x2F, 0x70, 0x77, 0x77, 0x78, 0x22, 0x22, 0x22,
		0x2F, 0x71, 0x11, 0x17, 0x78, 0x22, 0x00, 0x00, 0x00, 0x00, 0x00, 0x00, 0x00, 0x00, 0x77, 0x78,
		0x68, 0x77, 0x77, 0x78, 0x77, 0x77, 0x0F, 0x76, 0x76, 0xF6, 0x66, 0x66, 0x6F, 0x60, 0x77, 0x77,
		0x77, 0x76, 0x77, 0x77, 0x77, 0x77, 0x88, 0x87, 0x8B, 0x7B, 0x7B, 0x87, 0x77, 0x77, 0x88, 0x87,
		0x8B, 0x77, 0x77, 0x87, 0x07, 0x77, 0x77, 0x77, 0x77, 0x72, 0xA2, 0x87, 0x77, 0x77, 0x77, 0x77,
		0x17, 0x08, 0xFF, 0xFF, 0xF8, 0x11, 0x77, 0x77, 0x17, 0x01, 0x11, 0x1F, 0xF8, 0x11, 0x77, 0x77,
		0x27, 0x08, 0xFF, 0xFF, 0xF8, 0x22, 0x77, 0x77, 0x27, 0x01, 0x11, 0x1F, 0xF8, 0x22, 0x09, 0x99,
		0x90, 0xAA, 0xAA, 0x0B, 0xBB, 0xB0, 0x78, 0x77, 0x87, 0x77, 0x77, 0x77, 0x77, 0x77, 0x0F, 0xFF,
		0xFF, 0xF0, 0xFF, 0x66, 0xFF, 0x60, 0x77, 0x98, 0x76, 0x77, 0x77, 0x77, 0x77, 0x77, 0x7B, 0x87,
		0x78, 0x88, 0x88, 0x77, 0x77, 0x77, 0x7B, 0x87, 0x78, 0x88, 0x88, 0x80, 0x77, 0x77, 0x77, 0x77,
		0x77, 0x77, 0x2A, 0x28, 0x77, 0x77, 0x77, 0x77, 0x10, 0x77, 0x81, 0x11, 0x11, 0x81, 0x77, 0x77,
		0x10, 0x71, 0x11, 0x11, 0x11, 0x81, 0x77, 0x77, 0x20, 0x77, 0x82, 0x22, 0x22, 0x82, 0x77, 0x77,
		0x20, 0x71, 0x11, 0x12, 0x22, 0x82, 0x09, 0x99, 0x90, 0xAA, 0xAA, 0x0B, 0xBB, 0xB0, 0x86, 0x87,
		0x77, 0x77, 0x87, 0x77, 0x77, 0x77, 0x0F, 0xFF, 0xFF, 0xF0, 0xFF, 0x6F, 0xFF, 0x60, 0x79, 0x89,
		0x77, 0x77, 0x77, 0x77, 0x77, 0x77, 0x78, 0xB8, 0xB8, 0xB7, 0x77, 0x77, 0x77, 0x77, 0x78, 0xB8,
		0xB8, 0xB7, 0x77, 0x77, 0x77, 0x77, 0x77, 0x77, 0x77, 0x77, 0x72, 0xA2, 0x87, 0x77, 0x77, 0x77,
		0x17, 0x77, 0x78, 0x11, 0x11, 0x18, 0x77, 0x77, 0x17, 0x71, 0x11, 0x11, 0x11, 0x18, 0x77, 0x77,
		0x27, 0x77, 0x78, 0x22, 0x22, 0x28, 0x77, 0x77, 0x27, 0x71, 0x11, 0x12, 0x22, 0x28, 0x09, 0x99,
		0x90, 0xAA, 0xAA, 0x0B, 0xBB, 0xB0, 0x78, 0x77, 0x77, 0x78, 0x68, 0x77, 0x77, 0x77, 0x06, 0x66,
		0x66, 0x66, 0x66, 0x66, 0x66, 0x60, 0x77, 0x98, 0x77, 0x77, 0x77, 0x77, 0x77, 0x77, 0x8B, 0x78,
		0xF7, 0x8B, 0x77, 0x77, 0x77, 0x77, 0x8B, 0x78, 0xF7, 0x8B, 0x77, 0x77, 0x77, 0x77, 0x77, 0x77,
		0x77, 0x77, 0x77, 0xA2, 0x87, 0x77, 0x77, 0x77, 0x77, 0x77, 0x77, 0x77, 0x77, 0x77, 0x77, 0x77,
		0x77, 0x77, 0x11, 0x77, 0x77, 0x77, 0x77, 0x77, 0x77, 0x77, 0x77, 0x77, 0x77, 0x77, 0x77, 0x77,
		0x77, 0x77, 0x11, 0x77, 0x77, 0x77, 0x09, 0x99, 0x90, 0xAA, 0xAA, 0x0B, 0xBB, 0xB0, 0x77, 0x77,
		0x77, 0x77, 0x87, 0x77, 0x77, 0x77, 0x00, 0x00, 0x00, 0x00, 0x00, 0x00, 0x00, 0x00, 0x77, 0x77,
		0x77, 0x77, 0x77, 0x77, 0x77, 0x77, 0xB7, 0x78, 0xB7, 0x78, 0x77, 0x77, 0x77, 0x77, 0xB7, 0x78,
		0xB7, 0x78, 0x77, 0x77, 0x77, 0x77, 0x77, 0x77, 0x77, 0x77, 0x77, 0x77, 0x77, 0x77, 0x77, 0x77,
		0x77, 0x77, 0x77, 0x77, 0x77, 0x77, 0x77, 0x77, 0x77, 0x77, 0x77, 0x77, 0x77, 0x77, 0x77, 0x77,
		0x77, 0x77, 0x77, 0x77, 0x77, 0x77, 0x77, 0x77, 0x77, 0x77, 0x77, 0x77, 0x77, 0x77, 0x00, 0x00,
		0x00, 0x00, 0x00, 0x00, 0x00, 0x00,
	};

	// tree_types.bmp, 886 bytes.
	const unsigned char DATA_IDB_TABGDBB_TREE_TYPES_IMAGE_LIST[] =
	{
		0x42, 0x4D, 0x76, 0x03, 0x00, 0x00, 0x00, 0x00, 0x00, 0x00, 0x76, 0x00, 0x00, 0x00, 0x28, 0x00,
		0x00, 0x00, 0x60, 0x00, 0x00, 0x00, 0x10, 0x00, 0x00, 0x00, 0x01, 0x00, 0x04, 0x00, 0x00, 0x00,
		0x00, 0x00, 0x00, 0x03, 0x00, 0x00, 0x00, 0x00, 0x00, 0x00, 0x00, 0x00, 0x00, 0x00, 0x10, 0x00,
		0x00, 0x00, 0x10, 0x00, 0x00, 0x00, 0x00, 0x00, 0x00, 0x00, 0x00, 0x00, 0x80, 0x00, 0x00, 0x80,
		0x00, 0x00, 0x00, 0x80, 0x80, 0x00, 0x80, 0x00, 0x00, 0x00, 0x80, 0x00, 0x80, 0x00, 0x80, 0x80,
		0x00, 0x00, 0xC0, 0xC0, 0xC0, 0x00, 0x80, 0x80, 0x80, 0x00, 0x00, 0x00, 0xFF, 0x00, 0x00, 0xFF,
		0x00, 0x00, 0x00, 0xFF, 0xFF, 0x00, 0xFF, 0x00, 0x00, 0x00, 0xFF, 0x00, 0xFF, 0x00, 0xFF, 0xFF,
		0x00, 0x00, 0xFF, 0xFF, 0xFF, 0x00, 0x0D, 0xDD, 0xDD, 0xDD, 0xDD, 0xDD, 0xDD, 0xD0, 0xDD, 0xDD,
		0xDD, 0xDD, 0xDD, 0xDD, 0xDD, 0xDD, 0xDD, 0xDD, 0xDD, 0xDD, 0xDD, 0xDD, 0xDD, 0xDD, 0x88, 0x8D,
		0xDD, 0xDD, 0xDD, 0xDD, 0xD8, 0x88, 0x00, 0x00, 0x00, 0x00, 0x00, 0x00, 0x00, 0x00, 0x00, 0x00,
		0x00, 0x00, 0x00, 0x00, 0x00, 0x00, 0xDD, 0xDD, 0xDD, 0xDD, 0xDD, 0xDD, 0xDD, 0xDD, 0xDD, 0xDD,
		0xDD, 0xDD, 0xDD, 0xDD, 0xDD, 0xDD, 0xDD, 0xDD, 0xDD, 0xDD, 0xDD, 0xDD, 0xDD, 0xDD, 0x8D, 0xDD,
		0xDD, 0xDD, 0xDD, 0xDD, 0xDD, 0xD8, 0x0D, 0xDD, 0xDD, 0xDD, 0xDD, 0xDD, 0xDD, 0xD0, 0x0D, 0xDD,
		0xDD, 0xDD, 0xDD, 0xDD, 0xDD, 0xD0, 0xDD, 0xDD, 0xDD, 0xDD, 0xDD, 0xDD, 0xDD, 0xDD, 0xDD, 0x80,
		0x00, 0x00, 0x00, 0x00, 0x00, 0xDD, 0xDD, 0xD0, 0x00, 0x00, 0x00, 0x00, 0x00, 0xDD, 0x8D, 0xDD,
		0xDD, 0xDD, 0xDD, 0xDD, 0xDD, 0xD8, 0x0D, 0x80, 0x00, 0x00, 0x00, 0x00, 0x00, 0xD0, 0x0D, 0xD0,
		0x00, 0x00, 0x00, 0x00, 0x00, 0xD0, 0xDD, 0xDD, 0xDD, 0xDD, 0xDD, 0xDD, 0xDD, 0xDD, 0xDD, 0x88,
		0x87, 0x88, 0x78, 0x87, 0x80, 0xDD, 0xDD, 0x88, 0x88, 0x88, 0x88, 0x88, 0x80, 0xDD, 0xDD, 0xDD,
		0xDD, 0xDD, 0xDD, 0xDD, 0xDD, 0xDD, 0x0D, 0x88, 0x87, 0x88, 0x78, 0x87, 0x80, 0xD0, 0x0D, 0x88,
		0x88, 0x88, 0x88, 0x88, 0x80, 0xD0, 0xDD, 0xDD, 0xDD, 0xDD, 0xDD, 0xDD, 0xDD, 0xDD, 0xDD, 0x87,
		0x77, 0x77, 0x77, 0x77, 0x70, 0xDD, 0xDD, 0x8F, 0x7B, 0x7B, 0x7B, 0x7B, 0x80, 0xDD, 0xDD, 0xDD,
		0xDD, 0xDD, 0xDD, 0xDD, 0xDD, 0xDD, 0x0D, 0x87, 0x77, 0x77, 0x77, 0x77, 0x70, 0xD0, 0x0D, 0x8F,
		0x7B, 0x7B, 0x7B, 0x7B, 0x80, 0xD0, 0xDD, 0xDD, 0xDD, 0xDD, 0xDD, 0xDD, 0xDD, 0xDD, 0xDD, 0x87,
		0xF7, 0xFF, 0x7F, 0xF7, 0x80, 0xDD, 0xDD, 0x8F, 0xB7, 0xB7, 0xB7, 0xB7, 0x80, 0xDD, 0xDD, 0xDD,
		0xDD, 0xDD, 0xDD, 0xDD, 0xDD, 0xDD, 0x0D, 0x87, 0xF7, 0xFF, 0x7F, 0xF7, 0x80, 0xD0, 0x0D, 0x8F,
		0xB7, 0xB7, 0xB7, 0xB7, 0x80, 0xD0, 0xDD, 0xDD, 0xDD, 0xDD, 0xDD, 0xDD, 0xDD, 0xDD, 0xDD, 0x87,
		0xF7, 0xFF, 0x7F, 0xF7, 0x80, 0xDD, 0xDD, 0x8F, 0x7B, 0x7B, 0x7B, 0x7B, 0x80, 0xDD, 0xDD, 0xDD,
		0xDD, 0xDD, 0xDD, 0xDD, 0xDD, 0xDD, 0x0D, 0x87, 0xF7, 0xFF, 0x7F, 0xF7, 0x80, 0xD0, 0x0D, 0x8F,
		0x7B, 0x7B, 0x7B, 0x7B, 0x80, 0xD0, 0xDD, 0xDD, 0xDD, 0xDD, 0xDD, 0xDD, 0xDD, 0xDD, 0xDD, 0x87,
		0x77, 0x77, 0x77, 0x77, 0x70, 0xDD, 0xDD, 0x8F, 0xB7, 0xB7, 0xB7, 0xB7, 0x80, 0xDD, 0xDD, 0xDD,
		0xDD, 0xDD, 0xDD, 0xDD, 0xDD, 0xDD, 0x0D, 0x87, 0x77, 0x77, 0x77, 0x77, 0x70, 0xD0, 0x0D, 0x8F,
		0xB7, 0xB7, 0xB7, 0xB7, 0x80, 0xD0, 0xDD, 0xDD, 0xDD, 0xDD, 0xDD, 0xDD, 0xDD, 0xDD, 0xDD, 0x87,
		0xF7, 0xFF, 0x7F, 0xF7, 0x80, 0xDD, 0xDD, 0x8F, 0x7B, 0x7B, 0x7B, 0x7B, 0x80, 0xDD, 0xDD, 0xDD,
		0xDD, 0xDD, 0xDD, 0xDD, 0xDD, 0xDD, 0x0D, 0x87, 0xF7, 0xFF, 0x7F, 0xF7, 0x80, 0xD0, 0x0D, 0x8F,
		0x7B, 0x7B, 0x7B, 0x7B, 0x80, 0xD0, 0xDD, 0xDD, 0xDD, 0xDD, 0xDD, 0xDD, 0xDD, 0xDD, 0xDD, 0x87,
		0xF7, 0xFF, 0x78, 0x88, 0x80, 0xDD, 0xDD, 0x8F, 0xB7, 0xB7, 0xB7, 0xB7, 0x80, 0xDD, 0xDD, 0xDD,
		0xDD, 0xDD, 0xDD, 0xDD, 0xDD, 0xDD, 0x0D, 0x87, 0xF7, 0xFF, 0x78, 0x88, 0x80, 0xD0, 0x0D, 0x8F,
		0xB7, 0xB7, 0xB7, 0xB7, 0x80, 0xD0, 0xDD, 0xDD, 0xDD, 0xDD, 0xDD, 0xDD, 0xDD, 0xDD, 0xDD, 0x87,
		0x77, 0x77, 0x78, 0xFF, 0x80, 0xDD, 0xDD, 0x8F, 0xFF, 0xFF, 0xFF, 0xFF, 0x80, 0xDD, 0xDD, 0xDD,
		0xDD, 0xDD, 0xDD, 0xDD, 0xDD, 0xDD, 0x0D, 0x87, 0x77, 0x77, 0x78, 0xFF, 0x80, 0xD0, 0x0D, 0x8F,
		0xFF, 0xFF, 0xFF, 0xFF, 0x80, 0xD0, 0xDD, 0xDD, 0xDD, 0xDD, 0xDD, 0xDD, 0xDD, 0xDD, 0xDD, 0x87,
		0xF7, 0xFF, 0x78, 0xF7, 0x0D, 0xDD, 0xDD, 0x8B, 0x7B, 0x7B, 0x7B, 0x88, 0x8D, 0xDD, 0xDD, 0xDD,
		0xDD, 0xDD, 0xDD, 0xDD, 0xDD, 0xDD, 0x0D, 0x87, 0xF7, 0xFF, 0x78, 0xF7, 0x0D, 0xD0, 0x0D, 0x8B,
		0x7B, 0x7B, 0x7B, 0x88, 0x8D, 0xD0, 0xDD, 0xDD, 0xDD, 0xDD, 0xDD, 0xDD, 0xDD, 0xDD, 0xDD, 0x87,
		0x77, 0x77, 0x78, 0x70, 0xDD, 0xDD, 0xDD, 0xD8, 0xB7, 0xB7, 0xB8, 0xDD, 0xDD, 0xDD, 0xDD, 0xDD,
		0xDD, 0xDD, 0xDD, 0xDD, 0xDD, 0xDD, 0x0D, 0x87, 0x77, 0x77, 0x78, 0x70, 0xDD, 0xD0, 0x0D, 0xD8,
		0xB7, 0xB7, 0xB8, 0xDD, 0xDD, 0xD0, 0xDD, 0xDD, 0xDD, 0xDD, 0xDD, 0xDD, 0xDD, 0xDD, 0xDD, 0x88,
		0x88, 0x88, 0x88, 0x0D, 0xDD, 0xDD, 0xDD, 0xDD, 0x88, 0x88, 0x8D, 0xDD, 0xDD, 0xDD, 0x8D, 0xDD,
		0xDD, 0xDD, 0xDD, 0xDD, 0xDD, 0xD8, 0x0D, 0x88, 0x88, 0x88, 0x88, 0x0D, 0xDD, 0xD0, 0x0D, 0xDD,
		0x88, 0x88, 0x8D, 0xDD, 0xDD, 0xD0, 0xDD, 0xDD, 0xDD, 0xDD, 0xDD, 0xDD, 0xDD, 0xDD, 0xDD, 0xDD,
		0xDD, 0xDD, 0xDD, 0xDD, 0xDD, 0xDD, 0xDD, 0xDD, 0xDD, 0xDD, 0xDD, 0xDD, 0xDD, 0xDD, 0x8D, 0xDD,
		0xDD, 0xDD, 0xDD, 0xDD, 0xDD, 0xD8, 0x0D, 0xDD, 0xDD, 0xDD, 0xDD, 0xDD, 0xDD, 0xD0, 0x0D, 0xDD,
		0xDD, 0xDD, 0xDD, 0xDD, 0xDD, 0xD0, 0x0D, 0xDD, 0xDD, 0xDD, 0xDD, 0xDD, 0xDD, 0xD0, 0xDD, 0xDD,
		0xDD, 0xDD, 0xDD, 0xDD, 0xDD, 0xDD, 0xDD, 0xDD, 0xDD, 0xDD, 0xDD, 0xDD, 0xDD, 0xDD, 0x88, 0x8D,
		0xDD, 0xDD, 0xDD, 0xDD, 0xD8, 0x88, 0x00, 0x00, 0x00, 0x00, 0x00, 0x00, 0x00, 0x00, 0x00, 0x00,
		0x00, 0x00, 0x00, 0x00, 0x00, 0x00,
	};

	// toolbar_uo.bmp, 630 bytes.
	const unsigned char DATA_IDT_CONTROLLER_CONTAINER[] =
	{
		0x42, 0x4D, 0x76, 0x02, 0x00, 0x00, 0x00, 0x00, 0x00, 0x00, 0x76, 0x00, 0x00, 0x00, 0x28, 0x00,
		0x00, 0x00, 0x40, 0x00, 0x00, 0x00, 0x10, 0x00, 0x00, 0x00, 0x01, 0x00, 0x04, 0x00, 0x00, 0x00,
		0x00, 0x00, 0x00, 0x02, 0x00, 0x00, 0x00, 0x00, 0x00, 0x00, 0x00, 0x00, 0x00, 0x00, 0x10, 0x00,
		0x00, 0x00, 0x10, 0x00, 0x00, 0x00, 0x00, 0x00, 0x00, 0x00, 0x00, 0x00, 0x80, 0x00, 0x00, 0x80,
		0x00, 0x00, 0x00, 0x80, 0x80, 0x00, 0x80, 0x00, 0x00, 0x00, 0x80, 0x00, 0x80, 0x00, 0x80, 0x80,
		0x00, 0x00, 0xC0, 0xC0, 0xC0, 0x00, 0x80, 0x80, 0x80, 0x00, 0x00, 0x00, 0xFF, 0x00, 0x00, 0xFF,
		0x00, 0x00, 0x00, 0xFF, 0xFF, 0x00, 0xFF, 0x00, 0x00, 0x00, 0xFF, 0x00, 0xFF, 0x00, 0xFF, 0xFF,
		0x00, 0x00, 0xFF, 0xFF, 0xFF, 0x00, 0x77, 0x77, 0x77, 0x77, 0x77, 0x77, 0x77, 0x77, 0x77, 0x77,
		0x77, 0x77, 0x77, 0x77, 0x77, 0x77, 0x77, 0x77, 0x77, 0x77, 0x77, 0x77, 0x77, 0x77, 0x77, 0x77,
		0x77, 0x77, 0x77, 0x77, 0x77, 0x77, 0x77, 0x77, 0x77, 0x77, 0x77, 0x77, 0x77, 0x77, 0x77, 0x77,
		0x77, 0x77, 0x77, 0x77, 0x77, 0x77, 0x77, 0x77, 0x77, 0x77, 0x77, 0x77, 0x77, 0x77, 0x77, 0x77,
		0x77, 0x77, 0x77, 0x77, 0x77, 0x77, 0x77, 0x77, 0x77, 0x77, 0x77, 0x77, 0x77, 0x77, 0x77, 0x77,
		0x77, 0x77, 0x77, 0x77, 0x77, 0x77, 0x77, 0x77, 0x77, 0x77, 0x77, 0x77, 0x77, 0x77, 0x77, 0x77,
		0x77, 0x77, 0x77, 0x77, 0x77, 0x77, 0x77, 0x77, 0x77, 0x77, 0x77, 0x77, 0x77, 0x77, 0x77, 0x77,
		0x77, 0x77, 0x77, 0x77, 0x77, 0x77, 0x77, 0x77, 0x77, 0x77, 0x77, 0x77, 0x77, 0x77, 0x77, 0x77,
		0x77, 0x77, 0x77, 0x77, 0x77, 0x77, 0x77, 0x77, 0x77, 0x77, 0x77, 0x77, 0x77, 0x77, 0x77, 0x77,
		0x77, 0x77, 0x77, 0x77, 0x77, 0x77, 0x77, 0x77, 0x77, 0x77, 0x77, 0x77, 0x77, 0x77, 0x77, 0x77,
		0x77, 0x77, 0x77, 0x77, 0x77, 0x77, 0x77, 0x77, 0x77, 0x77, 0x77, 0x78, 0x47, 0x77, 0x77, 0x74,
		0x87, 0x77, 0x77, 0x77, 0x77, 0x77, 0x77, 0x77, 0x77, 0x77, 0x77, 0x77, 0x77, 0x77, 0x77, 0x77,
		0x77, 0x77, 0x77, 0x77, 0x77, 0x77, 0x77, 0x44, 0x44, 0x47, 0x77, 0x77, 0x48, 0x77, 0x77, 0x84,
		0x77, 0x77, 0x74, 0x44, 0x44, 0x77, 0x77, 0x70, 0x77, 0x77, 0x77, 0x77, 0x77, 0x77, 0x77, 0x70,
		0x77, 0x77, 0x77, 0x77, 0x77, 0x77, 0x77, 0x44, 0x44, 0x77, 0x77, 0x77, 0x74, 0x77, 0x77, 0x47,
		0x77, 0x77, 0x77, 0x44, 0x44, 0x77, 0x77, 0x00, 0x07, 0x77, 0x77, 0x77, 0x77, 0x77, 0x77, 0x00,
		0x07, 0x77, 0x77, 0x77, 0x77, 0x77, 0x77, 0x44, 0x47, 0x77, 0x77, 0x77, 0x74, 0x77, 0x77, 0x47,
		0x77, 0x77, 0x77, 0x74, 0x44, 0x77, 0x70, 0x00, 0x00, 0x77, 0x77, 0x77, 0x77, 0x77, 0x70, 0x00,
		0x00, 0x77, 0x77, 0x77, 0x77, 0x77, 0x77, 0x44, 0x74, 0x77, 0x77, 0x77, 0x74, 0x77, 0x77, 0x47,
		0x77, 0x77, 0x77, 0x47, 0x44, 0x77, 0x00, 0x00, 0x00, 0x07, 0x77, 0x77, 0x77, 0x77, 0x00, 0x00,
		0x00, 0x07, 0x77, 0x77, 0x77, 0x77, 0x77, 0x47, 0x77, 0x44, 0x77, 0x77, 0x48, 0x77, 0x77, 0x84,
		0x77, 0x77, 0x44, 0x77, 0x74, 0x77, 0x77, 0x77, 0x77, 0x77, 0x77, 0x77, 0x77, 0x77, 0x77, 0x77,
		0x77, 0x77, 0x77, 0x77, 0x77, 0x77, 0x77, 0x77, 0x77, 0x77, 0x44, 0x44, 0x87, 0x77, 0x77, 0x78,
		0x44, 0x44, 0x77, 0x77, 0x77, 0x77, 0x77, 0x77, 0x77, 0x77, 0x77, 0x77, 0x77, 0x77, 0x77, 0x77,
		0x77, 0x77, 0x77, 0x77, 0x77, 0x77, 0x77, 0x77, 0x77, 0x77, 0x77, 0x77, 0x77, 0x77, 0x77, 0x77,
		0x77, 0x77, 0x77, 0x77, 0x77, 0x77, 0x77, 0x77, 0x77, 0x77, 0x77, 0x77, 0x77, 0x77, 0x77, 0x77,
		0x77, 0x77, 0x77, 0x77, 0x77, 0x77, 0x77, 0x77, 0x77, 0x77, 0x77, 0x77, 0x77, 0x77, 0x77, 0x77,
		0x77, 0x77, 0x77, 0x77, 0x77, 0x77, 0x77, 0x77, 0x77, 0x77, 0x77, 0x77, 0x77, 0x77, 0x77, 0x77,
		0x77, 0x77, 0x77, 0x77, 0x77, 0x77, 0x77, 0x77, 0x77, 0x77, 0x77, 0x77, 0x77, 0x77, 0x77, 0x77,
		0x77, 0x77, 0x77, 0x77, 0x77, 0x77, 0x77, 0x77, 0x77, 0x77, 0x77, 0x77, 0x77, 0x77, 0x77, 0x77,
		0x77, 0x77, 0x77, 0x77, 0x77, 0x77, 0x77, 0x77, 0x77, 0x77, 0x77, 0x77, 0x77, 0x77, 0x77, 0x77,
		0x77, 0x77, 0x77, 0x77, 0x77, 0x77, 0x77, 0x77, 0x77, 0x77, 0x77, 0x77, 0x77, 0x77, 0x77, 0x77,
		0x77, 0x77, 0x77, 0x77, 0x77, 0x77,
	};

	// tree_header.bmp, 246 bytes.
	const unsigned char DATA_IDB_TABGDBB_TREE_HEADER_IMAGE_LIST[] =
	{
		0x42, 0x4D, 0xF6, 0x00, 0x00, 0x00, 0x00, 0x00, 0x00, 0x00, 0x76, 0x00, 0x00, 0x00, 0x28, 0x00,
		0x00, 0x00, 0x10, 0x00, 0x00, 0x00, 0x10, 0x00, 0x00, 0x00, 0x01, 0x00, 0x04, 0x00, 0x00, 0x00,
		0x00, 0x00, 0x80, 0x00, 0x00, 0x00, 0x00, 0x00, 0x00, 0x00, 0x00, 0x00, 0x00, 0x00, 0x10, 0x00,
		0x00, 0x00, 0x10, 0x00, 0x00, 0x00, 0x00, 0x00, 0x00, 0x00, 0x00, 0x00, 0x80, 0x00, 0x00, 0x80,
		0x00, 0x00, 0x00, 0x80, 0x80, 0x00, 0x80, 0x00, 0x00, 0x00, 0x80, 0x00, 0x80, 0x00, 0x80, 0x80,
		0x00, 0x00, 0xC0, 0xC0, 0xC0, 0x00, 0x80, 0x80, 0x80, 0x00, 0x00, 0x00, 0xFF, 0x00, 0x00, 0xFF,
		0x00, 0x00, 0x00, 0xFF, 0xFF, 0x00, 0xFF, 0x00, 0x00, 0x00, 0xFF, 0x00, 0xFF, 0x00, 0xFF, 0xFF,
		0x00, 0x00, 0xFF, 0xFF, 0xFF, 0x00, 0xDD, 0xDD, 0xDD, 0xDD, 0x00, 0x0D, 0x00, 0x00, 0xDD, 0xDD,
		0xD0, 0x00, 0x8F, 0x0D, 0x8F, 0xF0, 0xDD, 0xDD, 0xD0, 0xDD, 0x88, 0x0D, 0x88, 0x80, 0xDD, 0xDD,
		0xD0, 0xDD, 0xDD, 0xDD, 0xDD, 0xDD, 0xDD, 0xDD, 0xD0, 0xDD, 0x00, 0x0D, 0x00, 0x00, 0xDD, 0xDD,
		0xD0, 0x00, 0x8F, 0x0D, 0x8F, 0xF0, 0xDD, 0xDD, 0xD0, 0xDD, 0x88, 0x0D, 0x88, 0x80, 0xDD, 0xDD,
		0xD0, 0xDD, 0xDD, 0xDD, 0xDD, 0xDD, 0xDD, 0xDD, 0x00, 0x0D, 0x00, 0x00, 0x00, 0x00, 0xD0, 0x00,
		0x8F, 0x0D, 0x8F, 0xFF, 0xFF, 0xF0, 0xD0, 0xDD, 0x88, 0x0D, 0x88, 0x88, 0x88, 0x80, 0xD0, 0xDD,
		0xDD, 0xDD, 0xDD, 0xDD, 0xDD, 0xDD, 0x00, 0x0D, 0x00, 0x00, 0x00, 0x00, 0x00, 0x00, 0x8F, 0x0D,
		0x8F, 0xFF, 0xFF, 0xFF, 0xFF, 0xF0, 0x88, 0x0D, 0x88, 0x88, 0x88, 0x88, 0x88, 0x80, 0xDD, 0xDD,
		0xDD, 0xDD, 0xDD, 0xDD, 0xDD, 0xDD,
	};

	// small_object.bmp, 822 bytes.
	const unsigned char DATA_IDB_DEFAULT_SMALL_OBJECT_IMAGE[] =
	{
		0x42, 0x4D, 0x36, 0x03, 0x00, 0x00, 0x00, 0x00, 0x00, 0x00, 0x36, 0x00, 0x00, 0x00, 0x28, 0x00,
		0x00, 0x00, 0x10, 0x00, 0x00, 0x00, 0x10, 0x00, 0x00, 0x00, 0x01, 0x00, 0x18, 0x00, 0x00, 0x00,
		0x00, 0x00, 0x00, 0x03, 0x00, 0x00, 0x00, 0x00, 0x00, 0x00, 0x00, 0x00, 0x00, 0x00, 0x00, 0x00,
		0x00, 0x00, 0x00, 0x00, 0x00, 0x00, 0x90, 0x90, 0x90, 0x90, 0x90, 0x90, 0x90, 0x90, 0x90, 0x90,
		0x90, 0x90, 0x90, 0x90, 0x90, 0x90, 0x90, 0x90, 0x90, 0x90, 0x90, 0x90, 0x90, 0x90, 0x90, 0x90,
		0x90, 0x90, 0x90, 0x90, 0x90, 0x90, 0x90, 0x90, 0x90, 0x90, 0x90, 0x90, 0x90, 0x90, 0x90, 0x90,
		0x90, 0x90, 0x90, 0x90, 0x90, 0x90, 0x90, 0x90, 0x90, 0x90, 0x90, 0x90, 0x90, 0x90, 0x90, 0x90,
		0x90, 0x90, 0x90, 0x90, 0x90, 0x90, 0x90, 0x90, 0x90, 0x90, 0x90, 0x90, 0x90, 0x90, 0x90, 0x90,
		0x90, 0x90, 0x90, 0x90, 0x90, 0x90, 0x90, 0x90, 0x90, 0x90, 0x90, 0x90, 0x90, 0x90, 0x90, 0x90,
		0x90, 0x90, 0x90, 0x90, 0x90, 0x90, 0x90, 0x90, 0x90, 0x90, 0x90, 0x90, 0x90, 0x90, 0x90, 0x90,
		0x90, 0x90, 0x91, 0x91, 0x91, 0x92, 0x92, 0x92, 0x93, 0x93, 0x93, 0x91, 0x91, 0x91, 0x92, 0x92,
		0x92, 0x91, 0x91, 0x91, 0x92, 0x92, 0x92, 0x92, 0x92, 0x92, 0x92, 0x92, 0x92, 0x90, 0x90, 0x90,
		0x90, 0x90, 0x90, 0x90, 0x90, 0x90, 0x90, 0x90, 0x90, 0x90, 0x90, 0x90, 0x90, 0x90, 0x90, 0x91,
		0x91, 0x91, 0x8C, 0x8C, 0x8C, 0x8A, 0x8A, 0x8A, 0x84, 0x84, 0x84, 0x8B, 0x8B, 0x8B, 0x87, 0x87,
		0x87, 0x8B, 0x8B, 0x8B, 0x87, 0x87, 0x87, 0x85, 0x85, 0x85, 0x89, 0x89, 0x89, 0x90, 0x90, 0x90,
		0x90, 0x90, 0x90, 0x90, 0x90, 0x90, 0x90, 0x90, 0x90, 0x90, 0x90, 0x90, 0x90, 0x90, 0x90, 0x93,
		0x93, 0x93, 0x88, 0x88, 0x88, 0x63, 0x63, 0x63, 0x70, 0x70, 0x70, 0x70, 0x70, 0x70, 0x6F, 0x6F,
		0x6F, 0x67, 0x67, 0x67, 0x69, 0x69, 0x69, 0x6D, 0x6D, 0x6D, 0x60, 0x60, 0x60, 0x88, 0x88, 0x88,
		0x92, 0x92, 0x92, 0x90, 0x90, 0x90, 0x90, 0x90, 0x90, 0x90, 0x90, 0x90, 0x91, 0x91, 0x91, 0x8E,
		0x8E, 0x8E, 0xAE, 0xAE, 0xAE, 0xAD, 0xAD, 0xAD, 0x9F, 0x9F, 0x9F, 0xA7, 0xA7, 0xA7, 0xA1, 0xA1,
		0xA1, 0xA6, 0xA6, 0xA6, 0x9E, 0x9E, 0x9E, 0xB0, 0xB0, 0xB0, 0x94, 0x94, 0x94, 0x86, 0x86, 0x86,
		0x92, 0x92, 0x92, 0x90, 0x90, 0x90, 0x90, 0x90, 0x90, 0x90, 0x90, 0x90, 0x91, 0x91, 0x91, 0x8E,
		0x8E, 0x8E, 0xAD, 0xAD, 0xAD, 0xAE, 0xAE, 0xAE, 0xAA, 0xAA, 0xAA, 0xB4, 0xB4, 0xB4, 0xB8, 0xB8,
		0xB8, 0xC6, 0xC6, 0xC6, 0xB5, 0xB5, 0xB5, 0xC1, 0xC1, 0xC1, 0xA8, 0xA8, 0xA8, 0x8B, 0x8B, 0x8B,
		0x91, 0x91, 0x91, 0x90, 0x90, 0x90, 0x90, 0x90, 0x90, 0x90, 0x90, 0x90, 0x90, 0x90, 0x90, 0x8F,
		0x8F, 0x8F, 0x9F, 0x9F, 0x9F, 0x92, 0x92, 0x92, 0x99, 0x99, 0x99, 0x93, 0x93, 0x93, 0x95, 0x95,
		0x95, 0x95, 0x95, 0x95, 0x98, 0x98, 0x98, 0x92, 0x92, 0x92, 0x93, 0x93, 0x93, 0x90, 0x90, 0x90,
		0x90, 0x90, 0x90, 0x90, 0x90, 0x90, 0x90, 0x90, 0x90, 0x90, 0x90, 0x90, 0x90, 0x90, 0x90, 0x90,
		0x90, 0x90, 0x92, 0x92, 0x92, 0x92, 0x92, 0x92, 0x85, 0x85, 0x85, 0x8B, 0x8B, 0x8B, 0x8B, 0x8B,
		0x8B, 0x82, 0x82, 0x82, 0x7F, 0x7F, 0x7F, 0x90, 0x90, 0x90, 0x8F, 0x8F, 0x8F, 0x90, 0x90, 0x90,
		0x90, 0x90, 0x90, 0x90, 0x90, 0x90, 0x90, 0x90, 0x90, 0x90, 0x90, 0x90, 0x90, 0x90, 0x90, 0x90,
		0x90, 0x90, 0x8E, 0x8E, 0x8E, 0x94, 0x94, 0x94, 0x8A, 0x8A, 0x8A, 0x76, 0x76, 0x76, 0x65, 0x65,
		0x65, 0x76, 0x76, 0x76, 0x6C, 0x6C, 0x6C, 0x7C, 0x7C, 0x7C, 0x94, 0x94, 0x94, 0x8F, 0x8F, 0x8F,
		0x90, 0x90, 0x90, 0x90, 0x90, 0x90, 0x90, 0x90, 0x90, 0x90, 0x90, 0x90, 0x90, 0x90, 0x90, 0x90,
		0x90, 0x90, 0x8F, 0x8F, 0x8F, 0x96, 0x96, 0x96, 0x97, 0x97, 0x97, 0x8B, 0x8B, 0x8B, 0xB6, 0xB6,
		0xB6, 0xA9, 0xA9, 0xA9, 0x9F, 0x9F, 0x9F, 0x84, 0x84, 0x84, 0x93, 0x93, 0x93, 0x90, 0x90, 0x90,
		0x90, 0x90, 0x90, 0x90, 0x90, 0x90, 0x90, 0x90, 0x90, 0x90, 0x90, 0x90, 0x90, 0x90, 0x90, 0x90,
		0x90, 0x90, 0x91, 0x91, 0x91, 0x8E, 0x8E, 0x8E, 0xB4, 0xB4, 0xB4, 0xBE, 0xBE, 0xBE, 0xA1, 0xA1,
		0xA1, 0xA9, 0xA9, 0xA9, 0xB1, 0xB1, 0xB1, 0x90, 0x90, 0x90, 0x90, 0x90, 0x90, 0x90, 0x90, 0x90,
		0x90, 0x90, 0x90, 0x90, 0x90, 0x90, 0x90, 0x90, 0x90, 0x90, 0x90, 0x90, 0x90, 0x90, 0x90, 0x90,
		0x90, 0x90, 0x90, 0x90, 0x90, 0x92, 0x92, 0x92, 0xB8, 0xB8, 0xB8, 0x9B, 0x9B, 0x9B, 0xA5, 0xA5,
		0xA5, 0x8E, 0x8E, 0x8E, 0x8E, 0x8E, 0x8E, 0x90, 0x90, 0x90, 0x90, 0x90, 0x90, 0x90, 0x90, 0x90,
		0x90, 0x90, 0x90, 0x90, 0x90, 0x90, 0x90, 0x90, 0x90, 0x90, 0x90, 0x90, 0x90, 0x90, 0x90, 0x90,
		0x90, 0x90, 0x90, 0x90, 0x90, 0x91, 0x91, 0x91, 0x8B, 0x8B, 0x8B, 0x8E, 0x8E, 0x8E, 0x8F, 0x8F,
		0x8F, 0x90, 0x90, 0x90, 0x90, 0x90, 0x90, 0x90, 0x90, 0x90, 0x90, 0x90, 0x90, 0x90, 0x90, 0x90,
		0x90, 0x90, 0x90, 0x90, 0x90, 0x90, 0x90, 0x90, 0x90, 0x90, 0x90, 0x90, 0x90, 0x90, 0x90, 0x90,
		0x90, 0x90, 0x90, 0x90, 0x90, 0x90, 0x90, 0x90, 0x91, 0x91, 0x91, 0x90, 0x90, 0x90, 0x90, 0x90,
		0x90, 0x90, 0x90, 0x90, 0x90, 0x90, 0x90, 0x90, 0x90, 0x90, 0x90, 0x90, 0x90, 0x90, 0x90, 0x90,
		0x90, 0x90, 0x90, 0x90, 0x90, 0x90, 0x90, 0x90, 0x90, 0x90, 0x90, 0x90, 0x90, 0x90, 0x90, 0x90,
		0x90, 0x90, 0x90, 0x90, 0x90, 0x90, 0x90, 0x90, 0x90, 0x90, 0x90, 0x90, 0x90, 0x90, 0x90, 0x90,
		0x90, 0x90, 0x90, 0x90, 0x90, 0x90, 0x90, 0x90, 0x90, 0x90, 0x90, 0x90, 0x90, 0x90, 0x90, 0x90,
		0x90, 0x90, 0x90, 0x90, 0x90, 0x90,
	};

	// normal_object.bmp, 12344 bytes.
	const unsigned char DATA_IDB_DEFAULT_NORMAL_OBJECT_IMAGE[] =
	{
		0x42, 0x4D, 0x38, 0x30, 0x00, 0x00, 0x00, 0x00, 0x00, 0x00, 0x36, 0x00, 0x00, 0x00, 0x28, 0x00,
		0x00, 0x00, 0x40, 0x00, 0x00, 0x00, 0x40, 0x00, 0x00, 0x00, 0x01, 0x00, 0x18, 0x00, 0x00, 0x00,
		0x00, 0x00, 0x00, 0x00, 0x00, 0x00, 0x12, 0x0B, 0x00, 0x00, 0x12, 0x0B, 0x00, 0x00, 0x00, 0x00,
		0x00, 0x00, 0x00, 0x00, 0x00, 0x00, 0x92, 0x92, 0x92, 0x92, 0x92, 0x92, 0x92, 0x92, 0x92, 0x92,
		0x92, 0x92, 0x92, 0x92, 0x92, 0x92, 0x92, 0x92, 0x92, 0x92, 0x92, 0x92, 0x92, 0x92, 0x92, 0x92,
		0x92, 0x92, 0x92, 0x92, 0x92, 0x92, 0x92, 0x92, 0x92, 0x92, 0x92, 0x92, 0x92, 0x92, 0x92, 0x92,
		0x92, 0x92, 0x92, 0x92, 0x92, 0x92, 0x92, 0x92, 0x92, 0x92, 0x92, 0x92, 0x92, 0x92, 0x92, 0x92,
		0x92, 0x92, 0x92, 0x92, 0x92, 0x92, 0x92, 0x92, 0x92, 0x92, 0x92, 0x92, 0x92, 0x92, 0x92, 0x92,
		0x92, 0x92, 0x92, 0x92, 0x92, 0x92, 0x92, 0x92, 0x92, 0x92, 0x92, 0x92, 0x92, 0x92, 0x92, 0x92,
		0x92, 0x92, 0x92, 0x92, 0x92, 0x92, 0x92, 0x92, 0x92, 0x92, 0x92, 0x92, 0x92, 0x92, 0x92, 0x92,
		0x92, 0x92, 0x92, 0x92, 0x92, 0x92, 0x92, 0x92, 0x92, 0x92, 0x92, 0x92, 0x92, 0x92, 0x92, 0x92,
		0x92, 0x92, 0x92, 0x92, 0x92, 0x92, 0x92, 0x92, 0x92, 0x92, 0x92, 0x92, 0x92, 0x92, 0x92, 0x92,
		0x92, 0x92, 0x92, 0x92, 0x92, 0x92, 0x92, 0x92, 0x92, 0x92, 0x92, 0x92, 0x92, 0x92, 0x92, 0x92,
		0x92, 0x92, 0x92, 0x92, 0x92, 0x92, 0x92, 0x92, 0x92, 0x92, 0x92, 0x92, 0x92, 0x92, 0x92, 0x92,
		0x92, 0x92, 0x92, 0x92, 0x92, 0x92, 0x92, 0x92, 0x92, 0x92, 0x92, 0x92, 0x92, 0x92, 0x92, 0x92,
		0x92, 0x92, 0x92, 0x92, 0x92, 0x92, 0x92, 0x92, 0x92, 0x92, 0x92, 0x92, 0x92, 0x92, 0x92, 0x92,
		0x92, 0x92, 0x92, 0x92, 0x92, 0x92, 0x92, 0x92, 0x92, 0x92, 0x92, 0x92, 0x92, 0x92, 0x92, 0x92,
		0x92, 0x92, 0x92, 0x92, 0x92, 0x92, 0x92, 0x92, 0x92, 0x92, 0x92, 0x92, 0x92, 0x92, 0x92, 0x92,
		0x92, 0x92, 0x92, 0x92, 0x92, 0x92, 0x92, 0x92, 0x92, 0x92, 0x92, 0x92, 0x92, 0x92, 0x92, 0x92,
		0x92, 0x92, 0x92, 0x92, 0x92, 0x92, 0x92, 0x92, 0x92, 0x92, 0x92, 0x92, 0x92, 0x92, 0x92, 0x92,
		0x92, 0x92, 0x92, 0x92, 0x92, 0x92, 0x92, 0x92, 0x92, 0x92, 0x92, 0x92, 0x92, 0x92, 0x92, 0x92,
		0x92, 0x92, 0x92, 0x92, 0x92, 0x92, 0x92, 0x92, 0x92, 0x92, 0x92, 0x92, 0x92, 0x92, 0x92, 0x92,
		0x92, 0x92, 0x92, 0x92, 0x92, 0x92, 0x92, 0x92, 0x92, 0x92, 0x92, 0x92, 0x92, 0x92, 0x92, 0x92,
		0x92, 0x92, 0x92, 0x92, 0x92, 0x92, 0x92, 0x92, 0x92, 0x92, 0x92, 0x92, 0x92, 0x92, 0x92, 0x92,
		0x92, 0x92, 0x92, 0x92, 0x92, 0x92, 0x92, 0x92, 0x92, 0x92, 0x92, 0x92, 0x92, 0x92, 0x92, 0x92,
		0x92, 0x92, 0x92, 0x92, 0x92, 0x92, 0x92, 0x92, 0x92, 0x92, 0x92, 0x92, 0x92, 0x92, 0x92, 0x92,
		0x92, 0x92, 0x92, 0x92, 0x92, 0x92, 0x92, 0x92, 0x92, 0x92, 0x92, 0x92, 0x92, 0x92, 0x92, 0x92,
		0x92, 0x92, 0x92, 0x92, 0x92, 0x92, 0x92, 0x92, 0x92, 0x92, 0x92, 0x92, 0x92, 0x92, 0x92, 0x92,
		0x92, 0x92, 0x92, 0x92, 0x92, 0x92, 0x92, 0x92, 0x92, 0x92, 0x92, 0x92, 0x92, 0x92, 0x92, 0x92,
		0x92, 0x92, 0x92, 0x92, 0x92, 0x92, 0x92, 0x92, 0x92, 0x92, 0x92, 0x92, 0x92, 0x92, 0x92, 0x92,
		0x92, 0x92, 0x92, 0x92, 0x92, 0x92, 0x92, 0x92, 0x92, 0x92, 0x92, 0x92, 0x92, 0x92, 0x92, 0x92,
		0x92, 0x92, 0x92, 0x92, 0x92, 0x92, 0x92, 0x92, 0x92, 0x92, 0x92, 0x92, 0x92, 0x92, 0x92, 0x92,
		0x92, 0x92, 0x92, 0x92, 0x92, 0x92, 0x92, 0x92, 0x92, 0x92, 0x92, 0x92, 0x92, 0x92, 0x92, 0x92,
		0x92, 0x92, 0x92, 0x92, 0x92, 0x92, 0x92, 0x92, 0x92, 0x92, 0x92, 0x92, 0x92, 0x92, 0x92, 0x92,
		0x92, 0x92, 0x92, 0x92, 0x92, 0x92, 0x92, 0x92, 0x92, 0x92, 0x92, 0x92, 0x92, 0x92, 0x92, 0x92,
		0x92, 0x92, 0x92, 0x92, 0x92, 0x92, 0x92, 0x92, 0x92, 0x92, 0x92, 0x92, 0x92, 0x92, 0x92, 0x92,
		0x92, 0x92, 0x92, 0x92, 0x92, 0x92, 0x92, 0x92, 0x92, 0x92, 0x92, 0x92, 0x92, 0x92, 0x92, 0x92,
		0x92, 0x92, 0x92, 0x92, 0x92, 0x92, 0x92, 0x92, 0x92, 0x92, 0x92, 0x92, 0x92, 0x92, 0x92, 0x92,
		0x92, 0x92, 0x92, 0x92, 0x92, 0x92, 0x92, 0x92, 0x92, 0x92, 0x92, 0x92, 0x92, 0x92, 0x92, 0x92,
		0x92, 0x92, 0x92, 0x92, 0x92, 0x92, 0x92, 0x92, 0x92, 0x92, 0x92, 0x92, 0x92, 0x92, 0x92, 0x92,
		0x92, 0x92, 0x92, 0x92, 0x92, 0x92, 0x92, 0x92, 0x92, 0x92, 0x92, 0x92, 0x92, 0x92, 0x92, 0x92,
		0x92, 0x92, 0x92, 0x92, 0x92, 0x92, 0x92, 0x92, 0x92, 0x92, 0x92, 0x92, 0x92, 0x92, 0x92, 0x92,
		0x92, 0x92, 0x92, 0x92, 0x92, 0x92, 0x92, 0x92, 0x92, 0x92, 0x92, 0x92, 0x92, 0x92, 0x92, 0x92,
		0x92, 0x92, 0x92, 0x92, 0x92, 0x92, 0x92, 0x92, 0x92, 0x92, 0x92, 0x92, 0x92, 0x92, 0x92, 0x92,
		0x92, 0x92, 0x92, 0x92, 0x92, 0x92, 0x92, 0x92, 0x92, 0x92, 0x92, 0x92, 0x92, 0x92, 0x92, 0x92,
		0x92, 0x92, 0x92, 0x92, 0x92, 0x92, 0x92, 0x92, 0x92, 0x92, 0x92, 0x92, 0x92, 0x92, 0x92, 0x92,
		0x92, 0x92, 0x92, 0x92, 0x92, 0x92, 0x92, 0x92, 0x92, 0x92, 0x92, 0x92, 0x92, 0x92, 0x92, 0x92,
		0x92, 0x92, 0x92, 0x92, 0x92, 0x92, 0x92, 0x92, 0x92, 0x92, 0x92, 0x92, 0x92, 0x92, 0x92, 0x92,
		0x92, 0x92, 0x92, 0x92, 0x92, 0x92, 0x92, 0x92, 0x92, 0x92, 0x92, 0x92, 0x92, 0x92, 0x92, 0x92,
		0x92, 0x92, 0x92, 0x92, 0x92, 0x92, 0x92, 0x92, 0x92, 0x92, 0x92, 0x92, 0x92, 0x92, 0x92, 0x92,
		0x92, 0x92, 0x92, 0x92, 0x92, 0x92, 0x92, 0x92, 0x92, 0x92, 0x92, 0x92, 0x92, 0x92, 0x92, 0x92,
		0x92, 0x92, 0x92, 0x92, 0x92, 0x92, 0x92, 0x92, 0x92, 0x92, 0x92, 0x92, 0x92, 0x92, 0x92, 0x92,
		0x92, 0x92, 0x92, 0x92, 0x92, 0x92, 0x92, 0x92, 0x92, 0x92, 0x92, 0x92, 0x92, 0x92, 0x92, 0x92,
		0x92, 0x92, 0x92, 0x92, 0x92, 0x92, 0x92, 0x92, 0x92, 0x92, 0x92, 0x92, 0x92, 0x92, 0x92, 0x92,
		0x92, 0x92, 0x92, 0x92, 0x92, 0x92, 0x92, 0x92, 0x92, 0x92, 0x92, 0x92, 0x92, 0x92, 0x92, 0x92,
		0x92, 0x92, 0x92, 0x92, 0x92, 0x92, 0x92, 0x92, 0x92, 0x92, 0x92, 0x92, 0x92, 0x92, 0x92, 0x92,
		0x92, 0x92, 0x92, 0x92, 0x92, 0x92, 0x92, 0x92, 0x92, 0x92, 0x92, 0x92, 0x92, 0x92, 0x92, 0x92,
		0x92, 0x92, 0x92, 0x92, 0x92, 0x92, 0x92, 0x92, 0x92, 0x92, 0x92, 0x92, 0x92, 0x92, 0x92, 0x92,
		0x92, 0x92, 0x92, 0x92, 0x92, 0x92, 0x92, 0x92, 0x92, 0x92, 0x92, 0x92, 0x92, 0x92, 0x92, 0x92,
		0x92, 0x92, 0x92, 0x92, 0x92, 0x92, 0x92, 0x92, 0x92, 0x92, 0x92, 0x92, 0x92, 0x92, 0x92, 0x92,
		0x92, 0x92, 0x92, 0x92, 0x92, 0x92, 0x92, 0x92, 0x92, 0x92, 0x92, 0x92, 0x92, 0x92, 0x92, 0x92,
		0x92, 0x92, 0x92, 0x92, 0x92, 0x92, 0x92, 0x92, 0x92, 0x92, 0x92, 0x92, 0x92, 0x92, 0x92, 0x92,
		0x92, 0x92, 0x92, 0x92, 0x92, 0x92, 0x92, 0x92, 0x92, 0x92, 0x92, 0x92, 0x92, 0x92, 0x92, 0x92,
		0x92, 0x92, 0x92, 0x92, 0x92, 0x92, 0x92, 0x92, 0x92, 0x92, 0x92, 0x92, 0x92, 0x92, 0x92, 0x92,
		0x92, 0x92, 0x92, 0x92, 0x92, 0x92, 0x92, 0x92, 0x92, 0x92, 0x92, 0x92, 0x92, 0x92, 0x92, 0x92,
		0x92, 0x92, 0x92, 0x92, 0x92, 0x92, 0x92, 0x92, 0x92, 0x92, 0x92, 0x92, 0x92, 0x92, 0x92, 0x92,
		0x92, 0x92, 0x92, 0x92, 0x92, 0x92, 0x92, 0x92, 0x92, 0x92, 0x92, 0x92, 0x92, 0x92, 0x92, 0x92,
		0x92, 0x92, 0x92, 0x92, 0x92, 0x92, 0x92, 0x92, 0x92, 0x92, 0x92, 0x92, 0x92, 0x92, 0x92, 0x92,
		0x92, 0x92, 0x92, 0x92, 0x92, 0x92, 0x92, 0x92, 0x92, 0x92, 0x92, 0x92, 0x92, 0x92, 0x92, 0x92,
		0x92, 0x92, 0x92, 0x92, 0x92, 0x92, 0x92, 0x92, 0x92, 0x92, 0x92, 0x92, 0x92, 0x92, 0x92, 0x92,
		0x92, 0x92, 0x92, 0x92, 0x92, 0x92, 0x92, 0x92, 0x92, 0x92, 0x92, 0x92, 0x92, 0x92, 0x92, 0x92,
		0x92, 0x92, 0x92, 0x92, 0x92, 0x92, 0x92, 0x92, 0x92, 0x92, 0x92, 0x92, 0x92, 0x92, 0x92, 0x92,
		0x92, 0x92, 0x92, 0x92, 0x92, 0x92, 0x92, 0x92, 0x92, 0x92, 0x92, 0x92, 0x92, 0x92, 0x92, 0x92,
		0x92, 0x92, 0x92, 0x92, 0x92, 0x92, 0x92, 0x92, 0x92, 0x92, 0x92, 0x92, 0x92, 0x92, 0x92, 0x92,
		0x92, 0x92, 0x92, 0x92, 0x92, 0x92, 0x92, 0x92, 0x92, 0x92, 0x92, 0x92, 0x92, 0x92, 0x92, 0x92,
		0x92, 0x92, 0x92, 0x92, 0x92, 0x92, 0x92, 0x92, 0x92, 0x92, 0x92, 0x92, 0x92, 0x92, 0x92, 0x92,
		0x92, 0x92, 0x92, 0x92, 0x92, 0x92, 0x92, 0x92, 0x92, 0x92, 0x92, 0x92, 0x92, 0x92, 0x92, 0x92,
		0x92, 0x92, 0x92, 0x92, 0x92, 0x92, 0x92, 0x92, 0x92, 0x92, 0x92, 0x92, 0x92, 0x92, 0x92, 0x92,
		0x92, 0x92, 0x92, 0x92, 0x92, 0x92, 0x92, 0x92, 0x92, 0x92, 0x92, 0x92, 0x92, 0x92, 0x92, 0x92,
		0x92, 0x92, 0x92, 0x92, 0x92, 0x92, 0x92, 0x92, 0x92, 0x92, 0x92, 0x92, 0x92, 0x92, 0x92, 0x92,
		0x92, 0x92, 0x92, 0x92, 0x92, 0x92, 0x92, 0x92, 0x92, 0x92, 0x92, 0x92, 0x92, 0x92, 0x92, 0x92,
		0x92, 0x92, 0x92, 0x92, 0x92, 0x92, 0x92, 0x92, 0x92, 0x92, 0x92, 0x92, 0x92, 0x92, 0x92, 0x92,
		0x92, 0x92, 0x92, 0x92, 0x92, 0x92, 0x92, 0x92, 0x92, 0x92, 0x92, 0x92, 0x92, 0x92, 0x92, 0x92,
		0x92, 0x92, 0x92, 0x92, 0x92, 0x92, 0x92, 0x92, 0x92, 0x92, 0x92, 0x92, 0x92, 0x92, 0x92, 0x92,
		0x92, 0x92, 0x92, 0x92, 0x92, 0x92, 0x92, 0x92, 0x92, 0x92, 0x92, 0x92, 0x92, 0x92, 0x92, 0x92,
		0x92, 0x92, 0x92, 0x92, 0x92, 0x92, 0x92, 0x92, 0x92, 0x92, 0x92, 0x92, 0x92, 0x92, 0x92, 0x92,
		0x92, 0x92, 0x92, 0x92, 0x92, 0x92, 0x92, 0x92, 0x92, 0x92, 0x92, 0x92, 0x92, 0x92, 0x92, 0x92,
		0x92, 0x92, 0x92, 0x92, 0x92, 0x92, 0x92, 0x92, 0x92, 0x92, 0x92, 0x92, 0x92, 0x92, 0x92, 0x92,
		0x92, 0x92, 0x92, 0x92, 0x92, 0x92, 0x92, 0x92, 0x92, 0x92, 0x92, 0x92, 0x92, 0x92, 0x92, 0x92,
		0x92, 0x92, 0x92, 0x92, 0x92, 0x92, 0x92, 0x92, 0x92, 0x92, 0x92, 0x92, 0x92, 0x92, 0x92, 0x92,
		0x92, 0x92, 0x92, 0x92, 0x92, 0x92, 0x92, 0x92, 0x92, 0x92, 0x92, 0x92, 0x92, 0x92, 0x92, 0x92,
		0x92, 0x92, 0x92, 0x92, 0x92, 0x92, 0x92, 0x92, 0x92, 0x92, 0x92, 0x92, 0x92, 0x92, 0x92, 0x92,
		0x92, 0x92, 0x92, 0x92, 0x92, 0x92, 0x92, 0x92, 0x92, 0x92, 0x92, 0x92, 0x92, 0x92, 0x92, 0x92,
		0x92, 0x92, 0x92, 0x92, 0x92, 0x92, 0x92, 0x92, 0x92, 0x92, 0x92, 0x92, 0x92, 0x92, 0x92, 0x92,
		0x92, 0x92, 0x92, 0x92, 0x92, 0x92, 0x92, 0x92, 0x92, 0x92, 0x92, 0x92, 0x92, 0x92, 0x92, 0x92,
		0x92, 0x92, 0x92, 0x92, 0x92, 0x92, 0x92, 0x92, 0x92, 0x92, 0x92, 0x92, 0x92, 0x92, 0x92, 0x92,
		0x92, 0x92, 0x92, 0x92, 0x92, 0x92, 0x92, 0x92, 0x92, 0x92, 0x92, 0x92, 0x92, 0x92, 0x92, 0x92,
		0x92, 0x92, 0x92, 0x92, 0x92, 0x92, 0x92, 0x92, 0x92, 0x92, 0x92, 0x92, 0x92, 0x92, 0x92, 0x92,
		0x92, 0x92, 0x92, 0x92, 0x92, 0x92, 0x92, 0x92, 0x92, 0x92, 0x92, 0x92, 0x92, 0x92, 0x92, 0x92,
		0x92, 0x92, 0x92, 0x92, 0x92, 0x92, 0x92, 0x92, 0x92, 0x92, 0x92, 0x92, 0x92, 0x92, 0x92, 0x92,
		0x92, 0x92, 0x92, 0x92, 0x92, 0x92, 0x92, 0x92, 0x92, 0x92, 0x92, 0x92, 0x92, 0x92, 0x92, 0x92,
		0x92, 0x92, 0x92, 0x92, 0x92, 0x92, 0x92, 0x92, 0x92, 0x92, 0x92, 0x92, 0x92, 0x92, 0x92, 0x92,
		0x92, 0x92, 0x92, 0x92, 0x92, 0x92, 0x92, 0x92, 0x92, 0x92, 0x92, 0x92, 0x92, 0x92, 0x92, 0x92,
		0x92, 0x92, 0x92, 0x92, 0x92, 0x92, 0x92, 0x92, 0x92, 0x92, 0x92, 0x92, 0x92, 0x92, 0x92, 0x92,
		0x92, 0x92, 0x92, 0x92, 0x92, 0x92, 0x92, 0x92, 0x92, 0x92, 0x92, 0x92, 0x92, 0x92, 0x92, 0x92,
		0x92, 0x92, 0x92, 0x92, 0x92, 0x92, 0x92, 0x92, 0x92, 0x92, 0x92, 0x92, 0x92, 0x92, 0x92, 0x92,
		0x92, 0x92, 0x92, 0x92, 0x92, 0x92, 0x92, 0x92, 0x92, 0x92, 0x92, 0x92, 0x92, 0x92, 0x92, 0x92,
		0x92, 0x92, 0x92, 0x92, 0x92, 0x92, 0x92, 0x92, 0x92, 0x92, 0x92, 0x92, 0x92, 0x92, 0x92, 0x92,
		0x92, 0x92, 0x92, 0x92, 0x92, 0x92, 0x92, 0x92, 0x92, 0x92, 0x92, 0x92, 0x92, 0x92, 0x92, 0x92,
		0x92, 0x92, 0x92, 0x92, 0x92, 0x92, 0x92, 0x92, 0x92, 0x92, 0x92, 0x92, 0x92, 0x92, 0x92, 0x92,
		0x92, 0x92, 0x92, 0x92, 0x92, 0x92, 0x92, 0x92, 0x92, 0x92, 0x92, 0x92, 0x92, 0x92, 0x92, 0x92,
		0x92, 0x92, 0x92, 0x92, 0x92, 0x92, 0x92, 0x92, 0x92, 0x92, 0x92, 0x92, 0x92, 0x92, 0x92, 0x92,
		0x92, 0x92, 0x92, 0x92, 0x92, 0x92, 0x92, 0x92, 0x92, 0x92, 0x92, 0x92, 0x92, 0x92, 0x92, 0x92,
		0x92, 0x92, 0x92, 0x92, 0x92, 0x92, 0x92, 0x92, 0x92, 0x92, 0x92, 0x92, 0x92, 0x92, 0x92, 0x92,
		0x92, 0x92, 0x92, 0x92, 0x92, 0x92, 0x92, 0x92, 0x92, 0x92, 0x92, 0x92, 0x92, 0x92, 0x92, 0x92,
		0x92, 0x92, 0x92, 0x92, 0x92, 0x92, 0x92, 0x92, 0x92, 0x92, 0x92, 0x92, 0x92, 0x92, 0x92, 0x92,
		0x92, 0x92, 0x92, 0x92, 0x92, 0x92, 0x92, 0x92, 0x92, 0x92, 0x92, 0x92, 0x92, 0x92, 0x92, 0x92,
		0x92, 0x92, 0x92, 0x92, 0x92, 0x92, 0x92, 0x92, 0x92, 0x92, 0x92, 0x92, 0x92, 0x92, 0x92, 0x92,
		0x92, 0x92, 0x92, 0x92, 0x92, 0x92, 0x92, 0x92, 0x92, 0x92, 0x92, 0x92, 0x92, 0x92, 0x92, 0x92,
		0x92, 0x92, 0x92, 0x92, 0x92, 0x92, 0x92, 0x92, 0x92, 0x92, 0x92, 0x92, 0x92, 0x92, 0x92, 0x92,
		0x92, 0x92, 0x92, 0x92, 0x92, 0x92, 0x92, 0x92, 0x92, 0x92, 0x92, 0x92, 0x92, 0x92, 0x92, 0x92,
		0x92, 0x92, 0x92, 0x92, 0x92, 0x92, 0x92, 0x92, 0x92, 0x92, 0x92, 0x92, 0x92, 0x92, 0x92, 0x92,
		0x92, 0x92, 0x92, 0x92, 0x92, 0x92, 0x92, 0x92, 0x92, 0x92, 0x92, 0x92, 0x92, 0x92, 0x92, 0x92,
		0x92, 0x92, 0x92, 0x92, 0x92, 0x92, 0x92, 0x92, 0x92, 0x92, 0x92, 0x92, 0x92, 0x92, 0x92, 0x92,
		0x92, 0x92, 0x92, 0x92, 0x92, 0x92, 0x92, 0x92, 0x92, 0x92, 0x92, 0x92, 0x92, 0x92, 0x92, 0x92,
		0x92, 0x92, 0x92, 0x92, 0x92, 0x92, 0x92, 0x92, 0x92, 0x92, 0x92, 0x92, 0x92, 0x92, 0x92, 0x92,
		0x92, 0x92, 0x92, 0x92, 0x92, 0x92, 0x92, 0x92, 0x92, 0x92, 0x92, 0x92, 0x92, 0x92, 0x92, 0x92,
		0x92, 0x92, 0x92, 0x92, 0x92, 0x92, 0x92, 0x92, 0x92, 0x92, 0x92, 0x92, 0x92, 0x92, 0x92, 0x92,
		0x92, 0x92, 0x92, 0x92, 0x92, 0x92, 0x92, 0x92, 0x92, 0x92, 0x92, 0x92, 0x92, 0x92, 0x92, 0x92,
		0x92, 0x92, 0x92, 0x92, 0x92, 0x92, 0x92, 0x92, 0x92, 0x92, 0x92, 0x92, 0x92, 0x92, 0x92, 0x92,
		0x92, 0x92, 0x92, 0x92, 0x92, 0x92, 0x92, 0x92, 0x92, 0x92, 0x92, 0x92, 0x92, 0x92, 0x92, 0x92,
		0x92, 0x92, 0x92, 0x92, 0x92, 0x92, 0x92, 0x92, 0x92, 0x92, 0x92, 0x92, 0x92, 0x92, 0x92, 0x92,
		0x92, 0x92, 0x92, 0x92, 0x92, 0x92, 0x92, 0x92, 0x92, 0x92, 0x92, 0x92, 0x92, 0x92, 0x92, 0x92,
		0x92, 0x92, 0x92, 0x92, 0x92, 0x92, 0x92, 0x92, 0x92, 0x92, 0x92, 0x92, 0x92, 0x92, 0x92, 0x92,
		0x92, 0x92, 0x92, 0x92, 0x92, 0x92, 0x92, 0x92, 0x92, 0x92, 0x92, 0x92, 0x92, 0x92, 0x92, 0x92,
		0x92, 0x92, 0x92, 0x92, 0x92, 0x92, 0x92, 0x92, 0x92, 0x92, 0x92, 0x92, 0x92, 0x92, 0x92, 0x92,
		0x92, 0x92, 0x92, 0x92, 0x92, 0x92, 0x92, 0x92, 0x92, 0x92, 0x92, 0x92, 0x92, 0x92, 0x92, 0x92,
		0x92, 0x92, 0x92, 0x92, 0x92, 0x92, 0x92, 0x92, 0x92, 0x92, 0x92, 0x92, 0x92, 0x92, 0x92, 0x92,
		0x92, 0x92, 0x92, 0x92, 0x92, 0x92, 0x92, 0x92, 0x92, 0x92, 0x92, 0x92, 0x92, 0x92, 0x92, 0x92,
		0x92, 0x92, 0x92, 0x92, 0x92, 0x92, 0x92, 0x92, 0x92, 0x92, 0x92, 0x92, 0x92, 0x92, 0x92, 0x92,
		0x92, 0x92, 0x92, 0x92, 0x92, 0x92, 0x92, 0x92, 0x92, 0x92, 0x92, 0x92, 0x92, 0x92, 0x92, 0x92,
		0x92, 0x92, 0x92, 0x92, 0x92, 0x92, 0x92, 0x92, 0x92, 0x92, 0x92, 0x92, 0x92, 0x92, 0x92, 0x92,
		0x92, 0x92, 0x92, 0x92, 0x92, 0x92, 0x92, 0x92, 0x92, 0x92, 0x92, 0x92, 0x92, 0x92, 0x92, 0x92,
		0x92, 0x92, 0x92, 0x92, 0x92, 0x92, 0x92, 0x92, 0x92, 0x92, 0x92, 0x92, 0x92, 0x92, 0x92, 0x92,
		0x92, 0x92, 0x92, 0x92, 0x92, 0x92, 0x92, 0x92, 0x92, 0x92, 0x92, 0x92, 0x92, 0x92, 0x92, 0x92,
		0x92, 0x92, 0x92, 0x92, 0x92, 0x92, 0x92, 0x92, 0x92, 0x92, 0x92, 0x92, 0x92, 0x92, 0x92, 0x92,
		0x92, 0x92, 0x92, 0x92, 0x92, 0x92, 0x92, 0x92, 0x92, 0x92, 0x92, 0x92, 0x92, 0x92, 0x92, 0x92,
		0x92, 0x92, 0x92, 0x92, 0x92, 0x92, 0x92, 0x92, 0x92, 0x92, 0x92, 0x92, 0x92, 0x92, 0x92, 0x92,
		0x92, 0x92, 0x92, 0x92, 0x92, 0x92, 0x92, 0x92, 0x92, 0x92, 0x92, 0x92, 0x92, 0x92, 0x92, 0x92,
		0x92, 0x92, 0x92, 0x92, 0x92, 0x92, 0x92, 0x92, 0x92, 0x92, 0x92, 0x92, 0x92, 0x92, 0x92, 0x92,
		0x92, 0x92, 0x92, 0x92, 0x92, 0x92, 0x92, 0x92, 0x92, 0x92, 0x92, 0x92, 0x92, 0x92, 0x92, 0x92,
		0x92, 0x92, 0x92, 0x92, 0x92, 0x92, 0x92, 0x92, 0x92, 0x92, 0x92, 0x92, 0x92, 0x92, 0x92, 0x92,
		0x92, 0x92, 0x92, 0x92, 0x92, 0x92, 0x92, 0x92, 0x92, 0x92, 0x92, 0x92, 0x92, 0x92, 0x92, 0x92,
		0x92, 0x92, 0x92, 0x92, 0x92, 0x92, 0x92, 0x92, 0x92, 0x92, 0x92, 0x92, 0x92, 0x92, 0x92, 0x92,
		0x92, 0x92, 0x92, 0x92, 0x92, 0x92, 0x92, 0x92, 0x92, 0x92, 0x92, 0x92, 0x92, 0x92, 0x92, 0x92,
		0x92, 0x92, 0x92, 0x92, 0x92, 0x92, 0x92, 0x92, 0x92, 0x92, 0x92, 0x92, 0x92, 0x92, 0x92, 0x92,
		0x92, 0x92, 0x92, 0x92, 0x92, 0x92, 0x92, 0x92, 0x92, 0x92, 0x92, 0x92, 0x92, 0x92, 0x92, 0x92,
		0x92, 0x92, 0x92, 0x92, 0x92, 0x92, 0x92, 0x92, 0x92, 0x92, 0x92, 0x92, 0x92, 0x92, 0x92, 0x92,
		0x92, 0x92, 0x92, 0x92, 0x92, 0x92, 0x92, 0x92, 0x92, 0x92, 0x92, 0x92, 0x92, 0x92, 0x92, 0x92,
		0x92, 0x92, 0x92, 0x92, 0x92, 0x92, 0x92, 0x92, 0x92, 0x92, 0x92, 0x92, 0x92, 0x92, 0x92, 0x92,
		0x92, 0x92, 0x92, 0x92, 0x92, 0x92, 0x92, 0x92, 0x92, 0x92, 0x92, 0x92, 0x92, 0x92, 0x92, 0x92,
		0x92, 0x92, 0x92, 0x92, 0x92, 0x92, 0x92, 0x92, 0x92, 0x92, 0x92, 0x92, 0x92, 0x92, 0x92, 0x92,
		0x92, 0x92, 0x92, 0x92, 0x92, 0x92, 0x91, 0x91, 0x91, 0x8F, 0x8F, 0x8F, 0x8C, 0x8C, 0x8C, 0x8B,
		0x8B, 0x8B, 0x8C, 0x8C, 0x8C, 0x90, 0x90, 0x90, 0x91, 0x91, 0x91, 0x8D, 0x8D, 0x8D, 0x87, 0x87,
		0x87, 0x86, 0x86, 0x86, 0x8B, 0x8B, 0x8B, 0x90, 0x90, 0x90, 0x92, 0x92, 0x92, 0x91, 0x91, 0x91,
		0x8F, 0x8F, 0x8F, 0x89, 0x89, 0x89, 0x85, 0x85, 0x85, 0x88, 0x88, 0x88, 0x8E, 0x8E, 0x8E, 0x91,
		0x91, 0x91, 0x90, 0x90, 0x90, 0x8C, 0x8C, 0x8C, 0x8B, 0x8B, 0x8B, 0x8C, 0x8C, 0x8C, 0x8D, 0x8D,
		0x8D, 0x8C, 0x8C, 0x8C, 0x8B, 0x8B, 0x8B, 0x8C, 0x8C, 0x8C, 0x8B, 0x8B, 0x8B, 0x89, 0x89, 0x89,
		0x88, 0x88, 0x88, 0x85, 0x85, 0x85, 0x87, 0x87, 0x87, 0x8D, 0x8D, 0x8D, 0x91, 0x91, 0x91, 0x92,
		0x92, 0x92, 0x92, 0x92, 0x92, 0x92, 0x92, 0x92, 0x92, 0x92, 0x92, 0x92, 0x92, 0x92, 0x92, 0x92,
		0x92, 0x92, 0x92, 0x92, 0x92, 0x92, 0x92, 0x92, 0x92, 0x92, 0x92, 0x92, 0x92, 0x92, 0x92, 0x92,
		0x92, 0x92, 0x92, 0x92, 0x92, 0x92, 0x92, 0x92, 0x92, 0x92, 0x92, 0x92, 0x92, 0x92, 0x92, 0x92,
		0x92, 0x92, 0x92, 0x92, 0x92, 0x92, 0x92, 0x92, 0x92, 0x92, 0x92, 0x92, 0x92, 0x92, 0x92, 0x92,
		0x92, 0x92, 0x92, 0x92, 0x92, 0x92, 0x92, 0x92, 0x92, 0x92, 0x92, 0x92, 0x92, 0x92, 0x92, 0x92,
		0x92, 0x92, 0x92, 0x92, 0x92, 0x92, 0x8F, 0x8F, 0x8F, 0x82, 0x82, 0x82, 0x71, 0x71, 0x71, 0x6B,
		0x6B, 0x6B, 0x75, 0x75, 0x75, 0x85, 0x85, 0x85, 0x86, 0x86, 0x86, 0x73, 0x73, 0x73, 0x61, 0x61,
		0x61, 0x5F, 0x5F, 0x5F, 0x6D, 0x6D, 0x6D, 0x83, 0x83, 0x83, 0x8F, 0x8F, 0x8F, 0x8B, 0x8B, 0x8B,
		0x79, 0x79, 0x79, 0x6B, 0x6B, 0x6B, 0x6A, 0x6A, 0x6A, 0x6F, 0x6F, 0x6F, 0x79, 0x79, 0x79, 0x87,
		0x87, 0x87, 0x85, 0x85, 0x85, 0x75, 0x75, 0x75, 0x6B, 0x6B, 0x6B, 0x71, 0x71, 0x71, 0x7B, 0x7B,
		0x7B, 0x76, 0x76, 0x76, 0x6C, 0x6C, 0x6C, 0x6F, 0x6F, 0x6F, 0x74, 0x74, 0x74, 0x6F, 0x6F, 0x6F,
		0x6B, 0x6B, 0x6B, 0x6A, 0x6A, 0x6A, 0x69, 0x69, 0x69, 0x75, 0x75, 0x75, 0x88, 0x88, 0x88, 0x91,
		0x91, 0x91, 0x92, 0x92, 0x92, 0x92, 0x92, 0x92, 0x92, 0x92, 0x92, 0x92, 0x92, 0x92, 0x92, 0x92,
		0x92, 0x92, 0x92, 0x92, 0x92, 0x92, 0x92, 0x92, 0x92, 0x92, 0x92, 0x92, 0x92, 0x92, 0x92, 0x92,
		0x92, 0x92, 0x92, 0x92, 0x92, 0x92, 0x92, 0x92, 0x92, 0x92, 0x92, 0x92, 0x92, 0x92, 0x92, 0x92,
		0x92, 0x92, 0x92, 0x92, 0x92, 0x92, 0x92, 0x92, 0x92, 0x92, 0x92, 0x92, 0x92, 0x92, 0x92, 0x92,
		0x92, 0x92, 0x92, 0x92, 0x92, 0x92, 0x92, 0x92, 0x92, 0x92, 0x92, 0x92, 0x92, 0x92, 0x92, 0x92,
		0x92, 0x92, 0x92, 0x92, 0x92, 0x92, 0x8F, 0x8F, 0x8F, 0x7B, 0x7B, 0x7B, 0x57, 0x57, 0x57, 0x46,
		0x46, 0x46, 0x5E, 0x5E, 0x5E, 0x79, 0x79, 0x79, 0x6E, 0x6E, 0x6E, 0x4D, 0x4D, 0x4D, 0x44, 0x44,
		0x44, 0x4B, 0x4B, 0x4B, 0x55, 0x55, 0x55, 0x6C, 0x6C, 0x6C, 0x82, 0x82, 0x82, 0x77, 0x77, 0x77,
		0x57, 0x57, 0x57, 0x54, 0x54, 0x54, 0x66, 0x66, 0x66, 0x65, 0x65, 0x65, 0x5D, 0x5D, 0x5D, 0x6F,
		0x6F, 0x6F, 0x79, 0x79, 0x79, 0x5E, 0x5E, 0x5E, 0x45, 0x45, 0x45, 0x55, 0x55, 0x55, 0x6F, 0x6F,
		0x6F, 0x64, 0x64, 0x64, 0x48, 0x48, 0x48, 0x4F, 0x4F, 0x4F, 0x60, 0x60, 0x60, 0x59, 0x59, 0x59,
		0x5B, 0x5B, 0x5B, 0x66, 0x66, 0x66, 0x5A, 0x5A, 0x5A, 0x56, 0x56, 0x56, 0x74, 0x74, 0x74, 0x8D,
		0x8D, 0x8D, 0x92, 0x92, 0x92, 0x92, 0x92, 0x92, 0x92, 0x92, 0x92, 0x92, 0x92, 0x92, 0x92, 0x92,
		0x92, 0x92, 0x92, 0x92, 0x92, 0x92, 0x92, 0x92, 0x92, 0x92, 0x92, 0x92, 0x92, 0x92, 0x92, 0x92,
		0x92, 0x92, 0x92, 0x92, 0x92, 0x92, 0x92, 0x92, 0x92, 0x92, 0x92, 0x92, 0x92, 0x92, 0x92, 0x92,
		0x92, 0x92, 0x92, 0x92, 0x92, 0x92, 0x92, 0x92, 0x92, 0x92, 0x92, 0x92, 0x92, 0x92, 0x92, 0x92,
		0x92, 0x92, 0x92, 0x92, 0x92, 0x92, 0x92, 0x92, 0x92, 0x92, 0x92, 0x92, 0x92, 0x92, 0x92, 0x92,
		0x92, 0x92, 0x92, 0x92, 0x92, 0x92, 0x91, 0x91, 0x91, 0x83, 0x83, 0x83, 0x5D, 0x5D, 0x5D, 0x44,
		0x44, 0x44, 0x61, 0x61, 0x61, 0x75, 0x75, 0x75, 0x55, 0x55, 0x55, 0x40, 0x40, 0x40, 0x56, 0x56,
		0x56, 0x6D, 0x6D, 0x6D, 0x69, 0x69, 0x69, 0x67, 0x67, 0x67, 0x71, 0x71, 0x71, 0x5C, 0x5C, 0x5C,
		0x45, 0x45, 0x45, 0x5E, 0x5E, 0x5E, 0x7F, 0x7F, 0x7F, 0x76, 0x76, 0x76, 0x56, 0x56, 0x56, 0x59,
		0x59, 0x59, 0x73, 0x73, 0x73, 0x60, 0x60, 0x60, 0x40, 0x40, 0x40, 0x54, 0x54, 0x54, 0x7B, 0x7B,
		0x7B, 0x6D, 0x6D, 0x6D, 0x45, 0x45, 0x45, 0x50, 0x50, 0x50, 0x6A, 0x6A, 0x6A, 0x66, 0x66, 0x66,
		0x6C, 0x6C, 0x6C, 0x74, 0x74, 0x74, 0x5A, 0x5A, 0x5A, 0x46, 0x46, 0x46, 0x63, 0x63, 0x63, 0x88,
		0x88, 0x88, 0x92, 0x92, 0x92, 0x92, 0x92, 0x92, 0x92, 0x92, 0x92, 0x92, 0x92, 0x92, 0x92, 0x92,
		0x92, 0x92, 0x92, 0x92, 0x92, 0x92, 0x92, 0x92, 0x92, 0x92, 0x92, 0x92, 0x92, 0x92, 0x92, 0x92,
		0x92, 0x92, 0x92, 0x92, 0x92, 0x92, 0x92, 0x92, 0x92, 0x92, 0x92, 0x92, 0x92, 0x92, 0x92, 0x92,
		0x92, 0x92, 0x92, 0x92, 0x92, 0x92, 0x92, 0x92, 0x92, 0x92, 0x92, 0x92, 0x92, 0x92, 0x92, 0x92,
		0x92, 0x92, 0x92, 0x92, 0x92, 0x92, 0x92, 0x92, 0x92, 0x92, 0x92, 0x92, 0x92, 0x92, 0x92, 0x92,
		0x92, 0x92, 0x92, 0x92, 0x92, 0x92, 0x92, 0x92, 0x92, 0x8B, 0x8B, 0x8B, 0x68, 0x68, 0x68, 0x4D,
		0x4D, 0x4D, 0x69, 0x69, 0x69, 0x73, 0x73, 0x73, 0x4A, 0x4A, 0x4A, 0x4B, 0x4B, 0x4B, 0x76, 0x76,
		0x76, 0x8D, 0x8D, 0x8D, 0x85, 0x85, 0x85, 0x7A, 0x7A, 0x7A, 0x6C, 0x6C, 0x6C, 0x49, 0x49, 0x49,
		0x46, 0x46, 0x46, 0x74, 0x74, 0x74, 0x90, 0x90, 0x90, 0x83, 0x83, 0x83, 0x5A, 0x5A, 0x5A, 0x4D,
		0x4D, 0x4D, 0x6B, 0x6B, 0x6B, 0x66, 0x66, 0x66, 0x47, 0x47, 0x47, 0x5C, 0x5C, 0x5C, 0x84, 0x84,
		0x84, 0x77, 0x77, 0x77, 0x4D, 0x4D, 0x4D, 0x5A, 0x5A, 0x5A, 0x7C, 0x7C, 0x7C, 0x7B, 0x7B, 0x7B,
		0x71, 0x71, 0x71, 0x61, 0x61, 0x61, 0x48, 0x48, 0x48, 0x46, 0x46, 0x46, 0x69, 0x69, 0x69, 0x89,
		0x89, 0x89, 0x92, 0x92, 0x92, 0x92, 0x92, 0x92, 0x92, 0x92, 0x92, 0x92, 0x92, 0x92, 0x92, 0x92,
		0x92, 0x92, 0x92, 0x92, 0x92, 0x92, 0x92, 0x92, 0x92, 0x92, 0x92, 0x92, 0x92, 0x92, 0x92, 0x92,
		0x92, 0x92, 0x92, 0x92, 0x92, 0x92, 0x92, 0x92, 0x92, 0x92, 0x92, 0x92, 0x92, 0x92, 0x92, 0x92,
		0x92, 0x92, 0x92, 0x92, 0x92, 0x92, 0x92, 0x92, 0x92, 0x92, 0x92, 0x92, 0x92, 0x92, 0x92, 0x92,
		0x92, 0x92, 0x92, 0x92, 0x92, 0x92, 0x92, 0x92, 0x92, 0x92, 0x92, 0x92, 0x92, 0x92, 0x92, 0x92,
		0x92, 0x92, 0x92, 0xA0, 0xA0, 0xA0, 0xAD, 0xAD, 0xAD, 0xA8, 0xA8, 0xA8, 0x8F, 0x8F, 0x8F, 0x59,
		0x59, 0x59, 0x69, 0x69, 0x69, 0x83, 0x83, 0x83, 0xA6, 0xA6, 0xA6, 0xAC, 0xAC, 0xAC, 0xA1, 0xA1,
		0xA1, 0x92, 0x92, 0x92, 0x8F, 0x8F, 0x8F, 0x8B, 0x8B, 0x8B, 0x7D, 0x7D, 0x7D, 0x8E, 0x8E, 0x8E,
		0xA6, 0xA6, 0xA6, 0xB6, 0xB6, 0xB6, 0x99, 0x99, 0x99, 0x83, 0x83, 0x83, 0x63, 0x63, 0x63, 0x76,
		0x76, 0x76, 0x8C, 0x8C, 0x8C, 0x8B, 0x8B, 0x8B, 0x5E, 0x5E, 0x5E, 0x85, 0x85, 0x85, 0xA3, 0xA3,
		0xA3, 0x99, 0x99, 0x99, 0x6F, 0x6F, 0x6F, 0x99, 0x99, 0x99, 0xA7, 0xA7, 0xA7, 0xBA, 0xBA, 0xBA,
		0xAA, 0xAA, 0xAA, 0x5B, 0x5B, 0x5B, 0x44, 0x44, 0x44, 0x5A, 0x5A, 0x5A, 0x7D, 0x7D, 0x7D, 0x90,
		0x90, 0x90, 0x92, 0x92, 0x92, 0x92, 0x92, 0x92, 0x92, 0x92, 0x92, 0x92, 0x92, 0x92, 0x92, 0x92,
		0x92, 0x92, 0x92, 0x92, 0x92, 0x92, 0x92, 0x92, 0x92, 0x92, 0x92, 0x92, 0x92, 0x92, 0x92, 0x92,
		0x92, 0x92, 0x92, 0x92, 0x92, 0x92, 0x92, 0x92, 0x92, 0x92, 0x92, 0x92, 0x92, 0x92, 0x92, 0x92,
		0x92, 0x92, 0x92, 0x92, 0x92, 0x92, 0x92, 0x92, 0x92, 0x92, 0x92, 0x92, 0x92, 0x92, 0x92, 0x92,
		0x92, 0x92, 0x92, 0x92, 0x92, 0x92, 0x92, 0x92, 0x92, 0x92, 0x92, 0x92, 0x92, 0x92, 0x92, 0x92,
		0x92, 0x92, 0x92, 0xA7, 0xA7, 0xA7, 0xF9, 0xF9, 0xF9, 0xFF, 0xFF, 0xFF, 0xE3, 0xE3, 0xE3, 0x58,
		0x58, 0x58, 0x85, 0x85, 0x85, 0xF7, 0xF7, 0xF7, 0xFF, 0xFF, 0xFF, 0xFF, 0xFF, 0xFF, 0xFF, 0xFF,
		0xFF, 0xB8, 0xB8, 0xB8, 0x81, 0x81, 0x81, 0x85, 0x85, 0x85, 0xE6, 0xE6, 0xE6, 0xF5, 0xF5, 0xF5,
		0x92, 0x92, 0x92, 0xB4, 0xB4, 0xB4, 0xF8, 0xF8, 0xF8, 0x95, 0x95, 0x95, 0x5B, 0x5B, 0x5B, 0xDD,
		0xDD, 0xDD, 0xFF, 0xFF, 0xFF, 0xF6, 0xF6, 0xF6, 0x67, 0x67, 0x67, 0xC0, 0xC0, 0xC0, 0xFF, 0xFF,
		0xFF, 0xFF, 0xFF, 0xFF, 0x90, 0x90, 0x90, 0xD7, 0xD7, 0xD7, 0xE6, 0xE6, 0xE6, 0x93, 0x93, 0x93,
		0xD1, 0xD1, 0xD1, 0xF5, 0xF5, 0xF5, 0x77, 0x77, 0x77, 0x6D, 0x6D, 0x6D, 0x84, 0x84, 0x84, 0x92,
		0x92, 0x92, 0x92, 0x92, 0x92, 0x92, 0x92, 0x92, 0x92, 0x92, 0x92, 0x92, 0x92, 0x92, 0x92, 0x92,
		0x92, 0x92, 0x92, 0x92, 0x92, 0x92, 0x92, 0x92, 0x92, 0x92, 0x92, 0x92, 0x92, 0x92, 0x92, 0x92,
		0x92, 0x92, 0x92, 0x92, 0x92, 0x92, 0x92, 0x92, 0x92, 0x92, 0x92, 0x92, 0x92, 0x92, 0x92, 0x92,
		0x92, 0x92, 0x92, 0x92, 0x92, 0x92, 0x92, 0x92, 0x92, 0x92, 0x92, 0x92, 0x92, 0x92, 0x92, 0x92,
		0x92, 0x92, 0x92, 0x92, 0x92, 0x92, 0x92, 0x92, 0x92, 0x92, 0x92, 0x92, 0x92, 0x92, 0x92, 0x92,
		0x92, 0x92, 0x92, 0x92, 0x92, 0x92, 0xB3, 0xB3, 0xB3, 0xFF, 0xFF, 0xFF, 0x83, 0x83, 0x83, 0x47,
		0x47, 0x47, 0xD1, 0xD1, 0xD1, 0xFF, 0xFF, 0xFF, 0xB1, 0xB1, 0xB1, 0x57, 0x57, 0x57, 0x88, 0x88,
		0x88, 0xE5, 0xE5, 0xE5, 0x65, 0x65, 0x65, 0xAF, 0xAF, 0xAF, 0xFF, 0xFF, 0xFF, 0xA0, 0xA0, 0xA0,
		0x52, 0x52, 0x52, 0x68, 0x68, 0x68, 0xD6, 0xD6, 0xD6, 0xD9, 0xD9, 0xD9, 0x49, 0x49, 0x49, 0x80,
		0x80, 0x80, 0xFF, 0xFF, 0xFF, 0xB0, 0xB0, 0xB0, 0x3D, 0x3D, 0x3D, 0x48, 0x48, 0x48, 0xFF, 0xFF,
		0xFF, 0xB9, 0xB9, 0xB9, 0x47, 0x47, 0x47, 0xD7, 0xD7, 0xD7, 0x91, 0x91, 0x91, 0x60, 0x60, 0x60,
		0x58, 0x58, 0x58, 0xFF, 0xFF, 0xFF, 0xB4, 0xB4, 0xB4, 0x62, 0x62, 0x62, 0x7D, 0x7D, 0x7D, 0x92,
		0x92, 0x92, 0x92, 0x92, 0x92, 0x92, 0x92, 0x92, 0x92, 0x92, 0x92, 0x92, 0x92, 0x92, 0x92, 0x92,
		0x92, 0x92, 0x92, 0x92, 0x92, 0x92, 0x92, 0x92, 0x92, 0x92, 0x92, 0x92, 0x92, 0x92, 0x92, 0x92,
		0x92, 0x92, 0x92, 0x92, 0x92, 0x92, 0x92, 0x92, 0x92, 0x92, 0x92, 0x92, 0x92, 0x92, 0x92, 0x92,
		0x92, 0x92, 0x92, 0x92, 0x92, 0x92, 0x92, 0x92, 0x92, 0x92, 0x92, 0x92, 0x92, 0x92, 0x92, 0x92,
		0x92, 0x92, 0x92, 0x92, 0x92, 0x92, 0x92, 0x92, 0x92, 0x92, 0x92, 0x92, 0x92, 0x92, 0x92, 0x92,
		0x92, 0x92, 0x92, 0x92, 0x92, 0x92, 0xAB, 0xAB, 0xAB, 0xFF, 0xFF, 0xFF, 0x84, 0x84, 0x84, 0x52,
		0x52, 0x52, 0xFF, 0xFF, 0xFF, 0xE9, 0xE9, 0xE9, 0x7C, 0x7C, 0x7C, 0x64, 0x64, 0x64, 0x5E, 0x5E,
		0x5E, 0x8D, 0x8D, 0x8D, 0x71, 0x71, 0x71, 0xEC, 0xEC, 0xEC, 0xFF, 0xFF, 0xFF, 0x7F, 0x7F, 0x7F,
		0x65, 0x65, 0x65, 0x60, 0x60, 0x60, 0xB2, 0xB2, 0xB2, 0xFF, 0xFF, 0xFF, 0x6E, 0x6E, 0x6E, 0x95,
		0x95, 0x95, 0xFF, 0xFF, 0xFF, 0xB0, 0xB0, 0xB0, 0x4B, 0x4B, 0x4B, 0x54, 0x54, 0x54, 0xFF, 0xFF,
		0xFF, 0xA9, 0xA9, 0xA9, 0x51, 0x51, 0x51, 0x8A, 0x8A, 0x8A, 0x84, 0x84, 0x84, 0xA7, 0xA7, 0xA7,
		0xEB, 0xEB, 0xEB, 0xFF, 0xFF, 0xFF, 0x99, 0x99, 0x99, 0x5D, 0x5D, 0x5D, 0x7D, 0x7D, 0x7D, 0x92,
		0x92, 0x92, 0x92, 0x92, 0x92, 0x92, 0x92, 0x92, 0x92, 0x92, 0x92, 0x92, 0x92, 0x92, 0x92, 0x92,
		0x92, 0x92, 0x92, 0x92, 0x92, 0x92, 0x92, 0x92, 0x92, 0x92, 0x92, 0x92, 0x92, 0x92, 0x92, 0x92,
		0x92, 0x92, 0x92, 0x92, 0x92, 0x92, 0x92, 0x92, 0x92, 0x92, 0x92, 0x92, 0x92, 0x92, 0x92, 0x92,
		0x92, 0x92, 0x92, 0x92, 0x92, 0x92, 0x92, 0x92, 0x92, 0x92, 0x92, 0x92, 0x92, 0x92, 0x92, 0x92,
		0x92, 0x92, 0x92, 0x92, 0x92, 0x92, 0x92, 0x92, 0x92, 0x92, 0x92, 0x92, 0x92, 0x92, 0x92, 0x92,
		0x92, 0x92, 0x92, 0x92, 0x92, 0x92, 0xAC, 0xAC, 0xAC, 0xFF, 0xFF, 0xFF, 0x9C, 0x9C, 0x9C, 0x77,
		0x77, 0x77, 0xFF, 0xFF, 0xFF, 0xC8, 0xC8, 0xC8, 0x8D, 0x8D, 0x8D, 0x81, 0x81, 0x81, 0x75, 0x75,
		0x75, 0x70, 0x70, 0x70, 0x74, 0x74, 0x74, 0xFF, 0xFF, 0xFF, 0xE3, 0xE3, 0xE3, 0x8E, 0x8E, 0x8E,
		0x83, 0x83, 0x83, 0x78, 0x78, 0x78, 0xB9, 0xB9, 0xB9, 0xFF, 0xFF, 0xFF, 0x9E, 0x9E, 0x9E, 0xA8,
		0xA8, 0xA8, 0xFF, 0xFF, 0xFF, 0xBE, 0xBE, 0xBE, 0x74, 0x74, 0x74, 0x79, 0x79, 0x79, 0xFF, 0xFF,
		0xFF, 0xB9, 0xB9, 0xB9, 0x76, 0x76, 0x76, 0x8F, 0x8F, 0x8F, 0xE3, 0xE3, 0xE3, 0xFF, 0xFF, 0xFF,
		0xFF, 0xFF, 0xFF, 0xC2, 0xC2, 0xC2, 0x71, 0x71, 0x71, 0x78, 0x78, 0x78, 0x89, 0x89, 0x89, 0x92,
		0x92, 0x92, 0x92, 0x92, 0x92, 0x92, 0x92, 0x92, 0x92, 0x92, 0x92, 0x92, 0x92, 0x92, 0x92, 0x92,
		0x92, 0x92, 0x92, 0x92, 0x92, 0x92, 0x92, 0x92, 0x92, 0x92, 0x92, 0x92, 0x92, 0x92, 0x92, 0x92,
		0x92, 0x92, 0x92, 0x92, 0x92, 0x92, 0x92, 0x92, 0x92, 0x92, 0x92, 0x92, 0x92, 0x92, 0x92, 0x92,
		0x92, 0x92, 0x92, 0x92, 0x92, 0x92, 0x92, 0x92, 0x92, 0x92, 0x92, 0x92, 0x92, 0x92, 0x92, 0x92,
		0x92, 0x92, 0x92, 0x92, 0x92, 0x92, 0x92, 0x92, 0x92, 0x92, 0x92, 0x92, 0x92, 0x92, 0x92, 0x92,
		0x92, 0x92, 0x92, 0x92, 0x92, 0x92, 0xAD, 0xAD, 0xAD, 0xFF, 0xFF, 0xFF, 0xA7, 0xA7, 0xA7, 0x84,
		0x84, 0x84, 0xF8, 0xF8, 0xF8, 0xC8, 0xC8, 0xC8, 0x92, 0x92, 0x92, 0x91, 0x91, 0x91, 0x8E, 0x8E,
		0x8E, 0x9A, 0x9A, 0x9A, 0x8F, 0x8F, 0x8F, 0xE4, 0xE4, 0xE4, 0xEB, 0xEB, 0xEB, 0x92, 0x92, 0x92,
		0x91, 0x91, 0x91, 0x8F, 0x8F, 0x8F, 0xDB, 0xDB, 0xDB, 0xFF, 0xFF, 0xFF, 0x9E, 0x9E, 0x9E, 0xAD,
		0xAD, 0xAD, 0xFF, 0xFF, 0xFF, 0xC8, 0xC8, 0xC8, 0x8F, 0x8F, 0x8F, 0x8F, 0x8F, 0x8F, 0xFF, 0xFF,
		0xFF, 0xC7, 0xC7, 0xC7, 0x8F, 0x8F, 0x8F, 0xCF, 0xCF, 0xCF, 0xFF, 0xFF, 0xFF, 0xD6, 0xD6, 0xD6,
		0x9E, 0x9E, 0x9E, 0xB1, 0xB1, 0xB1, 0x8C, 0x8C, 0x8C, 0x8E, 0x8E, 0x8E, 0x91, 0x91, 0x91, 0x92,
		0x92, 0x92, 0x92, 0x92, 0x92, 0x92, 0x92, 0x92, 0x92, 0x92, 0x92, 0x92, 0x92, 0x92, 0x92, 0x92,
		0x92, 0x92, 0x92, 0x92, 0x92, 0x92, 0x92, 0x92, 0x92, 0x92, 0x92, 0x92, 0x92, 0x92, 0x92, 0x92,
		0x92, 0x92, 0x92, 0x92, 0x92, 0x92, 0x92, 0x92, 0x92, 0x92, 0x92, 0x92, 0x92, 0x92, 0x92, 0x92,
		0x92, 0x92, 0x92, 0x92, 0x92, 0x92, 0x92, 0x92, 0x92, 0x92, 0x92, 0x92, 0x92, 0x92, 0x92, 0x92,
		0x92, 0x92, 0x92, 0x92, 0x92, 0x92, 0x92, 0x92, 0x92, 0x92, 0x92, 0x92, 0x92, 0x92, 0x92, 0x92,
		0x92, 0x92, 0x92, 0x92, 0x92, 0x92, 0xC2, 0xC2, 0xC2, 0xFF, 0xFF, 0xFF, 0x9B, 0x9B, 0x9B, 0x6C,
		0x6C, 0x6C, 0xBF, 0xBF, 0xBF, 0xF2, 0xF2, 0xF2, 0x92, 0x92, 0x92, 0x99, 0x99, 0x99, 0xD6, 0xD6,
		0xD6, 0xF9, 0xF9, 0xF9, 0x92, 0x92, 0x92, 0xBB, 0xBB, 0xBB, 0xFF, 0xFF, 0xFF, 0xA0, 0xA0, 0xA0,
		0x92, 0x92, 0x92, 0xA0, 0xA0, 0xA0, 0xFF, 0xFF, 0xFF, 0xE4, 0xE4, 0xE4, 0x92, 0x92, 0x92, 0xAD,
		0xAD, 0xAD, 0xFF, 0xFF, 0xFF, 0xF2, 0xF2, 0xF2, 0xAD, 0xAD, 0xAD, 0xA0, 0xA0, 0xA0, 0xFF, 0xFF,
		0xFF, 0xC9, 0xC9, 0xC9, 0x92, 0x92, 0x92, 0xD6, 0xD6, 0xD6, 0xE4, 0xE4, 0xE4, 0x92, 0x92, 0x92,
		0x92, 0x92, 0x92, 0xF2, 0xF2, 0xF2, 0x92, 0x92, 0x92, 0x92, 0x92, 0x92, 0x92, 0x92, 0x92, 0x92,
		0x92, 0x92, 0x92, 0x92, 0x92, 0x92, 0x92, 0x92, 0x92, 0x92, 0x92, 0x92, 0x92, 0x92, 0x92, 0x92,
		0x92, 0x92, 0x92, 0x92, 0x92, 0x92, 0x92, 0x92, 0x92, 0x92, 0x92, 0x92, 0x92, 0x92, 0x92, 0x92,
		0x92, 0x92, 0x92, 0x92, 0x92, 0x92, 0x92, 0x92, 0x92, 0x92, 0x92, 0x92, 0x92, 0x92, 0x92, 0x92,
		0x92, 0x92, 0x92, 0x92, 0x92, 0x92, 0x92, 0x92, 0x92, 0x92, 0x92, 0x92, 0x92, 0x92, 0x92, 0x92,
		0x92, 0x92, 0x92, 0x92, 0x92, 0x92, 0x92, 0x92, 0x92, 0x92, 0x92, 0x92, 0x92, 0x92, 0x92, 0x92,
		0x92, 0x92, 0x92, 0xAD, 0xAD, 0xAD, 0xF2, 0xF2, 0xF2, 0xFF, 0xFF, 0xFF, 0x98, 0x98, 0x98, 0x67,
		0x67, 0x67, 0x7C, 0x7C, 0x7C, 0xDD, 0xDD, 0xDD, 0xE4, 0xE4, 0xE4, 0xEB, 0xEB, 0xEB, 0xFF, 0xFF,
		0xFF, 0xD6, 0xD6, 0xD6, 0x92, 0x92, 0x92, 0x92, 0x92, 0x92, 0xD0, 0xD0, 0xD0, 0xF2, 0xF2, 0xF2,
		0xC9, 0xC9, 0xC9, 0xF9, 0xF9, 0xF9, 0xEB, 0xEB, 0xEB, 0x99, 0x99, 0x99, 0xA7, 0xA7, 0xA7, 0xEB,
		0xEB, 0xEB, 0xFF, 0xFF, 0xFF, 0xD0, 0xD0, 0xD0, 0xDD, 0xDD, 0xDD, 0xFF, 0xFF, 0xFF, 0xFF, 0xFF,
		0xFF, 0xAD, 0xAD, 0xAD, 0x92, 0x92, 0x92, 0xA7, 0xA7, 0xA7, 0xF9, 0xF9, 0xF9, 0xDD, 0xDD, 0xDD,
		0xE4, 0xE4, 0xE4, 0xFF, 0xFF, 0xFF, 0x92, 0x92, 0x92, 0x92, 0x92, 0x92, 0x92, 0x92, 0x92, 0x92,
		0x92, 0x92, 0x92, 0x92, 0x92, 0x92, 0x92, 0x92, 0x92, 0x92, 0x92, 0x92, 0x92, 0x92, 0x92, 0x92,
		0x92, 0x92, 0x92, 0x92, 0x92, 0x92, 0x92, 0x92, 0x92, 0x92, 0x92, 0x92, 0x92, 0x92, 0x92, 0x92,
		0x92, 0x92, 0x92, 0x92, 0x92, 0x92, 0x92, 0x92, 0x92, 0x92, 0x92, 0x92, 0x92, 0x92, 0x92, 0x92,
		0x92, 0x92, 0x92, 0x92, 0x92, 0x92, 0x92, 0x92, 0x92, 0x92, 0x92, 0x92, 0x92, 0x92, 0x92, 0x92,
		0x92, 0x92, 0x92, 0x92, 0x92, 0x92, 0x92, 0x92, 0x92, 0x92, 0x92, 0x92, 0x92, 0x92, 0x92, 0x92,
		0x92, 0x92, 0x92, 0x92, 0x92, 0x92, 0x92, 0x92, 0x92, 0xA5, 0xA5, 0xA5, 0x8F, 0x8F, 0x8F, 0x82,
		0x82, 0x82, 0x8A, 0x8A, 0x8A, 0x91, 0x91, 0x91, 0xA7, 0xA7, 0xA7, 0xAD, 0xAD, 0xAD, 0xA0, 0xA0,
		0xA0, 0x92, 0x92, 0x92, 0x92, 0x92, 0x92, 0x92, 0x92, 0x92, 0x92, 0x92, 0x92, 0xA0, 0xA0, 0xA0,
		0xAD, 0xAD, 0xAD, 0xAD, 0xAD, 0xAD, 0x92, 0x92, 0x92, 0x92, 0x92, 0x92, 0x92, 0x92, 0x92, 0x92,
		0x92, 0x92, 0xA7, 0xA7, 0xA7, 0xA0, 0xA0, 0xA0, 0x92, 0x92, 0x92, 0xA7, 0xA7, 0xA7, 0xA0, 0xA0,
		0xA0, 0x92, 0x92, 0x92, 0x92, 0x92, 0x92, 0x92, 0x92, 0x92, 0x99, 0x99, 0x99, 0xAD, 0xAD, 0xAD,
		0xA7, 0xA7, 0xA7, 0xA7, 0xA7, 0xA7, 0x92, 0x92, 0x92, 0x92, 0x92, 0x92, 0x92, 0x92, 0x92, 0x92,
		0x92, 0x92, 0x92, 0x92, 0x92, 0x92, 0x92, 0x92, 0x92, 0x92, 0x92, 0x92, 0x92, 0x92, 0x92, 0x92,
		0x92, 0x92, 0x92, 0x92, 0x92, 0x92, 0x92, 0x92, 0x92, 0x92, 0x92, 0x92, 0x92, 0x92, 0x92, 0x92,
		0x92, 0x92, 0x92, 0x92, 0x92, 0x92, 0x92, 0x92, 0x92, 0x92, 0x92, 0x92, 0x92, 0x92, 0x92, 0x92,
		0x92, 0x92, 0x92, 0x92, 0x92, 0x92, 0x92, 0x92, 0x92, 0x92, 0x92, 0x92, 0x92, 0x92, 0x92, 0x92,
		0x92, 0x92, 0x92, 0x92, 0x92, 0x92, 0x92, 0x92, 0x92, 0x92, 0x92, 0x92, 0x92, 0x92, 0x92, 0x92,
		0x92, 0x92, 0x92, 0x92, 0x92, 0x92, 0x92, 0x92, 0x92, 0x92, 0x92, 0x92, 0x92, 0x92, 0x92, 0x92,
		0x92, 0x92, 0x92, 0x92, 0x92, 0x92, 0x92, 0x92, 0x92, 0x92, 0x92, 0x92, 0x92, 0x92, 0x92, 0x92,
		0x92, 0x92, 0x92, 0x92, 0x92, 0x92, 0x92, 0x92, 0x92, 0x92, 0x92, 0x92, 0x92, 0x92, 0x92, 0x92,
		0x92, 0x92, 0x92, 0x92, 0x92, 0x92, 0x92, 0x92, 0x92, 0x92, 0x92, 0x92, 0x92, 0x92, 0x92, 0x92,
		0x92, 0x92, 0x92, 0x92, 0x92, 0x92, 0x92, 0x92, 0x92, 0x92, 0x92, 0x92, 0x92, 0x92, 0x92, 0x92,
		0x92, 0x92, 0x92, 0x92, 0x92, 0x92, 0x92, 0x92, 0x92, 0x92, 0x92, 0x92, 0x92, 0x92, 0x92, 0x92,
		0x92, 0x92, 0x92, 0x92, 0x92, 0x92, 0x92, 0x92, 0x92, 0x92, 0x92, 0x92, 0x92, 0x92, 0x92, 0x92,
		0x92, 0x92, 0x92, 0x92, 0x92, 0x92, 0x92, 0x92, 0x92, 0x92, 0x92, 0x92, 0x92, 0x92, 0x92, 0x92,
		0x92, 0x92, 0x92, 0x92, 0x92, 0x92, 0x92, 0x92, 0x92, 0x92, 0x92, 0x92, 0x92, 0x92, 0x92, 0x92,
		0x92, 0x92, 0x92, 0x92, 0x92, 0x92, 0x92, 0x92, 0x92, 0x92, 0x92, 0x92, 0x92, 0x92, 0x92, 0x92,
		0x92, 0x92, 0x92, 0x92, 0x92, 0x92, 0x92, 0x92, 0x92, 0x92, 0x92, 0x92, 0x92, 0x92, 0x92, 0x92,
		0x92, 0x92, 0x92, 0x92, 0x92, 0x92, 0x92, 0x92, 0x92, 0x92, 0x92, 0x92, 0x92, 0x92, 0x92, 0x92,
		0x92, 0x92, 0x92, 0x92, 0x92, 0x92, 0xA7, 0xA7, 0xA7, 0xDD, 0xDD, 0xDD, 0x99, 0x99, 0x99, 0x92,
		0x92, 0x92, 0x92, 0x92, 0x92, 0x92, 0x92, 0x92, 0x92, 0x92, 0x92, 0x92, 0x92, 0x92, 0x92, 0x92,
		0x92, 0x92, 0x92, 0x92, 0x92, 0x92, 0x92, 0x92, 0x92, 0x92, 0x92, 0x92, 0x92, 0x92, 0x92, 0x92,
		0x92, 0x92, 0x92, 0x92, 0x92, 0x92, 0x92, 0x92, 0x92, 0x92, 0x92, 0x92, 0x92, 0x92, 0x92, 0x92,
		0x92, 0x92, 0x92, 0x92, 0x92, 0x92, 0x92, 0x92, 0x92, 0x92, 0x92, 0x92, 0x92, 0x92, 0x92, 0x92,
		0x92, 0x92, 0x92, 0x92, 0x92, 0x92, 0x92, 0x92, 0x92, 0x92, 0x92, 0x92, 0x92, 0x92, 0x92, 0x92,
		0x92, 0x92, 0x92, 0x92, 0x92, 0x92, 0x92, 0x92, 0x92, 0x92, 0x92, 0x92, 0x92, 0x92, 0x92, 0x92,
		0x92, 0x92, 0x92, 0x92, 0x92, 0x92, 0x92, 0x92, 0x92, 0x92, 0x92, 0x92, 0x92, 0x92, 0x92, 0x92,
		0x92, 0x92, 0x92, 0x92, 0x92, 0x92, 0x92, 0x92, 0x92, 0x92, 0x92, 0x92, 0x92, 0x92, 0x92, 0x92,
		0x92, 0x92, 0x92, 0x92, 0x92, 0x92, 0x92, 0x92, 0x92, 0x92, 0x92, 0x92, 0x92, 0x92, 0x92, 0x92,
		0x92, 0x92, 0x92, 0x92, 0x92, 0x92, 0x92, 0x92, 0x92, 0x92, 0x92, 0x92, 0x92, 0x92, 0x92, 0x92,
		0x92, 0x92, 0x92, 0x92, 0x92, 0x92, 0x92, 0x92, 0x92, 0x92, 0x92, 0x92, 0x92, 0x92, 0x92, 0x92,
		0x92, 0x92, 0x92, 0x92, 0x92, 0x92, 0xB4, 0xB4, 0xB4, 0xF9, 0xF9, 0xF9, 0xA0, 0xA0, 0xA0, 0x92,
		0x92, 0x92, 0x92, 0x92, 0x92, 0x92, 0x92, 0x92, 0x92, 0x92, 0x92, 0x92, 0x92, 0x92, 0x92, 0x92,
		0x92, 0x92, 0x92, 0x92, 0x92, 0x92, 0x92, 0x92, 0x92, 0x92, 0x92, 0x92, 0x92, 0x92, 0x92, 0x92,
		0x92, 0x92, 0x92, 0x92, 0x92, 0x92, 0x92, 0x92, 0x92, 0x92, 0x92, 0x92, 0x92, 0x92, 0x92, 0x92,
		0x92, 0x92, 0x92, 0x92, 0x92, 0x92, 0x92, 0x92, 0x92, 0x92, 0x92, 0x92, 0x92, 0x92, 0x92, 0x92,
		0x92, 0x92, 0x92, 0x92, 0x92, 0x92, 0x92, 0x92, 0x92, 0x92, 0x92, 0x92, 0x92, 0x92, 0x92, 0x92,
		0x92, 0x92, 0x92, 0x92, 0x92, 0x92, 0x92, 0x92, 0x92, 0x92, 0x92, 0x92, 0x92, 0x92, 0x92, 0x92,
		0x92, 0x92, 0x92, 0x92, 0x92, 0x92, 0x92, 0x92, 0x92, 0x92, 0x92, 0x92, 0x92, 0x92, 0x92, 0x92,
		0x92, 0x92, 0x92, 0x92, 0x92, 0x92, 0x92, 0x92, 0x92, 0x92, 0x92, 0x92, 0x92, 0x92, 0x92, 0x92,
		0x92, 0x92, 0x92, 0x92, 0x92, 0x92, 0x92, 0x92, 0x92, 0x92, 0x92, 0x92, 0x92, 0x92, 0x92, 0x92,
		0x92, 0x92, 0x92, 0x92, 0x92, 0x92, 0x92, 0x92, 0x92, 0x92, 0x92, 0x92, 0x92, 0x92, 0x92, 0x92,
		0x92, 0x92, 0x92, 0x92, 0x92, 0x92, 0x92, 0x92, 0x92, 0x92, 0x92, 0x92, 0x92, 0x92, 0x92, 0x92,
		0x92, 0x92, 0x92, 0x92, 0x92, 0x92, 0x92, 0x92, 0x92, 0x92, 0x92, 0x92, 0x92, 0x92, 0x92, 0x92,
		0x92, 0x92, 0x92, 0x92, 0x92, 0x92, 0x92, 0x92, 0x92, 0x92, 0x92, 0x92, 0x92, 0x92, 0x92, 0x92,
		0x92, 0x92, 0x92, 0x92, 0x92, 0x92, 0x92, 0x92, 0x92, 0x92, 0x92, 0x92, 0x92, 0x92, 0x92, 0x92,
		0x92, 0x92, 0x92, 0x92, 0x92, 0x92, 0x92, 0x92, 0x92, 0x92, 0x92, 0x92, 0x92, 0x92, 0x92, 0x92,
		0x92, 0x92, 0x92, 0x92, 0x92, 0x92, 0x92, 0x92, 0x92, 0x92, 0x92, 0x92, 0x92, 0x92, 0x92, 0x92,
		0x92, 0x92, 0x92, 0x92, 0x92, 0x92, 0x92, 0x92, 0x92, 0x92, 0x92, 0x92, 0x92, 0x92, 0x92, 0x92,
		0x92, 0x92, 0x92, 0x92, 0x92, 0x92, 0x92, 0x92, 0x92, 0x92, 0x92, 0x92, 0x92, 0x92, 0x92, 0x92,
		0x92, 0x92, 0x92, 0x92, 0x92, 0x92, 0x92, 0x92, 0x92, 0x92, 0x92, 0x92, 0x92, 0x92, 0x92, 0x92,
		0x92, 0x92, 0x92, 0x92, 0x92, 0x92, 0x92, 0x92, 0x92, 0x92, 0x92, 0x92, 0x92, 0x92, 0x92, 0x92,
		0x92, 0x92, 0x92, 0x92, 0x92, 0x92, 0x92, 0x92, 0x92, 0x92, 0x92, 0x92, 0x92, 0x92, 0x92, 0x92,
		0x92, 0x92, 0x92, 0x92, 0x92, 0x92, 0x92, 0x92, 0x92, 0x92, 0x92, 0x92, 0x92, 0x92, 0x92, 0x92,
		0x92, 0x92, 0x92, 0x92, 0x92, 0x92, 0x92, 0x92, 0x92, 0x92, 0x92, 0x92, 0x92, 0x92, 0x92, 0x92,
		0x92, 0x92, 0x92, 0x92, 0x92, 0x92, 0x92, 0x92, 0x92, 0x92, 0x92, 0x92, 0x92, 0x92, 0x92, 0x92,
		0x92, 0x92, 0x92, 0x92, 0x92, 0x92, 0x92, 0x92, 0x92, 0x92, 0x92, 0x92, 0x92, 0x92, 0x92, 0x92,
		0x92, 0x92, 0x92, 0x92, 0x92, 0x92, 0x92, 0x92, 0x92, 0x92, 0x92, 0x92, 0x92, 0x92, 0x92, 0x92,
		0x92, 0x92, 0x92, 0x92, 0x92, 0x92, 0x92, 0x92, 0x92, 0x92, 0x92, 0x92, 0x92, 0x92, 0x92, 0x92,
		0x92, 0x92, 0x92, 0x92, 0x92, 0x92, 0x92, 0x92, 0x92, 0x92, 0x92, 0x92, 0x92, 0x92, 0x92, 0x92,
		0x92, 0x92, 0x92, 0x92, 0x92, 0x92, 0x92, 0x92, 0x92, 0x92, 0x92, 0x92, 0x92, 0x92, 0x92, 0x92,
		0x92, 0x92, 0x92, 0x92, 0x92, 0x92, 0x92, 0x92, 0x92, 0x92, 0x92, 0x92, 0x92, 0x92, 0x92, 0x92,
		0x92, 0x92, 0x92, 0x92, 0x92, 0x92, 0x92, 0x92, 0x92, 0x92, 0x92, 0x92, 0x92, 0x92, 0x92, 0x92,
		0x92, 0x92, 0x92, 0x92, 0x92, 0x92, 0x92, 0x92, 0x92, 0x92, 0x92, 0x92, 0x92, 0x92, 0x92, 0x92,
		0x92, 0x92, 0x92, 0x92, 0x92, 0x92, 0x92, 0x92, 0x92, 0x92, 0x92, 0x92, 0x92, 0x92, 0x92, 0x92,
		0x92, 0x92, 0x92, 0x92, 0x92, 0x92, 0x92, 0x92, 0x92, 0x92, 0x92, 0x92, 0x92, 0x92, 0x92, 0x92,
		0x92, 0x92, 0x92, 0x92, 0x92, 0x92, 0x92, 0x92, 0x92, 0x92, 0x92, 0x92, 0x92, 0x92, 0x92, 0x92,
		0x92, 0x92, 0x92, 0x92, 0x92, 0x92, 0x92, 0x92, 0x92, 0x92, 0x92, 0x92, 0x92, 0x92, 0x92, 0x92,
		0x92, 0x92, 0x92, 0x92, 0x92, 0x92, 0x92, 0x92, 0x92, 0x92, 0x92, 0x92, 0x92, 0x92, 0x92, 0x92,
		0x92, 0x92, 0x92, 0x92, 0x92, 0x92, 0x92, 0x92, 0x92, 0x92, 0x92, 0x92, 0x92, 0x92, 0x92, 0x92,
		0x92, 0x92, 0x92, 0x92, 0x92, 0x92, 0x91, 0x91, 0x91, 0x90, 0x90, 0x90, 0x90, 0x90, 0x90, 0x91,
		0x91, 0x91, 0x92, 0x92, 0x92, 0x91, 0x91, 0x91, 0x8E, 0x8E, 0x8E, 0x8C, 0x8C, 0x8C, 0x8D, 0x8D,
		0x8D, 0x90, 0x90, 0x90, 0x92, 0x92, 0x92, 0x92, 0x92, 0x92, 0x92, 0x92, 0x92, 0x92, 0x92, 0x92,
		0x92, 0x92, 0x92, 0x92, 0x92, 0x92, 0x92, 0x92, 0x92, 0x92, 0x92, 0x92, 0x92, 0x92, 0x92, 0x92,
		0x92, 0x92, 0x92, 0x92, 0x92, 0x92, 0x92, 0x92, 0x92, 0x92, 0x92, 0x92, 0x92, 0x92, 0x92, 0x92,
		0x92, 0x92, 0x92, 0x92, 0x92, 0x92, 0x92, 0x92, 0x92, 0x92, 0x92, 0x92, 0x92, 0x92, 0x92, 0x92,
		0x92, 0x92, 0x92, 0x92, 0x92, 0x92, 0x92, 0x92, 0x92, 0x92, 0x92, 0x92, 0x92, 0x92, 0x92, 0x92,
		0x92, 0x92, 0x92, 0x92, 0x92, 0x92, 0x92, 0x92, 0x92, 0x92, 0x92, 0x92, 0x92, 0x92, 0x92, 0x92,
		0x92, 0x92, 0x92, 0x92, 0x92, 0x92, 0x92, 0x92, 0x92, 0x92, 0x92, 0x92, 0x92, 0x92, 0x92, 0x92,
		0x92, 0x92, 0x92, 0x92, 0x92, 0x92, 0x92, 0x92, 0x92, 0x92, 0x92, 0x92, 0x92, 0x92, 0x92, 0x92,
		0x92, 0x92, 0x92, 0x92, 0x92, 0x92, 0x92, 0x92, 0x92, 0x92, 0x92, 0x90, 0x90, 0x90, 0x8B, 0x8B,
		0x8B, 0x81, 0x81, 0x81, 0x7D, 0x7D, 0x7D, 0x82, 0x82, 0x82, 0x8B, 0x8B, 0x8B, 0x90, 0x90, 0x90,
		0x92, 0x92, 0x92, 0x91, 0x91, 0x91, 0x89, 0x89, 0x89, 0x7F, 0x7F, 0x7F, 0x85, 0x85, 0x85, 0x90,
		0x90, 0x90, 0x8E, 0x8E, 0x8E, 0x81, 0x81, 0x81, 0x74, 0x74, 0x74, 0x73, 0x73, 0x73, 0x76, 0x76,
		0x76, 0x7D, 0x7D, 0x7D, 0x89, 0x89, 0x89, 0x91, 0x91, 0x91, 0x92, 0x92, 0x92, 0x92, 0x92, 0x92,
		0x92, 0x92, 0x92, 0x92, 0x92, 0x92, 0x92, 0x92, 0x92, 0x92, 0x92, 0x92, 0x92, 0x92, 0x92, 0x92,
		0x92, 0x92, 0x92, 0x92, 0x92, 0x92, 0x92, 0x92, 0x92, 0x92, 0x92, 0x92, 0x92, 0x92, 0x92, 0x92,
		0x92, 0x92, 0x92, 0x92, 0x92, 0x92, 0x92, 0x92, 0x92, 0x92, 0x92, 0x92, 0x92, 0x92, 0x92, 0x92,
		0x92, 0x92, 0x92, 0x92, 0x92, 0x92, 0x92, 0x92, 0x92, 0x92, 0x92, 0x92, 0x92, 0x92, 0x92, 0x92,
		0x92, 0x92, 0x92, 0x92, 0x92, 0x92, 0x92, 0x92, 0x92, 0x92, 0x92, 0x92, 0x92, 0x92, 0x92, 0x92,
		0x92, 0x92, 0x92, 0x92, 0x92, 0x92, 0x92, 0x92, 0x92, 0x92, 0x92, 0x92, 0x92, 0x92, 0x92, 0x92,
		0x92, 0x92, 0x92, 0x92, 0x92, 0x92, 0x92, 0x92, 0x92, 0x92, 0x92, 0x92, 0x92, 0x92, 0x92, 0x92,
		0x92, 0x92, 0x92, 0x92, 0x92, 0x92, 0x92, 0x92, 0x92, 0x92, 0x92, 0x8F, 0x8F, 0x8F, 0x83, 0x83,
		0x83, 0x69, 0x69, 0x69, 0x59, 0x59, 0x59, 0x6B, 0x6B, 0x6B, 0x84, 0x84, 0x84, 0x8F, 0x8F, 0x8F,
		0x92, 0x92, 0x92, 0x8C, 0x8C, 0x8C, 0x71, 0x71, 0x71, 0x5D, 0x5D, 0x5D, 0x73, 0x73, 0x73, 0x8A,
		0x8A, 0x8A, 0x7F, 0x7F, 0x7F, 0x60, 0x60, 0x60, 0x54, 0x54, 0x54, 0x61, 0x61, 0x61, 0x65, 0x65,
		0x65, 0x60, 0x60, 0x60, 0x71, 0x71, 0x71, 0x8A, 0x8A, 0x8A, 0x92, 0x92, 0x92, 0x92, 0x92, 0x92,
		0x92, 0x92, 0x92, 0x92, 0x92, 0x92, 0x92, 0x92, 0x92, 0x92, 0x92, 0x92, 0x92, 0x92, 0x92, 0x92,
		0x92, 0x92, 0x92, 0x92, 0x92, 0x92, 0x92, 0x92, 0x92, 0x92, 0x92, 0x92, 0x92, 0x92, 0x92, 0x92,
		0x92, 0x92, 0x92, 0x92, 0x92, 0x92, 0x92, 0x92, 0x92, 0x92, 0x92, 0x92, 0x92, 0x92, 0x92, 0x92,
		0x92, 0x92, 0x92, 0x92, 0x92, 0x92, 0x92, 0x92, 0x92, 0x92, 0x92, 0x92, 0x92, 0x92, 0x92, 0x92,
		0x92, 0x92, 0x92, 0x92, 0x92, 0x92, 0x92, 0x92, 0x92, 0x92, 0x92, 0x92, 0x92, 0x92, 0x92, 0x92,
		0x92, 0x92, 0x92, 0x92, 0x92, 0x92, 0x92, 0x92, 0x92, 0x92, 0x92, 0x92, 0x92, 0x92, 0x92, 0x92,
		0x92, 0x92, 0x92, 0x92, 0x92, 0x92, 0x92, 0x92, 0x92, 0x92, 0x92, 0x92, 0x92, 0x92, 0x92, 0x92,
		0x92, 0x92, 0x92, 0x92, 0x92, 0x92, 0x92, 0x92, 0x92, 0x92, 0x92, 0x90, 0x90, 0x90, 0x8B, 0x8B,
		0x8B, 0x6D, 0x6D, 0x6D, 0x54, 0x54, 0x54, 0x6D, 0x6D, 0x6D, 0x8B, 0x8B, 0x8B, 0x90, 0x90, 0x90,
		0x8E, 0x8E, 0x8E, 0x78, 0x78, 0x78, 0x4E, 0x4E, 0x4E, 0x43, 0x43, 0x43, 0x6A, 0x6A, 0x6A, 0x81,
		0x81, 0x81, 0x66, 0x66, 0x66, 0x48, 0x48, 0x48, 0x57, 0x57, 0x57, 0x77, 0x77, 0x77, 0x75, 0x75,
		0x75, 0x59, 0x59, 0x59, 0x59, 0x59, 0x59, 0x7D, 0x7D, 0x7D, 0x91, 0x91, 0x91, 0x92, 0x92, 0x92,
		0x92, 0x92, 0x92, 0x92, 0x92, 0x92, 0x92, 0x92, 0x92, 0x92, 0x92, 0x92, 0x92, 0x92, 0x92, 0x92,
		0x92, 0x92, 0x92, 0x92, 0x92, 0x92, 0x92, 0x92, 0x92, 0x92, 0x92, 0x92, 0x92, 0x92, 0x92, 0x92,
		0x92, 0x92, 0x92, 0x92, 0x92, 0x92, 0x92, 0x92, 0x92, 0x92, 0x92, 0x92, 0x92, 0x92, 0x92, 0x92,
		0x92, 0x92, 0x92, 0x92, 0x92, 0x92, 0x92, 0x92, 0x92, 0x92, 0x92, 0x92, 0x92, 0x92, 0x92, 0x92,
		0x92, 0x92, 0x92, 0x92, 0x92, 0x92, 0x92, 0x92, 0x92, 0x92, 0x92, 0x92, 0x92, 0x92, 0x92, 0x92,
		0x92, 0x92, 0x92, 0x92, 0x92, 0x92, 0x92, 0x92, 0x92, 0x92, 0x92, 0x92, 0x92, 0x92, 0x92, 0x92,
		0x92, 0x92, 0x92, 0x92, 0x92, 0x92, 0x92, 0x92, 0x92, 0x92, 0x92, 0x92, 0x92, 0x92, 0x92, 0x92,
		0x92, 0x92, 0x92, 0x92, 0x92, 0x92, 0x92, 0x92, 0x92, 0x92, 0x92, 0x92, 0x92, 0x92, 0x92, 0x92,
		0x92, 0x77, 0x77, 0x77, 0x5C, 0x5C, 0x5C, 0x77, 0x77, 0x77, 0x92, 0x92, 0x92, 0x8F, 0x8F, 0x8F,
		0x7D, 0x7D, 0x7D, 0x58, 0x58, 0x58, 0x37, 0x37, 0x37, 0x3E, 0x3E, 0x3E, 0x6A, 0x6A, 0x6A, 0x7A,
		0x7A, 0x7A, 0x55, 0x55, 0x55, 0x45, 0x45, 0x45, 0x6C, 0x6C, 0x6C, 0x8C, 0x8C, 0x8C, 0x86, 0x86,
		0x86, 0x60, 0x60, 0x60, 0x4E, 0x4E, 0x4E, 0x70, 0x70, 0x70, 0x8E, 0x8E, 0x8E, 0x92, 0x92, 0x92,
		0x92, 0x92, 0x92, 0x92, 0x92, 0x92, 0x92, 0x92, 0x92, 0x92, 0x92, 0x92, 0x92, 0x92, 0x92, 0x92,
		0x92, 0x92, 0x92, 0x92, 0x92, 0x92, 0x92, 0x92, 0x92, 0x92, 0x92, 0x92, 0x92, 0x92, 0x92, 0x92,
		0x92, 0x92, 0x92, 0x92, 0x92, 0x92, 0x92, 0x92, 0x92, 0x92, 0x92, 0x92, 0x92, 0x92, 0x92, 0x92,
		0x92, 0x92, 0x92, 0x92, 0x92, 0x92, 0x92, 0x92, 0x92, 0x92, 0x92, 0x92, 0x92, 0x92, 0x92, 0x92,
		0x92, 0x92, 0x92, 0x92, 0x92, 0x92, 0x92, 0x92, 0x92, 0x92, 0x92, 0x92, 0x92, 0x92, 0x92, 0x92,
		0x92, 0x92, 0x92, 0x92, 0x92, 0x92, 0x92, 0x92, 0x92, 0x92, 0x92, 0x92, 0x92, 0x92, 0x92, 0x92,
		0x92, 0x92, 0x92, 0x92, 0x92, 0x92, 0x92, 0x92, 0x92, 0x92, 0x92, 0x92, 0x92, 0x92, 0x92, 0x92,
		0x92, 0x92, 0x92, 0x92, 0x92, 0x92, 0x92, 0x92, 0x92, 0x92, 0x92, 0x92, 0x92, 0x92, 0x92, 0x92,
		0x92, 0x77, 0x77, 0x77, 0x5C, 0x5C, 0x5C, 0x77, 0x77, 0x77, 0x90, 0x90, 0x90, 0x82, 0x82, 0x82,
		0x5E, 0x5E, 0x5E, 0x59, 0x59, 0x59, 0x48, 0x48, 0x48, 0x4A, 0x4A, 0x4A, 0x6D, 0x6D, 0x6D, 0x78,
		0x78, 0x78, 0x71, 0x71, 0x71, 0x75, 0x75, 0x75, 0x98, 0x98, 0x98, 0x91, 0x91, 0x91, 0x87, 0x87,
		0x87, 0x60, 0x60, 0x60, 0x49, 0x49, 0x49, 0x6A, 0x6A, 0x6A, 0x8C, 0x8C, 0x8C, 0x92, 0x92, 0x92,
		0x92, 0x92, 0x92, 0x92, 0x92, 0x92, 0x92, 0x92, 0x92, 0x92, 0x92, 0x92, 0x92, 0x92, 0x92, 0x92,
		0x92, 0x92, 0x92, 0x92, 0x92, 0x92, 0x92, 0x92, 0x92, 0x92, 0x92, 0x92, 0x92, 0x92, 0x92, 0x92,
		0x92, 0x92, 0x92, 0x92, 0x92, 0x92, 0x92, 0x92, 0x92, 0x92, 0x92, 0x92, 0x92, 0x92, 0x92, 0x92,
		0x92, 0x92, 0x92, 0x92, 0x92, 0x92, 0x92, 0x92, 0x92, 0x92, 0x92, 0x92, 0x92, 0x92, 0x92, 0x92,
		0x92, 0x92, 0x92, 0x92, 0x92, 0x92, 0x92, 0x92, 0x92, 0x92, 0x92, 0x92, 0x92, 0x92, 0x92, 0x92,
		0x92, 0x92, 0x92, 0x92, 0x92, 0x92, 0x92, 0x92, 0x92, 0x92, 0x92, 0x92, 0x92, 0x92, 0x92, 0x92,
		0x92, 0x92, 0x92, 0x92, 0x92, 0x92, 0x92, 0x92, 0x92, 0x92, 0x92, 0x92, 0x92, 0x92, 0x92, 0x92,
		0x92, 0x92, 0x92, 0x92, 0x92, 0x92, 0x92, 0x92, 0xAD, 0xAD, 0xAD, 0xD6, 0xD6, 0xD6, 0xFF, 0xFF,
		0xFF, 0xC4, 0xC4, 0xC4, 0x85, 0x85, 0x85, 0x76, 0x76, 0x76, 0x87, 0x87, 0x87, 0x66, 0x66, 0x66,
		0x50, 0x50, 0x50, 0xF4, 0xF4, 0xF4, 0x81, 0x81, 0x81, 0x59, 0x59, 0x59, 0x6F, 0x6F, 0x6F, 0xC5,
		0xC5, 0xC5, 0xFF, 0xFF, 0xFF, 0xBB, 0xBB, 0xBB, 0xC3, 0xC3, 0xC3, 0xF2, 0xF2, 0xF2, 0x9A, 0x9A,
		0x9A, 0x57, 0x57, 0x57, 0x46, 0x46, 0x46, 0x6C, 0x6C, 0x6C, 0x8C, 0x8C, 0x8C, 0x92, 0x92, 0x92,
		0x92, 0x92, 0x92, 0x92, 0x92, 0x92, 0x92, 0x92, 0x92, 0x92, 0x92, 0x92, 0x92, 0x92, 0x92, 0x92,
		0x92, 0x92, 0x92, 0x92, 0x92, 0x92, 0x92, 0x92, 0x92, 0x92, 0x92, 0x92, 0x92, 0x92, 0x92, 0x92,
		0x92, 0x92, 0x92, 0x92, 0x92, 0x92, 0x92, 0x92, 0x92, 0x92, 0x92, 0x92, 0x92, 0x92, 0x92, 0x92,
		0x92, 0x92, 0x92, 0x92, 0x92, 0x92, 0x92, 0x92, 0x92, 0x92, 0x92, 0x92, 0x92, 0x92, 0x92, 0x92,
		0x92, 0x92, 0x92, 0x92, 0x92, 0x92, 0x92, 0x92, 0x92, 0x92, 0x92, 0x92, 0x92, 0x92, 0x92, 0x92,
		0x92, 0x92, 0x92, 0x92, 0x92, 0x92, 0x92, 0x92, 0x92, 0x92, 0x92, 0x92, 0x92, 0x92, 0x92, 0x92,
		0x92, 0x92, 0x92, 0x92, 0x92, 0x92, 0x92, 0x92, 0x92, 0x92, 0x92, 0x92, 0x92, 0x92, 0x92, 0x92,
		0x92, 0x92, 0x92, 0x92, 0x92, 0x92, 0x92, 0x92, 0x92, 0x92, 0x92, 0x92, 0x92, 0x92, 0xFF, 0xFF,
		0xFF, 0x77, 0x77, 0x77, 0x5B, 0x5B, 0x5B, 0x6F, 0x6F, 0x6F, 0x6E, 0x6E, 0x6E, 0x49, 0x49, 0x49,
		0xDC, 0xDC, 0xDC, 0xFF, 0xFF, 0xFF, 0x94, 0x94, 0x94, 0x61, 0x61, 0x61, 0xA6, 0xA6, 0xA6, 0xFF,
		0xFF, 0xFF, 0xBC, 0xBC, 0xBC, 0x50, 0x50, 0x50, 0x69, 0x69, 0x69, 0xD0, 0xD0, 0xD0, 0xE5, 0xE5,
		0xE5, 0x4B, 0x4B, 0x4B, 0x4D, 0x4D, 0x4D, 0x77, 0x77, 0x77, 0x90, 0x90, 0x90, 0x92, 0x92, 0x92,
		0x92, 0x92, 0x92, 0x92, 0x92, 0x92, 0x92, 0x92, 0x92, 0x92, 0x92, 0x92, 0x92, 0x92, 0x92, 0x92,
		0x92, 0x92, 0x92, 0x92, 0x92, 0x92, 0x92, 0x92, 0x92, 0x92, 0x92, 0x92, 0x92, 0x92, 0x92, 0x92,
		0x92, 0x92, 0x92, 0x92, 0x92, 0x92, 0x92, 0x92, 0x92, 0x92, 0x92, 0x92, 0x92, 0x92, 0x92, 0x92,
		0x92, 0x92, 0x92, 0x92, 0x92, 0x92, 0x92, 0x92, 0x92, 0x92, 0x92, 0x92, 0x92, 0x92, 0x92, 0x92,
		0x92, 0x92, 0x92, 0x92, 0x92, 0x92, 0x92, 0x92, 0x92, 0x92, 0x92, 0x92, 0x92, 0x92, 0x92, 0x92,
		0x92, 0x92, 0x92, 0x92, 0x92, 0x92, 0x92, 0x92, 0x92, 0x92, 0x92, 0x92, 0x92, 0x92, 0x92, 0x92,
		0x92, 0x92, 0x92, 0x92, 0x92, 0x92, 0x92, 0x92, 0x92, 0x92, 0x92, 0x92, 0x92, 0x92, 0x92, 0x92,
		0x92, 0x92, 0x92, 0x92, 0x92, 0x92, 0x92, 0x92, 0x92, 0x92, 0x92, 0x92, 0x92, 0x92, 0xFF, 0xFF,
		0xFF, 0x77, 0x77, 0x77, 0x56, 0x56, 0x56, 0x59, 0x59, 0x59, 0x4E, 0x4E, 0x4E, 0xB9, 0xB9, 0xB9,
		0xFF, 0xFF, 0xFF, 0xFF, 0xFF, 0xFF, 0x9C, 0x9C, 0x9C, 0x62, 0x62, 0x62, 0xD3, 0xD3, 0xD3, 0xFF,
		0xFF, 0xFF, 0x8E, 0x8E, 0x8E, 0x63, 0x63, 0x63, 0x60, 0x60, 0x60, 0xA1, 0xA1, 0xA1, 0xFF, 0xFF,
		0xFF, 0x73, 0x73, 0x73, 0x66, 0x66, 0x66, 0x85, 0x85, 0x85, 0x91, 0x91, 0x91, 0x92, 0x92, 0x92,
		0x92, 0x92, 0x92, 0x92, 0x92, 0x92, 0x92, 0x92, 0x92, 0x92, 0x92, 0x92, 0x92, 0x92, 0x92, 0x92,
		0x92, 0x92, 0x92, 0x92, 0x92, 0x92, 0x92, 0x92, 0x92, 0x92, 0x92, 0x92, 0x92, 0x92, 0x92, 0x92,
		0x92, 0x92, 0x92, 0x92, 0x92, 0x92, 0x92, 0x92, 0x92, 0x92, 0x92, 0x92, 0x92, 0x92, 0x92, 0x92,
		0x92, 0x92, 0x92, 0x92, 0x92, 0x92, 0x92, 0x92, 0x92, 0x92, 0x92, 0x92, 0x92, 0x92, 0x92, 0x92,
		0x92, 0x92, 0x92, 0x92, 0x92, 0x92, 0x92, 0x92, 0x92, 0x92, 0x92, 0x92, 0x92, 0x92, 0x92, 0x92,
		0x92, 0x92, 0x92, 0x92, 0x92, 0x92, 0x92, 0x92, 0x92, 0x92, 0x92, 0x92, 0x92, 0x92, 0x92, 0x92,
		0x92, 0x92, 0x92, 0x92, 0x92, 0x92, 0x92, 0x92, 0x92, 0x92, 0x92, 0x92, 0x92, 0x92, 0x92, 0x92,
		0x92, 0x92, 0x92, 0x92, 0x92, 0x92, 0x92, 0x92, 0x92, 0x92, 0x92, 0x92, 0x92, 0x92, 0xFF, 0xFF,
		0xFF, 0x77, 0x77, 0x77, 0x4B, 0x4B, 0x4B, 0x3D, 0x3D, 0x3D, 0x94, 0x94, 0x94, 0xFF, 0xFF, 0xFF,
		0xE7, 0xE7, 0xE7, 0xEA, 0xEA, 0xEA, 0x9E, 0x9E, 0x9E, 0x62, 0x62, 0x62, 0xDC, 0xDC, 0xDC, 0xFF,
		0xFF, 0xFF, 0x8E, 0x8E, 0x8E, 0x80, 0x80, 0x80, 0x73, 0x73, 0x73, 0xA3, 0xA3, 0xA3, 0xFF, 0xFF,
		0xFF, 0x97, 0x97, 0x97, 0x85, 0x85, 0x85, 0x90, 0x90, 0x90, 0x92, 0x92, 0x92, 0x92, 0x92, 0x92,
		0x92, 0x92, 0x92, 0x92, 0x92, 0x92, 0x92, 0x92, 0x92, 0x92, 0x92, 0x92, 0x92, 0x92, 0x92, 0x92,
		0x92, 0x92, 0x92, 0x92, 0x92, 0x92, 0x92, 0x92, 0x92, 0x92, 0x92, 0x92, 0x92, 0x92, 0x92, 0x92,
		0x92, 0x92, 0x92, 0x92, 0x92, 0x92, 0x92, 0x92, 0x92, 0x92, 0x92, 0x92, 0x92, 0x92, 0x92, 0x92,
		0x92, 0x92, 0x92, 0x92, 0x92, 0x92, 0x92, 0x92, 0x92, 0x92, 0x92, 0x92, 0x92, 0x92, 0x92, 0x92,
		0x92, 0x92, 0x92, 0x92, 0x92, 0x92, 0x92, 0x92, 0x92, 0x92, 0x92, 0x92, 0x92, 0x92, 0x92, 0x92,
		0x92, 0x92, 0x92, 0x92, 0x92, 0x92, 0x92, 0x92, 0x92, 0x92, 0x92, 0x92, 0x92, 0x92, 0x92, 0x92,
		0x92, 0x92, 0x92, 0x92, 0x92, 0x92, 0x92, 0x92, 0x92, 0x92, 0x92, 0x92, 0x92, 0x92, 0x92, 0x92,
		0x92, 0x92, 0x92, 0x92, 0x92, 0x92, 0x92, 0x92, 0x92, 0x92, 0x92, 0x92, 0x92, 0x92, 0xFF, 0xFF,
		0xFF, 0x72, 0x72, 0x72, 0x40, 0x40, 0x40, 0x65, 0x65, 0x65, 0xFF, 0xFF, 0xFF, 0xF7, 0xF7, 0xF7,
		0xA2, 0xA2, 0xA2, 0xE4, 0xE4, 0xE4, 0x9E, 0x9E, 0x9E, 0x61, 0x61, 0x61, 0xD2, 0xD2, 0xD2, 0xFF,
		0xFF, 0xFF, 0x92, 0x92, 0x92, 0x90, 0x90, 0x90, 0x8B, 0x8B, 0x8B, 0xCB, 0xCB, 0xCB, 0xFF, 0xFF,
		0xFF, 0xAA, 0xAA, 0xAA, 0x91, 0x91, 0x91, 0x92, 0x92, 0x92, 0x92, 0x92, 0x92, 0x92, 0x92, 0x92,
		0x92, 0x92, 0x92, 0x92, 0x92, 0x92, 0x92, 0x92, 0x92, 0x92, 0x92, 0x92, 0x92, 0x92, 0x92, 0x92,
		0x92, 0x92, 0x92, 0x92, 0x92, 0x92, 0x92, 0x92, 0x92, 0x92, 0x92, 0x92, 0x92, 0x92, 0x92, 0x92,
		0x92, 0x92, 0x92, 0x92, 0x92, 0x92, 0x92, 0x92, 0x92, 0x92, 0x92, 0x92, 0x92, 0x92, 0x92, 0x92,
		0x92, 0x92, 0x92, 0x92, 0x92, 0x92, 0x92, 0x92, 0x92, 0x92, 0x92, 0x92, 0x92, 0x92, 0x92, 0x92,
		0x92, 0x92, 0x92, 0x92, 0x92, 0x92, 0x92, 0x92, 0x92, 0x92, 0x92, 0x92, 0x92, 0x92, 0x92, 0x92,
		0x92, 0x92, 0x92, 0x92, 0x92, 0x92, 0x92, 0x92, 0x92, 0x92, 0x92, 0x92, 0x92, 0x92, 0x92, 0x92,
		0x92, 0x92, 0x92, 0x92, 0x92, 0x92, 0x92, 0x92, 0x92, 0x92, 0x92, 0x92, 0x92, 0x92, 0x92, 0x92,
		0x92, 0x92, 0x92, 0x92, 0x92, 0x92, 0x92, 0x92, 0x92, 0x92, 0x92, 0x8E, 0x8E, 0x8E, 0xFF, 0xFF,
		0xFF, 0x60, 0x60, 0x60, 0x58, 0x58, 0x58, 0xF4, 0xF4, 0xF4, 0xFF, 0xFF, 0xFF, 0xAF, 0xAF, 0xAF,
		0x91, 0x91, 0x91, 0xE3, 0xE3, 0xE3, 0x96, 0x96, 0x96, 0x58, 0x58, 0x58, 0x9E, 0x9E, 0x9E, 0xFF,
		0xFF, 0xFF, 0x9E, 0x9E, 0x9E, 0x92, 0x92, 0x92, 0x92, 0x92, 0x92, 0xF2, 0xF2, 0xF2, 0xF9, 0xF9,
		0xF9, 0x99, 0x99, 0x99, 0x92, 0x92, 0x92, 0x92, 0x92, 0x92, 0x92, 0x92, 0x92, 0x92, 0x92, 0x92,
		0x92, 0x92, 0x92, 0x92, 0x92, 0x92, 0x92, 0x92, 0x92, 0x92, 0x92, 0x92, 0x92, 0x92, 0x92, 0x92,
		0x92, 0x92, 0x92, 0x92, 0x92, 0x92, 0x92, 0x92, 0x92, 0x92, 0x92, 0x92, 0x92, 0x92, 0x92, 0x92,
		0x92, 0x92, 0x92, 0x92, 0x92, 0x92, 0x92, 0x92, 0x92, 0x92, 0x92, 0x92, 0x92, 0x92, 0x92, 0x92,
		0x92, 0x92, 0x92, 0x92, 0x92, 0x92, 0x92, 0x92, 0x92, 0x92, 0x92, 0x92, 0x92, 0x92, 0x92, 0x92,
		0x92, 0x92, 0x92, 0x92, 0x92, 0x92, 0x92, 0x92, 0x92, 0x92, 0x92, 0x92, 0x92, 0x92, 0x92, 0x92,
		0x92, 0x92, 0x92, 0x92, 0x92, 0x92, 0x92, 0x92, 0x92, 0x92, 0x92, 0x92, 0x92, 0x92, 0x92, 0x92,
		0x92, 0x92, 0x92, 0x92, 0x92, 0x92, 0x92, 0x92, 0x92, 0x92, 0x92, 0x92, 0x92, 0x92, 0x92, 0x92,
		0x92, 0x92, 0x92, 0x92, 0x92, 0x92, 0x92, 0x92, 0x92, 0x92, 0x92, 0x89, 0x89, 0x89, 0xFF, 0xFF,
		0xFF, 0x69, 0x69, 0x69, 0xE1, 0xE1, 0xE1, 0xFF, 0xFF, 0xFF, 0xBC, 0xBC, 0xBC, 0x91, 0x91, 0x91,
		0x90, 0x90, 0x90, 0xE1, 0xE1, 0xE1, 0x93, 0x93, 0x93, 0x5D, 0x5D, 0x5D, 0x64, 0x64, 0x64, 0xCE,
		0xCE, 0xCE, 0xEA, 0xEA, 0xEA, 0xB4, 0xB4, 0xB4, 0xDD, 0xDD, 0xDD, 0xF9, 0xF9, 0xF9, 0xBB, 0xBB,
		0xBB, 0x92, 0x92, 0x92, 0x92, 0x92, 0x92, 0x92, 0x92, 0x92, 0x92, 0x92, 0x92, 0x92, 0x92, 0x92,
		0x92, 0x92, 0x92, 0x92, 0x92, 0x92, 0x92, 0x92, 0x92, 0x92, 0x92, 0x92, 0x92, 0x92, 0x92, 0x92,
		0x92, 0x92, 0x92, 0x92, 0x92, 0x92, 0x92, 0x92, 0x92, 0x92, 0x92, 0x92, 0x92, 0x92, 0x92, 0x92,
		0x92, 0x92, 0x92, 0x92, 0x92, 0x92, 0x92, 0x92, 0x92, 0x92, 0x92, 0x92, 0x92, 0x92, 0x92, 0x92,
		0x92, 0x92, 0x92, 0x92, 0x92, 0x92, 0x92, 0x92, 0x92, 0x92, 0x92, 0x92, 0x92, 0x92, 0x92, 0x92,
		0x92, 0x92, 0x92, 0x92, 0x92, 0x92, 0x92, 0x92, 0x92, 0x92, 0x92, 0x92, 0x92, 0x92, 0x92, 0x92,
		0x92, 0x92, 0x92, 0x92, 0x92, 0x92, 0x92, 0x92, 0x92, 0x92, 0x92, 0x92, 0x92, 0x92, 0x92, 0x92,
		0x92, 0x92, 0x92, 0x92, 0x92, 0x92, 0x92, 0x92, 0x92, 0x92, 0x92, 0x92, 0x92, 0x92, 0x92, 0x92,
		0x92, 0x92, 0x92, 0x92, 0x92, 0x92, 0x92, 0x92, 0x92, 0x92, 0x92, 0x8E, 0x8E, 0x8E, 0xFF, 0xFF,
		0xFF, 0xD7, 0xD7, 0xD7, 0xFF, 0xFF, 0xFF, 0xD4, 0xD4, 0xD4, 0x91, 0x91, 0x91, 0x92, 0x92, 0x92,
		0x91, 0x91, 0x91, 0xE3, 0xE3, 0xE3, 0xA3, 0xA3, 0xA3, 0x7F, 0x7F, 0x7F, 0x80, 0x80, 0x80, 0x88,
		0x88, 0x88, 0xAC, 0xAC, 0xAC, 0xC9, 0xC9, 0xC9, 0xC2, 0xC2, 0xC2, 0xA0, 0xA0, 0xA0, 0x92, 0x92,
		0x92, 0x92, 0x92, 0x92, 0x92, 0x92, 0x92, 0x92, 0x92, 0x92, 0x92, 0x92, 0x92, 0x92, 0x92, 0x92,
		0x92, 0x92, 0x92, 0x92, 0x92, 0x92, 0x92, 0x92, 0x92, 0x92, 0x92, 0x92, 0x92, 0x92, 0x92, 0x92,
		0x92, 0x92, 0x92, 0x92, 0x92, 0x92, 0x92, 0x92, 0x92, 0x92, 0x92, 0x92, 0x92, 0x92, 0x92, 0x92,
		0x92, 0x92, 0x92, 0x92, 0x92, 0x92, 0x92, 0x92, 0x92, 0x92, 0x92, 0x92, 0x92, 0x92, 0x92, 0x92,
		0x92, 0x92, 0x92, 0x92, 0x92, 0x92, 0x92, 0x92, 0x92, 0x92, 0x92, 0x92, 0x92, 0x92, 0x92, 0x92,
		0x92, 0x92, 0x92, 0x92, 0x92, 0x92, 0x92, 0x92, 0x92, 0x92, 0x92, 0x92, 0x92, 0x92, 0x92, 0x92,
		0x92, 0x92, 0x92, 0x92, 0x92, 0x92, 0x92, 0x92, 0x92, 0x92, 0x92, 0x92, 0x92, 0x92, 0x92, 0x92,
		0x92, 0x92, 0x92, 0x92, 0x92, 0x92, 0x92, 0x92, 0x92, 0x92, 0x92, 0x92, 0x92, 0x92, 0x92, 0x92,
		0x92, 0x92, 0x92, 0x92, 0x92, 0x92, 0x92, 0x92, 0x92, 0x92, 0x92, 0x92, 0x92, 0x92, 0xFF, 0xFF,
		0xFF, 0xFF, 0xFF, 0xFF, 0xEB, 0xEB, 0xEB, 0x99, 0x99, 0x99, 0x92, 0x92, 0x92, 0x92, 0x92, 0x92,
		0x92, 0x92, 0x92, 0xE4, 0xE4, 0xE4, 0xAD, 0xAD, 0xAD, 0x92, 0x92, 0x92, 0x92, 0x92, 0x92, 0x92,
		0x92, 0x92, 0x92, 0x92, 0x92, 0x92, 0x92, 0x92, 0x92, 0x92, 0x92, 0x92, 0x92, 0x92, 0x92, 0x92,
		0x92, 0x92, 0x92, 0x92, 0x92, 0x92, 0x92, 0x92, 0x92, 0x92, 0x92, 0x92, 0x92, 0x92, 0x92, 0x92,
		0x92, 0x92, 0x92, 0x92, 0x92, 0x92, 0x92, 0x92, 0x92, 0x92, 0x92, 0x92, 0x92, 0x92, 0x92, 0x92,
		0x92, 0x92, 0x92, 0x92, 0x92, 0x92, 0x92, 0x92, 0x92, 0x92, 0x92, 0x92, 0x92, 0x92, 0x92, 0x92,
		0x92, 0x92, 0x92, 0x92, 0x92, 0x92, 0x92, 0x92, 0x92, 0x92, 0x92, 0x92, 0x92, 0x92, 0x92, 0x92,
		0x92, 0x92, 0x92, 0x92, 0x92, 0x92, 0x92, 0x92, 0x92, 0x92, 0x92, 0x92, 0x92, 0x92, 0x92, 0x92,
		0x92, 0x92, 0x92, 0x92, 0x92, 0x92, 0x92, 0x92, 0x92, 0x92, 0x92, 0x92, 0x92, 0x92, 0x92, 0x92,
		0x92, 0x92, 0x92, 0x92, 0x92, 0x92, 0x92, 0x92, 0x92, 0x92, 0x92, 0x92, 0x92, 0x92, 0x92, 0x92,
		0x92, 0x92, 0x92, 0x92, 0x92, 0x92, 0x92, 0x92, 0x92, 0x92, 0x92, 0x92, 0x92, 0x92, 0x92, 0x92,
		0x92, 0x92, 0x92, 0x92, 0x92, 0x92, 0x92, 0x92, 0x92, 0x92, 0x92, 0xBB, 0xBB, 0xBB, 0xFF, 0xFF,
		0xFF, 0xF9, 0xF9, 0xF9, 0xA0, 0xA0, 0xA0, 0x92, 0x92, 0x92, 0x92, 0x92, 0x92, 0x92, 0x92, 0x92,
		0x92, 0x92, 0x92, 0xEB, 0xEB, 0xEB, 0xB4, 0xB4, 0xB4, 0x92, 0x92, 0x92, 0x92, 0x92, 0x92, 0x92,
		0x92, 0x92, 0x92, 0x92, 0x92, 0x92, 0x92, 0x92, 0x92, 0x92, 0x92, 0x92, 0x92, 0x92, 0x92, 0x92,
		0x92, 0x92, 0x92, 0x92, 0x92, 0x92, 0x92, 0x92, 0x92, 0x92, 0x92, 0x92, 0x92, 0x92, 0x92, 0x92,
		0x92, 0x92, 0x92, 0x92, 0x92, 0x92, 0x92, 0x92, 0x92, 0x92, 0x92, 0x92, 0x92, 0x92, 0x92, 0x92,
		0x92, 0x92, 0x92, 0x92, 0x92, 0x92, 0x92, 0x92, 0x92, 0x92, 0x92, 0x92, 0x92, 0x92, 0x92, 0x92,
		0x92, 0x92, 0x92, 0x92, 0x92, 0x92, 0x92, 0x92, 0x92, 0x92, 0x92, 0x92, 0x92, 0x92, 0x92, 0x92,
		0x92, 0x92, 0x92, 0x92, 0x92, 0x92, 0x92, 0x92, 0x92, 0x92, 0x92, 0x92, 0x92, 0x92, 0x92, 0x92,
		0x92, 0x92, 0x92, 0x92, 0x92, 0x92, 0x92, 0x92, 0x92, 0x92, 0x92, 0x92, 0x92, 0x92, 0x92, 0x92,
		0x92, 0x92, 0x92, 0x92, 0x92, 0x92, 0x92, 0x92, 0x92, 0x92, 0x92, 0x92, 0x92, 0x92, 0x92, 0x92,
		0x92, 0x92, 0x92, 0x92, 0x92, 0x92, 0x92, 0x92, 0x92, 0x92, 0x92, 0x92, 0x92, 0x92, 0x92, 0x92,
		0x92, 0x92, 0x92, 0x92, 0x92, 0x92, 0x92, 0x92, 0xD6, 0xD6, 0xD6, 0xE4, 0xE4, 0xE4, 0xE4, 0xE4,
		0xE4, 0xA7, 0xA7, 0xA7, 0x92, 0x92, 0x92, 0x92, 0x92, 0x92, 0x92, 0x92, 0x92, 0xA0, 0xA0, 0xA0,
		0xD6, 0xD6, 0xD6, 0xE4, 0xE4, 0xE4, 0xE4, 0xE4, 0xE4, 0xBB, 0xBB, 0xBB, 0x92, 0x92, 0x92, 0x92,
		0x92, 0x92, 0x92, 0x92, 0x92, 0x92, 0x92, 0x92, 0x92, 0x92, 0x92, 0x92, 0x92, 0x92, 0x92, 0x92,
		0x92, 0x92, 0x92, 0x92, 0x92, 0x92, 0x92, 0x92, 0x92, 0x92, 0x92, 0x92, 0x92, 0x92, 0x92, 0x92,
		0x92, 0x92, 0x92, 0x92, 0x92, 0x92, 0x92, 0x92, 0x92, 0x92, 0x92, 0x92, 0x92, 0x92, 0x92, 0x92,
		0x92, 0x92, 0x92, 0x92, 0x92, 0x92, 0x92, 0x92, 0x92, 0x92, 0x92, 0x92, 0x92, 0x92, 0x92, 0x92,
		0x92, 0x92, 0x92, 0x92, 0x92, 0x92, 0x92, 0x92, 0x92, 0x92, 0x92, 0x92, 0x92, 0x92, 0x92, 0x92,
		0x92, 0x92, 0x92, 0x92, 0x92, 0x92, 0x92, 0x92, 0x92, 0x92, 0x92, 0x92, 0x92, 0x92, 0x92, 0x92,
		0x92, 0x92, 0x92, 0x92, 0x92, 0x92, 0x92, 0x92, 0x92, 0x92, 0x92, 0x92, 0x92, 0x92, 0x92, 0x92,
		0x92, 0x92, 0x92, 0x92, 0x92, 0x92, 0x92, 0x92, 0x92, 0x92, 0x92, 0x92, 0x92, 0x92, 0x92, 0x92,
		0x92, 0x92, 0x92, 0x92, 0x92, 0x92, 0x92, 0x92, 0x92, 0x92, 0x92, 0x92, 0x92, 0x92, 0x92, 0x92,
		0x92, 0x92, 0x92, 0x92, 0x92, 0x92, 0x92, 0x92, 0x92, 0x92, 0x92, 0x92, 0x92, 0x92, 0x92, 0x92,
		0x92, 0x92, 0x92, 0x92, 0x92, 0x92, 0x92, 0x92, 0x92, 0x92, 0x92, 0x92, 0x92, 0x92, 0x92, 0x92,
		0x92, 0x92, 0x92, 0x92, 0x92, 0x92, 0x92, 0x92, 0x92, 0x92, 0x92, 0x92, 0x92, 0x92, 0x92, 0x92,
		0x92, 0x92, 0x92, 0x92, 0x92, 0x92, 0x92, 0x92, 0x92, 0x92, 0x92, 0x92, 0x92, 0x92, 0x92, 0x92,
		0x92, 0x92, 0x92, 0x92, 0x92, 0x92, 0x92, 0x92, 0x92, 0x92, 0x92, 0x92, 0x92, 0x92, 0x92, 0x92,
		0x92, 0x92, 0x92, 0x92, 0x92, 0x92, 0x92, 0x92, 0x92, 0x92, 0x92, 0x92, 0x92, 0x92, 0x92, 0x92,
		0x92, 0x92, 0x92, 0x92, 0x92, 0x92, 0x92, 0x92, 0x92, 0x92, 0x92, 0x92, 0x92, 0x92, 0x92, 0x92,
		0x92, 0x92, 0x92, 0x92, 0x92, 0x92, 0x92, 0x92, 0x92, 0x92, 0x92, 0x92, 0x92, 0x92, 0x92, 0x92,
		0x92, 0x92, 0x92, 0x92, 0x92, 0x92, 0x92, 0x92, 0x92, 0x92, 0x92, 0x92, 0x92, 0x92, 0x92, 0x92,
		0x92, 0x92, 0x92, 0x92, 0x92, 0x92, 0x92, 0x92, 0x92, 0x92, 0x92, 0x92, 0x92, 0x92, 0x92, 0x92,
		0x92, 0x92, 0x92, 0x92, 0x92, 0x92, 0x92, 0x92, 0x92, 0x92, 0x92, 0x92, 0x92, 0x92, 0x92, 0x92,
		0x92, 0x92, 0x92, 0x92, 0x92, 0x92, 0x92, 0x92, 0x92, 0x92, 0x92, 0x92, 0x92, 0x92, 0x92, 0x92,
		0x92, 0x92, 0x92, 0x92, 0x92, 0x92, 0x92, 0x92, 0x92, 0x92, 0x92, 0x92, 0x92, 0x92, 0x92, 0x92,
		0x92, 0x92, 0x92, 0x92, 0x92, 0x92, 0x92, 0x92, 0x92, 0x92, 0x92, 0x92, 0x92, 0x92, 0x92, 0x92,
		0x92, 0x92, 0x92, 0x92, 0x92, 0x92, 0x92, 0x92, 0x92, 0x92, 0x92, 0x92, 0x92, 0x92, 0x92, 0x92,
		0x92, 0x92, 0x92, 0x92, 0x92, 0x92, 0x92, 0x92, 0x92, 0x92, 0x92, 0x92, 0x92, 0x92, 0x92, 0x92,
		0x92, 0x92, 0x92, 0x92, 0x92, 0x92, 0x92, 0x92, 0x92, 0x92, 0x92, 0x92, 0x92, 0x92, 0x92, 0x92,
		0x92, 0x92, 0x92, 0x92, 0x92, 0x92, 0x92, 0x92, 0x92, 0x92, 0x92, 0x92, 0x92, 0x92, 0x92, 0x92,
		0x92, 0x92, 0x92, 0x92, 0x92, 0x92, 0x92, 0x92, 0x92, 0x92, 0x92, 0x92, 0x92, 0x92, 0x92, 0x92,
		0x92, 0x92, 0x92, 0x92, 0x92, 0x92, 0x92, 0x92, 0x92, 0x92, 0x92, 0x92, 0x92, 0x92, 0x92, 0x92,
		0x92, 0x92, 0x92, 0x92, 0x92, 0x92, 0x92, 0x92, 0x92, 0x92, 0x92, 0x92, 0x92, 0x92, 0x92, 0x92,
		0x92, 0x92, 0x92, 0x92, 0x92, 0x92, 0x92, 0x92, 0x92, 0x92, 0x92, 0x92, 0x92, 0x92, 0x92, 0x92,
		0x92, 0x92, 0x92, 0x92, 0x92, 0x92, 0x92, 0x92, 0x92, 0x92, 0x92, 0x92, 0x92, 0x92, 0x92, 0x92,
		0x92, 0x92, 0x92, 0x92, 0x92, 0x92, 0x92, 0x92, 0x92, 0x92, 0x92, 0x92, 0x92, 0x92, 0x92, 0x92,
		0x92, 0x92, 0x92, 0x92, 0x92, 0x92, 0x92, 0x92, 0x92, 0x92, 0x92, 0x92, 0x92, 0x92, 0x92, 0x92,
		0x92, 0x92, 0x92, 0x92, 0x92, 0x92, 0x92, 0x92, 0x92, 0x92, 0x92, 0x92, 0x92, 0x92, 0x92, 0x92,
		0x92, 0x92, 0x92, 0x92, 0x92, 0x92, 0x92, 0x92, 0x92, 0x92, 0x92, 0x92, 0x92, 0x92, 0x92, 0x92,
		0x92, 0x92, 0x92, 0x92, 0x92, 0x92, 0x92, 0x92, 0x92, 0x92, 0x92, 0x92, 0x92, 0x92, 0x92, 0x92,
		0x92, 0x92, 0x92, 0x92, 0x92, 0x92, 0x92, 0x92, 0x92, 0x92, 0x92, 0x92, 0x92, 0x92, 0x92, 0x92,
		0x92, 0x92, 0x92, 0x92, 0x92, 0x92, 0x92, 0x92, 0x92, 0x92, 0x92, 0x92, 0x92, 0x92, 0x92, 0x92,
		0x92, 0x92, 0x92, 0x92, 0x92, 0x92, 0x92, 0x92, 0x92, 0x92, 0x92, 0x92, 0x92, 0x92, 0x92, 0x92,
		0x92, 0x92, 0x92, 0x92, 0x92, 0x92, 0x92, 0x92, 0x92, 0x92, 0x92, 0x92, 0x92, 0x92, 0x92, 0x92,
		0x92, 0x92, 0x92, 0x92, 0x92, 0x92, 0x92, 0x92, 0x92, 0x92, 0x92, 0x92, 0x92, 0x92, 0x92, 0x92,
		0x92, 0x92, 0x92, 0x92, 0x92, 0x92, 0x92, 0x92, 0x92, 0x92, 0x92, 0x92, 0x92, 0x92, 0x92, 0x92,
		0x92, 0x92, 0x92, 0x92, 0x92, 0x92, 0x92, 0x92, 0x92, 0x92, 0x92, 0x92, 0x92, 0x92, 0x92, 0x92,
		0x92, 0x92, 0x92, 0x92, 0x92, 0x92, 0x92, 0x92, 0x92, 0x92, 0x92, 0x92, 0x92, 0x92, 0x92, 0x92,
		0x92, 0x92, 0x92, 0x92, 0x92, 0x92, 0x92, 0x92, 0x92, 0x92, 0x92, 0x92, 0x92, 0x92, 0x92, 0x92,
		0x92, 0x92, 0x92, 0x92, 0x92, 0x92, 0x92, 0x92, 0x92, 0x92, 0x92, 0x92, 0x92, 0x92, 0x92, 0x92,
		0x92, 0x92, 0x92, 0x92, 0x92, 0x92, 0x92, 0x92, 0x92, 0x92, 0x92, 0x92, 0x92, 0x92, 0x92, 0x92,
		0x92, 0x92, 0x92, 0x92, 0x92, 0x92, 0x92, 0x92, 0x92, 0x92, 0x92, 0x92, 0x92, 0x92, 0x92, 0x92,
		0x92, 0x92, 0x92, 0x92, 0x92, 0x92, 0x92, 0x92, 0x92, 0x92, 0x92, 0x92, 0x92, 0x92, 0x92, 0x92,
		0x92, 0x92, 0x92, 0x92, 0x92, 0x92, 0x92, 0x92, 0x92, 0x92, 0x92, 0x92, 0x92, 0x92, 0x92, 0x92,
		0x92, 0x92, 0x92, 0x92, 0x92, 0x92, 0x92, 0x92, 0x92, 0x92, 0x92, 0x92, 0x92, 0x92, 0x92, 0x92,
		0x92, 0x92, 0x92, 0x92, 0x92, 0x92, 0x92, 0x92, 0x92, 0x92, 0x92, 0x92, 0x92, 0x92, 0x92, 0x92,
		0x92, 0x92, 0x92, 0x92, 0x92, 0x92, 0x92, 0x92, 0x92, 0x92, 0x92, 0x92, 0x92, 0x92, 0x92, 0x92,
		0x92, 0x92, 0x92, 0x92, 0x92, 0x92, 0x92, 0x92, 0x92, 0x92, 0x92, 0x92, 0x92, 0x92, 0x92, 0x92,
		0x92, 0x92, 0x92, 0x92, 0x92, 0x92, 0x92, 0x92, 0x92, 0x92, 0x92, 0x92, 0x92, 0x92, 0x92, 0x92,
		0x92, 0x92, 0x92, 0x92, 0x92, 0x92, 0x92, 0x92, 0x92, 0x92, 0x92, 0x92, 0x92, 0x92, 0x92, 0x92,
		0x92, 0x92, 0x92, 0x92, 0x92, 0x92, 0x92, 0x92, 0x92, 0x92, 0x92, 0x92, 0x92, 0x92, 0x92, 0x92,
		0x92, 0x92, 0x92, 0x92, 0x92, 0x92, 0x92, 0x92, 0x92, 0x92, 0x92, 0x92, 0x92, 0x92, 0x92, 0x92,
		0x92, 0x92, 0x92, 0x92, 0x92, 0x92, 0x92, 0x92, 0x92, 0x92, 0x92, 0x92, 0x92, 0x92, 0x92, 0x92,
		0x92, 0x92, 0x92, 0x92, 0x92, 0x92, 0x92, 0x92, 0x92, 0x92, 0x92, 0x92, 0x92, 0x92, 0x92, 0x92,
		0x92, 0x92, 0x92, 0x92, 0x92, 0x92, 0x92, 0x92, 0x92, 0x92, 0x92, 0x92, 0x92, 0x92, 0x92, 0x92,
		0x92, 0x92, 0x92, 0x92, 0x92, 0x92, 0x92, 0x92, 0x92, 0x92, 0x92, 0x92, 0x92, 0x92, 0x92, 0x92,
		0x92, 0x92, 0x92, 0x92, 0x92, 0x92, 0x92, 0x92, 0x92, 0x92, 0x92, 0x92, 0x92, 0x92, 0x92, 0x92,
		0x92, 0x92, 0x92, 0x92, 0x92, 0x92, 0x92, 0x92, 0x92, 0x92, 0x92, 0x92, 0x92, 0x92, 0x92, 0x92,
		0x92, 0x92, 0x92, 0x92, 0x92, 0x92, 0x92, 0x92, 0x92, 0x92, 0x92, 0x92, 0x92, 0x92, 0x92, 0x92,
		0x92, 0x92, 0x92, 0x92, 0x92, 0x92, 0x92, 0x92, 0x92, 0x92, 0x92, 0x92, 0x92, 0x92, 0x92, 0x92,
		0x92, 0x92, 0x92, 0x92, 0x92, 0x92, 0x92, 0x92, 0x92, 0x92, 0x92, 0x92, 0x92, 0x92, 0x92, 0x92,
		0x92, 0x92, 0x92, 0x92, 0x92, 0x92, 0x92, 0x92, 0x92, 0x92, 0x92, 0x92, 0x92, 0x92, 0x92, 0x92,
		0x92, 0x92, 0x92, 0x92, 0x92, 0x92, 0x92, 0x92, 0x92, 0x92, 0x92, 0x92, 0x92, 0x92, 0x92, 0x92,
		0x92, 0x92, 0x92, 0x92, 0x92, 0x92, 0x92, 0x92, 0x92, 0x92, 0x92, 0x92, 0x92, 0x92, 0x92, 0x92,
		0x92, 0x92, 0x92, 0x92, 0x92, 0x92, 0x92, 0x92, 0x92, 0x92, 0x92, 0x92, 0x92, 0x92, 0x92, 0x92,
		0x92, 0x92, 0x92, 0x92, 0x92, 0x92, 0x92, 0x92, 0x92, 0x92, 0x92, 0x92, 0x92, 0x92, 0x92, 0x92,
		0x92, 0x92, 0x92, 0x92, 0x92, 0x92, 0x92, 0x92, 0x92, 0x92, 0x92, 0x92, 0x92, 0x92, 0x92, 0x92,
		0x92, 0x92, 0x92, 0x92, 0x92, 0x92, 0x92, 0x92, 0x92, 0x92, 0x92, 0x92, 0x92, 0x92, 0x92, 0x92,
		0x92, 0x92, 0x92, 0x92, 0x92, 0x92, 0x92, 0x92, 0x92, 0x92, 0x92, 0x92, 0x92, 0x92, 0x92, 0x92,
		0x92, 0x92, 0x92, 0x92, 0x92, 0x92, 0x92, 0x92, 0x92, 0x92, 0x92, 0x92, 0x92, 0x92, 0x92, 0x92,
		0x92, 0x92, 0x92, 0x92, 0x92, 0x92, 0x92, 0x92, 0x92, 0x92, 0x92, 0x92, 0x92, 0x92, 0x92, 0x92,
		0x92, 0x92, 0x92, 0x92, 0x92, 0x92, 0x92, 0x92, 0x92, 0x92, 0x92, 0x92, 0x92, 0x92, 0x92, 0x92,
		0x92, 0x92, 0x92, 0x92, 0x92, 0x92, 0x92, 0x92, 0x92, 0x92, 0x92, 0x92, 0x92, 0x92, 0x92, 0x92,
		0x92, 0x92, 0x92, 0x92, 0x92, 0x92, 0x92, 0x92, 0x92, 0x92, 0x92, 0x92, 0x92, 0x92, 0x92, 0x92,
		0x92, 0x92, 0x92, 0x92, 0x92, 0x92, 0x92, 0x92, 0x92, 0x92, 0x92, 0x92, 0x92, 0x92, 0x92, 0x92,
		0x92, 0x92, 0x92, 0x92, 0x92, 0x92, 0x92, 0x92, 0x92, 0x92, 0x92, 0x92, 0x92, 0x92, 0x92, 0x92,
		0x92, 0x92, 0x92, 0x92, 0x92, 0x92, 0x92, 0x92, 0x92, 0x92, 0x92, 0x92, 0x92, 0x92, 0x92, 0x92,
		0x92, 0x92, 0x92, 0x92, 0x92, 0x92, 0x92, 0x92, 0x92, 0x92, 0x92, 0x92, 0x92, 0x92, 0x92, 0x92,
		0x92, 0x92, 0x92, 0x92, 0x92, 0x92, 0x92, 0x92, 0x92, 0x92, 0x92, 0x92, 0x92, 0x92, 0x92, 0x92,
		0x92, 0x92, 0x92, 0x92, 0x92, 0x92, 0x92, 0x92, 0x92, 0x92, 0x92, 0x92, 0x92, 0x92, 0x92, 0x92,
		0x92, 0x92, 0x92, 0x92, 0x92, 0x92, 0x92, 0x92, 0x92, 0x92, 0x92, 0x92, 0x92, 0x92, 0x92, 0x92,
		0x92, 0x92, 0x92, 0x92, 0x92, 0x92, 0x92, 0x92, 0x92, 0x92, 0x92, 0x92, 0x92, 0x92, 0x92, 0x92,
		0x92, 0x92, 0x92, 0x92, 0x92, 0x92, 0x92, 0x92, 0x92, 0x92, 0x92, 0x92, 0x92, 0x92, 0x92, 0x92,
		0x92, 0x92, 0x92, 0x92, 0x92, 0x92, 0x92, 0x92, 0x92, 0x92, 0x92, 0x92, 0x92, 0x92, 0x92, 0x92,
		0x92, 0x92, 0x92, 0x92, 0x92, 0x92, 0x92, 0x92, 0x92, 0x92, 0x92, 0x92, 0x92, 0x92, 0x92, 0x92,
		0x92, 0x92, 0x92, 0x92, 0x92, 0x92, 0x92, 0x92, 0x92, 0x92, 0x92, 0x92, 0x92, 0x92, 0x92, 0x92,
		0x92, 0x92, 0x92, 0x92, 0x92, 0x92, 0x92, 0x92, 0x92, 0x92, 0x92, 0x92, 0x92, 0x92, 0x92, 0x92,
		0x92, 0x92, 0x92, 0x92, 0x92, 0x92, 0x92, 0x92, 0x92, 0x92, 0x92, 0x92, 0x92, 0x92, 0x92, 0x92,
		0x92, 0x92, 0x92, 0x92, 0x92, 0x92, 0x92, 0x92, 0x92, 0x92, 0x92, 0x92, 0x92, 0x92, 0x92, 0x92,
		0x92, 0x92, 0x92, 0x92, 0x92, 0x92, 0x92, 0x92, 0x92, 0x92, 0x92, 0x92, 0x92, 0x92, 0x92, 0x92,
		0x92, 0x92, 0x92, 0x92, 0x92, 0x92, 0x92, 0x92, 0x92, 0x92, 0x92, 0x92, 0x92, 0x92, 0x92, 0x92,
		0x92, 0x92, 0x92, 0x92, 0x92, 0x92, 0x92, 0x92, 0x92, 0x92, 0x92, 0x92, 0x92, 0x92, 0x92, 0x92,
		0x92, 0x92, 0x92, 0x92, 0x92, 0x92, 0x92, 0x92, 0x92, 0x92, 0x92, 0x92, 0x92, 0x92, 0x92, 0x92,
		0x92, 0x92, 0x92, 0x92, 0x92, 0x92, 0x92, 0x92, 0x92, 0x92, 0x92, 0x92, 0x92, 0x92, 0x92, 0x92,
		0x92, 0x92, 0x92, 0x92, 0x92, 0x92, 0x92, 0x92, 0x92, 0x92, 0x92, 0x92, 0x92, 0x92, 0x92, 0x92,
		0x92, 0x92, 0x92, 0x92, 0x92, 0x92, 0x92, 0x92, 0x92, 0x92, 0x92, 0x92, 0x92, 0x92, 0x92, 0x92,
		0x92, 0x92, 0x92, 0x92, 0x92, 0x92, 0x92, 0x92, 0x92, 0x92, 0x92, 0x92, 0x92, 0x92, 0x92, 0x92,
		0x92, 0x92, 0x92, 0x92, 0x92, 0x92, 0x92, 0x92, 0x92, 0x92, 0x92, 0x92, 0x92, 0x92, 0x92, 0x92,
		0x92, 0x92, 0x92, 0x92, 0x92, 0x92, 0x92, 0x92, 0x92, 0x92, 0x92, 0x92, 0x92, 0x92, 0x92, 0x92,
		0x92, 0x92, 0x92, 0x92, 0x92, 0x92, 0x92, 0x92, 0x92, 0x92, 0x92, 0x92, 0x92, 0x92, 0x92, 0x92,
		0x92, 0x92, 0x92, 0x92, 0x92, 0x92, 0x92, 0x92, 0x92, 0x92, 0x92, 0x92, 0x92, 0x92, 0x92, 0x92,
		0x92, 0x92, 0x92, 0x92, 0x92, 0x92, 0x92, 0x92, 0x92, 0x92, 0x92, 0x92, 0x92, 0x92, 0x92, 0x92,
		0x92, 0x92, 0x92, 0x92, 0x92, 0x92, 0x92, 0x92, 0x92, 0x92, 0x92, 0x92, 0x92, 0x92, 0x92, 0x92,
		0x92, 0x92, 0x92, 0x92, 0x92, 0x92, 0x92, 0x92, 0x92, 0x92, 0x92, 0x92, 0x92, 0x92, 0x92, 0x92,
		0x92, 0x92, 0x92, 0x92, 0x92, 0x92, 0x92, 0x92, 0x92, 0x92, 0x92, 0x92, 0x92, 0x92, 0x92, 0x92,
		0x92, 0x92, 0x92, 0x92, 0x92, 0x92, 0x92, 0x92, 0x92, 0x92, 0x92, 0x92, 0x92, 0x92, 0x92, 0x92,
		0x92, 0x92, 0x92, 0x92, 0x92, 0x92, 0x92, 0x92, 0x92, 0x92, 0x92, 0x92, 0x92, 0x92, 0x92, 0x92,
		0x92, 0x92, 0x92, 0x92, 0x92, 0x92, 0x92, 0x92, 0x92, 0x92, 0x92, 0x92, 0x92, 0x92, 0x92, 0x92,
		0x92, 0x92, 0x92, 0x92, 0x92, 0x92, 0x92, 0x92, 0x92, 0x92, 0x92, 0x92, 0x92, 0x92, 0x92, 0x92,
		0x92, 0x92, 0x92, 0x92, 0x92, 0x92, 0x92, 0x92, 0x92, 0x92, 0x92, 0x92, 0x92, 0x92, 0x92, 0x92,
		0x92, 0x92, 0x92, 0x92, 0x92, 0x92, 0x92, 0x92, 0x92, 0x92, 0x92, 0x92, 0x92, 0x92, 0x92, 0x92,
		0x92, 0x92, 0x92, 0x92, 0x92, 0x92, 0x92, 0x92, 0x92, 0x92, 0x92, 0x92, 0x92, 0x92, 0x92, 0x92,
		0x92, 0x92, 0x92, 0x92, 0x92, 0x92, 0x92, 0x92, 0x92, 0x92, 0x92, 0x92, 0x92, 0x92, 0x92, 0x92,
		0x92, 0x92, 0x92, 0x92, 0x92, 0x92, 0x92, 0x92, 0x92, 0x92, 0x92, 0x92, 0x92, 0x92, 0x92, 0x92,
		0x92, 0x92, 0x92, 0x92, 0x92, 0x92, 0x92, 0x92, 0x92, 0x92, 0x92, 0x92, 0x92, 0x92, 0x92, 0x92,
		0x92, 0x92, 0x92, 0x92, 0x92, 0x92, 0x92, 0x92, 0x92, 0x92, 0x92, 0x92, 0x92, 0x92, 0x92, 0x92,
		0x92, 0x92, 0x92, 0x92, 0x92, 0x92, 0x92, 0x92, 0x92, 0x92, 0x92, 0x92, 0x92, 0x92, 0x92, 0x92,
		0x92, 0x92, 0x92, 0x92, 0x92, 0x92, 0x92, 0x92, 0x92, 0x92, 0x92, 0x92, 0x92, 0x92, 0x92, 0x92,
		0x92, 0x92, 0x92, 0x92, 0x92, 0x92, 0x92, 0x92, 0x92, 0x92, 0x92, 0x92, 0x92, 0x92, 0x92, 0x92,
		0x92, 0x92, 0x92, 0x92, 0x92, 0x92, 0x92, 0x92, 0x92, 0x92, 0x92, 0x92, 0x92, 0x92, 0x92, 0x92,
		0x92, 0x92, 0x92, 0x92, 0x92, 0x92, 0x92, 0x92, 0x92, 0x92, 0x92, 0x92, 0x92, 0x92, 0x92, 0x92,
		0x92, 0x92, 0x92, 0x92, 0x92, 0x92, 0x92, 0x92, 0x92, 0x92, 0x92, 0x92, 0x92, 0x92, 0x92, 0x92,
		0x92, 0x92, 0x92, 0x92, 0x92, 0x92, 0x92, 0x92, 0x92, 0x92, 0x92, 0x92, 0x92, 0x92, 0x92, 0x92,
		0x92, 0x92, 0x92, 0x92, 0x92, 0x92, 0x92, 0x92, 0x92, 0x92, 0x92, 0x92, 0x92, 0x92, 0x92, 0x92,
		0x92, 0x92, 0x92, 0x92, 0x92, 0x92, 0x92, 0x92, 0x92, 0x92, 0x92, 0x92, 0x92, 0x92, 0x92, 0x92,
		0x92, 0x92, 0x92, 0x92, 0x92, 0x92, 0x92, 0x92, 0x92, 0x92, 0x92, 0x92, 0x92, 0x92, 0x92, 0x92,
		0x92, 0x92, 0x92, 0x92, 0x92, 0x92, 0x92, 0x92, 0x92, 0x92, 0x92, 0x92, 0x92, 0x92, 0x92, 0x92,
		0x92, 0x92, 0x92, 0x92, 0x92, 0x92, 0x92, 0x92, 0x92, 0x92, 0x92, 0x92, 0x92, 0x92, 0x92, 0x92,
		0x92, 0x92, 0x92, 0x92, 0x92, 0x92, 0x92, 0x92, 0x92, 0x92, 0x92, 0x92, 0x92, 0x92, 0x92, 0x92,
		0x92, 0x92, 0x92, 0x92, 0x92, 0x92, 0x92, 0x92, 0x92, 0x92, 0x92, 0x92, 0x92, 0x92, 0x92, 0x92,
		0x92, 0x92, 0x92, 0x92, 0x92, 0x92, 0x92, 0x92, 0x92, 0x92, 0x92, 0x92, 0x92, 0x92, 0x92, 0x92,
		0x92, 0x92, 0x92, 0x92, 0x92, 0x92, 0x92, 0x92, 0x92, 0x92, 0x92, 0x92, 0x92, 0x92, 0x92, 0x92,
		0x92, 0x92, 0x92, 0x92, 0x92, 0x92, 0x92, 0x92, 0x92, 0x92, 0x92, 0x92, 0x92, 0x92, 0x92, 0x92,
		0x92, 0x92, 0x92, 0x92, 0x92, 0x92, 0x92, 0x92, 0x92, 0x92, 0x92, 0x92, 0x92, 0x92, 0x92, 0x92,
		0x92, 0x92, 0x92, 0x92, 0x92, 0x92, 0x92, 0x92, 0x92, 0x92, 0x92, 0x92, 0x92, 0x92, 0x92, 0x92,
		0x92, 0x92, 0x92, 0x92, 0x92, 0x92, 0x92, 0x92, 0x92, 0x92, 0x92, 0x92, 0x92, 0x92, 0x92, 0x92,
		0x92, 0x92, 0x92, 0x92, 0x92, 0x92, 0x92, 0x92, 0x92, 0x92, 0x92, 0x92, 0x92, 0x92, 0x92, 0x92,
		0x92, 0x92, 0x92, 0x92, 0x92, 0x92, 0x92, 0x92, 0x92, 0x92, 0x92, 0x92, 0x92, 0x92, 0x92, 0x92,
		0x92, 0x92, 0x92, 0x92, 0x92, 0x92, 0x92, 0x92, 0x92, 0x92, 0x92, 0x92, 0x92, 0x92, 0x92, 0x92,
		0x92, 0x92, 0x92, 0x92, 0x92, 0x92, 0x92, 0x92, 0x92, 0x92, 0x92, 0x92, 0x92, 0x92, 0x92, 0x92,
		0x92, 0x92, 0x92, 0x92, 0x92, 0x92, 0x92, 0x92, 0x92, 0x92, 0x92, 0x92, 0x92, 0x92, 0x92, 0x92,
		0x92, 0x92, 0x92, 0x92, 0x92, 0x92, 0x92, 0x92, 0x92, 0x92, 0x92, 0x92, 0x92, 0x92, 0x92, 0x92,
		0x92, 0x92, 0x92, 0x92, 0x92, 0x92, 0x92, 0x92, 0x92, 0x92, 0x92, 0x92, 0x92, 0x92, 0x92, 0x92,
		0x92, 0x92, 0x92, 0x92, 0x92, 0x92, 0x92, 0x92, 0x92, 0x92, 0x92, 0x92, 0x92, 0x92, 0x92, 0x92,
		0x92, 0x92, 0x92, 0x92, 0x92, 0x92, 0x92, 0x92, 0x92, 0x92, 0x92, 0x92, 0x92, 0x92, 0x92, 0x92,
		0x92, 0x92, 0x92, 0x92, 0x92, 0x92, 0x92, 0x92, 0x92, 0x92, 0x92, 0x92, 0x92, 0x92, 0x92, 0x92,
		0x92, 0x92, 0x92, 0x92, 0x92, 0x92, 0x92, 0x92, 0x92, 0x92, 0x92, 0x92, 0x92, 0x92, 0x92, 0x92,
		0x92, 0x92, 0x92, 0x92, 0x92, 0x92, 0x92, 0x92, 0x92, 0x92, 0x92, 0x92, 0x92, 0x92, 0x92, 0x92,
		0x92, 0x92, 0x92, 0x92, 0x92, 0x92, 0x92, 0x92, 0x92, 0x92, 0x92, 0x92, 0x92, 0x92, 0x92, 0x92,
		0x92, 0x92, 0x92, 0x92, 0x92, 0x92, 0x92, 0x92, 0x92, 0x92, 0x92, 0x92, 0x92, 0x92, 0x92, 0x92,
		0x92, 0x92, 0x92, 0x92, 0x92, 0x92, 0x92, 0x92, 0x92, 0x92, 0x92, 0x92, 0x92, 0x92, 0x92, 0x92,
		0x92, 0x92, 0x92, 0x92, 0x92, 0x92, 0x92, 0x92, 0x92, 0x92, 0x92, 0x92, 0x92, 0x92, 0x92, 0x92,
		0x92, 0x92, 0x92, 0x92, 0x92, 0x92, 0x92, 0x92, 0x92, 0x92, 0x92, 0x92, 0x92, 0x92, 0x92, 0x92,
		0x92, 0x92, 0x92, 0x92, 0x92, 0x92, 0x92, 0x92, 0x92, 0x92, 0x92, 0x92, 0x92, 0x92, 0x92, 0x92,
		0x92, 0x92, 0x92, 0x92, 0x92, 0x92, 0x92, 0x92, 0x92, 0x92, 0x92, 0x92, 0x92, 0x92, 0x92, 0x92,
		0x92, 0x92, 0x92, 0x92, 0x92, 0x92, 0x92, 0x92, 0x92, 0x92, 0x92, 0x92, 0x92, 0x92, 0x92, 0x92,
		0x92, 0x92, 0x92, 0x92, 0x92, 0x92, 0x92, 0x92, 0x92, 0x92, 0x92, 0x92, 0x92, 0x92, 0x92, 0x92,
		0x92, 0x92, 0x92, 0x92, 0x92, 0x92, 0x92, 0x92, 0x92, 0x92, 0x92, 0x92, 0x92, 0x92, 0x92, 0x92,
		0x92, 0x92, 0x92, 0x92, 0x92, 0x92, 0x92, 0x92, 0x92, 0x92, 0x92, 0x92, 0x92, 0x92, 0x92, 0x92,
		0x92, 0x92, 0x92, 0x92, 0x92, 0x92, 0x92, 0x92, 0x92, 0x92, 0x92, 0x92, 0x92, 0x92, 0x92, 0x92,
		0x92, 0x92, 0x92, 0x92, 0x92, 0x92, 0x92, 0x92, 0x92, 0x92, 0x92, 0x92, 0x92, 0x92, 0x92, 0x92,
		0x92, 0x92, 0x92, 0x92, 0x92, 0x92, 0x92, 0x92, 0x92, 0x92, 0x92, 0x92, 0x92, 0x92, 0x92, 0x92,
		0x92, 0x92, 0x92, 0x92, 0x92, 0x92, 0x92, 0x92, 0x92, 0x92, 0x92, 0x92, 0x92, 0x92, 0x92, 0x92,
		0x92, 0x92, 0x92, 0x92, 0x92, 0x92, 0x92, 0x92, 0x92, 0x92, 0x92, 0x92, 0x92, 0x92, 0x92, 0x92,
		0x92, 0x92, 0x92, 0x92, 0x92, 0x92, 0x92, 0x92, 0x92, 0x92, 0x92, 0x92, 0x92, 0x92, 0x92, 0x92,
		0x92, 0x92, 0x92, 0x92, 0x92, 0x92, 0x92, 0x92, 0x92, 0x92, 0x92, 0x92, 0x92, 0x92, 0x92, 0x92,
		0x92, 0x92, 0x92, 0x92, 0x92, 0x92, 0x92, 0x92, 0x92, 0x92, 0x92, 0x92, 0x92, 0x92, 0x92, 0x92,
		0x92, 0x92, 0x92, 0x92, 0x92, 0x92, 0x92, 0x92, 0x92, 0x92, 0x92, 0x92, 0x92, 0x92, 0x92, 0x92,
		0x92, 0x92, 0x92, 0x92, 0x92, 0x92, 0x92, 0x92, 0x92, 0x92, 0x92, 0x92, 0x92, 0x92, 0x92, 0x92,
		0x92, 0x92, 0x92, 0x92, 0x92, 0x92, 0x92, 0x92, 0x92, 0x92, 0x92, 0x92, 0x92, 0x92, 0x92, 0x92,
		0x92, 0x92, 0x92, 0x92, 0x92, 0x92, 0x92, 0x92, 0x92, 0x92, 0x92, 0x92, 0x92, 0x92, 0x92, 0x92,
		0x92, 0x92, 0x92, 0x92, 0x92, 0x92, 0x92, 0x92, 0x92, 0x92, 0x92, 0x92, 0x92, 0x92, 0x92, 0x92,
		0x92, 0x92, 0x92, 0x92, 0x92, 0x92, 0x92, 0x92, 0x92, 0x92, 0x92, 0x92, 0x92, 0x92, 0x92, 0x92,
		0x92, 0x92, 0x92, 0x92, 0x92, 0x92, 0x92, 0x92, 0x92, 0x92, 0x92, 0x92, 0x92, 0x92, 0x92, 0x92,
		0x92, 0x92, 0x92, 0x92, 0x92, 0x92, 0x92, 0x92, 0x92, 0x92, 0x92, 0x92, 0x92, 0x92, 0x92, 0x92,
		0x92, 0x92, 0x92, 0x92, 0x92, 0x92, 0x92, 0x92, 0x92, 0x92, 0x92, 0x92, 0x92, 0x92, 0x92, 0x92,
		0x92, 0x92, 0x92, 0x92, 0x92, 0x92, 0x92, 0x92, 0x92, 0x92, 0x92, 0x92, 0x92, 0x92, 0x92, 0x92,
		0x92, 0x92, 0x92, 0x92, 0x92, 0x92, 0x92, 0x92, 0x92, 0x92, 0x92, 0x92, 0x92, 0x92, 0x92, 0x92,
		0x92, 0x92, 0x92, 0x92, 0x92, 0x92, 0x00, 0x00,
	};

	const NResources::SBinaryEntry ENTRIES[] =
	{
		{ IDT_MAIN,                           DATA_IDT_MAIN,                           sizeof( DATA_IDT_MAIN ) },
		{ IDB_PC_TYPES_IMAGE_LIST,            DATA_IDB_PC_TYPES_IMAGE_LIST,            sizeof( DATA_IDB_PC_TYPES_IMAGE_LIST ) },
		{ IDB_PC_HEADER_IMAGE_LIST,           DATA_IDB_PC_HEADER_IMAGE_LIST,           sizeof( DATA_IDB_PC_HEADER_IMAGE_LIST ) },
		{ IDT_PROPERTY_CONTROL,               DATA_IDT_PROPERTY_CONTROL,               sizeof( DATA_IDT_PROPERTY_CONTROL ) },
		{ IDT_VIEW,                           DATA_IDT_VIEW,                           sizeof( DATA_IDT_VIEW ) },
		{ IDT_SELECTION,                      DATA_IDT_SELECTION,                      sizeof( DATA_IDT_SELECTION ) },
		{ IDT_OBJECT,                         DATA_IDT_OBJECT,                         sizeof( DATA_IDT_OBJECT ) },
		{ IDB_TABGDBB_TREE_TYPES_IMAGE_LIST,  DATA_IDB_TABGDBB_TREE_TYPES_IMAGE_LIST,  sizeof( DATA_IDB_TABGDBB_TREE_TYPES_IMAGE_LIST ) },
		{ IDT_CONTROLLER_CONTAINER,           DATA_IDT_CONTROLLER_CONTAINER,           sizeof( DATA_IDT_CONTROLLER_CONTAINER ) },
		{ IDB_TABGDBB_TREE_HEADER_IMAGE_LIST, DATA_IDB_TABGDBB_TREE_HEADER_IMAGE_LIST, sizeof( DATA_IDB_TABGDBB_TREE_HEADER_IMAGE_LIST ) },
		{ IDB_DEFAULT_SMALL_OBJECT_IMAGE,     DATA_IDB_DEFAULT_SMALL_OBJECT_IMAGE,     sizeof( DATA_IDB_DEFAULT_SMALL_OBJECT_IMAGE ) },
		{ IDB_DEFAULT_NORMAL_OBJECT_IMAGE,    DATA_IDB_DEFAULT_NORMAL_OBJECT_IMAGE,    sizeof( DATA_IDB_DEFAULT_NORMAL_OBJECT_IMAGE ) },
	};

	const NResources::CBinaryTable TABLE( ENTRIES, sizeof( ENTRIES ) / sizeof( ENTRIES[0] ) );
}
