// Generated from ED_B2_M1.rc by scripts/port/rc2bitmaps.py.
//
// The editor's bitmaps, which were Win32 BITMAP resources until the PE
// resource section stopped being available on every platform the editor
// builds for. This file is the source now.
//
// Each array is a whole .bmp file rather than the headerless DIB a
// RT_BITMAP held, so wx's own BMP reader takes it as it stands.

#include "stdafx.h"

#include "ResourceDefines.h"
#include "MapEditorLib/Resources.h"

namespace
{
	// dmoved_jump_first_key.bmp, 246 bytes.
	const unsigned char DATA_IDB_DMOVED_JUMP_FIRST_KEY[] =
	{
		0x42, 0x4D, 0xF6, 0x00, 0x00, 0x00, 0x00, 0x00, 0x00, 0x00, 0x76, 0x00, 0x00, 0x00, 0x28, 0x00,
		0x00, 0x00, 0x10, 0x00, 0x00, 0x00, 0x10, 0x00, 0x00, 0x00, 0x01, 0x00, 0x04, 0x00, 0x00, 0x00,
		0x00, 0x00, 0x80, 0x00, 0x00, 0x00, 0x00, 0x00, 0x00, 0x00, 0x00, 0x00, 0x00, 0x00, 0x10, 0x00,
		0x00, 0x00, 0x10, 0x00, 0x00, 0x00, 0x00, 0x00, 0x00, 0x00, 0x00, 0x00, 0x80, 0x00, 0x00, 0x80,
		0x00, 0x00, 0x00, 0x80, 0x80, 0x00, 0x80, 0x00, 0x00, 0x00, 0x80, 0x00, 0x80, 0x00, 0x80, 0x80,
		0x00, 0x00, 0xC0, 0xC0, 0xC0, 0x00, 0x80, 0x80, 0x80, 0x00, 0x00, 0x00, 0xFF, 0x00, 0x00, 0xFF,
		0x00, 0x00, 0x00, 0xFF, 0xFF, 0x00, 0xFF, 0x00, 0x00, 0x00, 0xFF, 0x00, 0xFF, 0x00, 0xFF, 0xFF,
		0x00, 0x00, 0xFF, 0xFF, 0xFF, 0x00, 0x77, 0x77, 0x77, 0x77, 0x77, 0x77, 0x77, 0x77, 0x77, 0x77,
		0x77, 0x77, 0x77, 0x77, 0x77, 0x77, 0x77, 0x77, 0x77, 0x77, 0x77, 0x77, 0x77, 0x77, 0x77, 0x77,
		0x77, 0x77, 0x77, 0x77, 0x77, 0x77, 0x77, 0x00, 0x77, 0x77, 0x77, 0x77, 0x00, 0x77, 0x77, 0x00,
		0x77, 0x77, 0x77, 0x00, 0x00, 0x77, 0x77, 0x00, 0x77, 0x77, 0x00, 0x00, 0x00, 0x77, 0x77, 0x00,
		0x77, 0x00, 0x00, 0x00, 0x00, 0x77, 0x77, 0x00, 0x70, 0x00, 0x00, 0x00, 0x00, 0x77, 0x77, 0x00,
		0x77, 0x00, 0x00, 0x00, 0x00, 0x77, 0x77, 0x00, 0x77, 0x77, 0x00, 0x00, 0x00, 0x77, 0x77, 0x00,
		0x77, 0x77, 0x77, 0x00, 0x00, 0x77, 0x77, 0x00, 0x77, 0x77, 0x77, 0x77, 0x00, 0x77, 0x77, 0x77,
		0x77, 0x77, 0x77, 0x77, 0x77, 0x77, 0x77, 0x77, 0x77, 0x77, 0x77, 0x77, 0x77, 0x77, 0x77, 0x77,
		0x77, 0x77, 0x77, 0x77, 0x77, 0x77,
	};

	// dmoved_jump_last_key.bmp, 246 bytes.
	const unsigned char DATA_IDB_DMOVED_JUMP_LAST_KEY[] =
	{
		0x42, 0x4D, 0xF6, 0x00, 0x00, 0x00, 0x00, 0x00, 0x00, 0x00, 0x76, 0x00, 0x00, 0x00, 0x28, 0x00,
		0x00, 0x00, 0x10, 0x00, 0x00, 0x00, 0x10, 0x00, 0x00, 0x00, 0x01, 0x00, 0x04, 0x00, 0x00, 0x00,
		0x00, 0x00, 0x80, 0x00, 0x00, 0x00, 0x00, 0x00, 0x00, 0x00, 0x00, 0x00, 0x00, 0x00, 0x10, 0x00,
		0x00, 0x00, 0x10, 0x00, 0x00, 0x00, 0x00, 0x00, 0x00, 0x00, 0x00, 0x00, 0x80, 0x00, 0x00, 0x80,
		0x00, 0x00, 0x00, 0x80, 0x80, 0x00, 0x80, 0x00, 0x00, 0x00, 0x80, 0x00, 0x80, 0x00, 0x80, 0x80,
		0x00, 0x00, 0xC0, 0xC0, 0xC0, 0x00, 0x80, 0x80, 0x80, 0x00, 0x00, 0x00, 0xFF, 0x00, 0x00, 0xFF,
		0x00, 0x00, 0x00, 0xFF, 0xFF, 0x00, 0xFF, 0x00, 0x00, 0x00, 0xFF, 0x00, 0xFF, 0x00, 0xFF, 0xFF,
		0x00, 0x00, 0xFF, 0xFF, 0xFF, 0x00, 0x77, 0x77, 0x77, 0x77, 0x77, 0x77, 0x77, 0x77, 0x77, 0x77,
		0x77, 0x77, 0x77, 0x77, 0x77, 0x77, 0x77, 0x77, 0x77, 0x77, 0x77, 0x77, 0x77, 0x77, 0x77, 0x77,
		0x77, 0x77, 0x77, 0x77, 0x77, 0x77, 0x77, 0x00, 0x77, 0x77, 0x77, 0x77, 0x00, 0x77, 0x77, 0x00,
		0x00, 0x77, 0x77, 0x77, 0x00, 0x77, 0x77, 0x00, 0x00, 0x00, 0x77, 0x77, 0x00, 0x77, 0x77, 0x00,
		0x00, 0x00, 0x00, 0x77, 0x00, 0x77, 0x77, 0x00, 0x00, 0x00, 0x00, 0x07, 0x00, 0x77, 0x77, 0x00,
		0x00, 0x00, 0x00, 0x77, 0x00, 0x77, 0x77, 0x00, 0x00, 0x00, 0x77, 0x77, 0x00, 0x77, 0x77, 0x00,
		0x00, 0x77, 0x77, 0x77, 0x00, 0x77, 0x77, 0x00, 0x77, 0x77, 0x77, 0x77, 0x00, 0x77, 0x77, 0x77,
		0x77, 0x77, 0x77, 0x77, 0x77, 0x77, 0x77, 0x77, 0x77, 0x77, 0x77, 0x77, 0x77, 0x77, 0x77, 0x77,
		0x77, 0x77, 0x77, 0x77, 0x77, 0x77,
	};

	// dmoved_step_next_key.bmp, 246 bytes.
	const unsigned char DATA_IDB_DMOVED_STEP_NEXT_KEY[] =
	{
		0x42, 0x4D, 0xF6, 0x00, 0x00, 0x00, 0x00, 0x00, 0x00, 0x00, 0x76, 0x00, 0x00, 0x00, 0x28, 0x00,
		0x00, 0x00, 0x10, 0x00, 0x00, 0x00, 0x10, 0x00, 0x00, 0x00, 0x01, 0x00, 0x04, 0x00, 0x00, 0x00,
		0x00, 0x00, 0x80, 0x00, 0x00, 0x00, 0x00, 0x00, 0x00, 0x00, 0x00, 0x00, 0x00, 0x00, 0x10, 0x00,
		0x00, 0x00, 0x10, 0x00, 0x00, 0x00, 0x00, 0x00, 0x00, 0x00, 0x00, 0x00, 0x80, 0x00, 0x00, 0x80,
		0x00, 0x00, 0x00, 0x80, 0x80, 0x00, 0x80, 0x00, 0x00, 0x00, 0x80, 0x00, 0x80, 0x00, 0x80, 0x80,
		0x00, 0x00, 0xC0, 0xC0, 0xC0, 0x00, 0x80, 0x80, 0x80, 0x00, 0x00, 0x00, 0xFF, 0x00, 0x00, 0xFF,
		0x00, 0x00, 0x00, 0xFF, 0xFF, 0x00, 0xFF, 0x00, 0x00, 0x00, 0xFF, 0x00, 0xFF, 0x00, 0xFF, 0xFF,
		0x00, 0x00, 0xFF, 0xFF, 0xFF, 0x00, 0x77, 0x77, 0x77, 0x77, 0x77, 0x77, 0x77, 0x77, 0x77, 0x77,
		0x77, 0x77, 0x77, 0x77, 0x77, 0x77, 0x77, 0x77, 0x77, 0x77, 0x77, 0x77, 0x77, 0x77, 0x77, 0x77,
		0x77, 0x77, 0x77, 0x77, 0x77, 0x77, 0x77, 0x00, 0x70, 0x07, 0x77, 0x77, 0x77, 0x77, 0x77, 0x00,
		0x70, 0x00, 0x07, 0x77, 0x77, 0x77, 0x77, 0x00, 0x70, 0x00, 0x00, 0x07, 0x77, 0x77, 0x77, 0x00,
		0x70, 0x00, 0x00, 0x00, 0x07, 0x77, 0x77, 0x00, 0x70, 0x00, 0x00, 0x00, 0x00, 0x77, 0x77, 0x00,
		0x70, 0x00, 0x00, 0x00, 0x07, 0x77, 0x77, 0x00, 0x70, 0x00, 0x00, 0x07, 0x77, 0x77, 0x77, 0x00,
		0x70, 0x00, 0x07, 0x77, 0x77, 0x77, 0x77, 0x00, 0x70, 0x07, 0x77, 0x77, 0x77, 0x77, 0x77, 0x77,
		0x77, 0x77, 0x77, 0x77, 0x77, 0x77, 0x77, 0x77, 0x77, 0x77, 0x77, 0x77, 0x77, 0x77, 0x77, 0x77,
		0x77, 0x77, 0x77, 0x77, 0x77, 0x77,
	};

	// dmoved_step_prev_key.bmp, 246 bytes.
	const unsigned char DATA_IDB_DMOVED_STEP_PREV_KEY[] =
	{
		0x42, 0x4D, 0xF6, 0x00, 0x00, 0x00, 0x00, 0x00, 0x00, 0x00, 0x76, 0x00, 0x00, 0x00, 0x28, 0x00,
		0x00, 0x00, 0x10, 0x00, 0x00, 0x00, 0x10, 0x00, 0x00, 0x00, 0x01, 0x00, 0x04, 0x00, 0x00, 0x00,
		0x00, 0x00, 0x80, 0x00, 0x00, 0x00, 0x00, 0x00, 0x00, 0x00, 0x00, 0x00, 0x00, 0x00, 0x10, 0x00,
		0x00, 0x00, 0x10, 0x00, 0x00, 0x00, 0x00, 0x00, 0x00, 0x00, 0x00, 0x00, 0x80, 0x00, 0x00, 0x80,
		0x00, 0x00, 0x00, 0x80, 0x80, 0x00, 0x80, 0x00, 0x00, 0x00, 0x80, 0x00, 0x80, 0x00, 0x80, 0x80,
		0x00, 0x00, 0xC0, 0xC0, 0xC0, 0x00, 0x80, 0x80, 0x80, 0x00, 0x00, 0x00, 0xFF, 0x00, 0x00, 0xFF,
		0x00, 0x00, 0x00, 0xFF, 0xFF, 0x00, 0xFF, 0x00, 0x00, 0x00, 0xFF, 0x00, 0xFF, 0x00, 0xFF, 0xFF,
		0x00, 0x00, 0xFF, 0xFF, 0xFF, 0x00, 0x77, 0x77, 0x77, 0x77, 0x77, 0x77, 0x77, 0x77, 0x77, 0x77,
		0x77, 0x77, 0x77, 0x77, 0x77, 0x77, 0x77, 0x77, 0x77, 0x77, 0x77, 0x77, 0x77, 0x77, 0x77, 0x77,
		0x77, 0x77, 0x77, 0x77, 0x77, 0x77, 0x77, 0x77, 0x77, 0x77, 0x70, 0x07, 0x00, 0x77, 0x77, 0x77,
		0x77, 0x70, 0x00, 0x07, 0x00, 0x77, 0x77, 0x77, 0x70, 0x00, 0x00, 0x07, 0x00, 0x77, 0x77, 0x70,
		0x00, 0x00, 0x00, 0x07, 0x00, 0x77, 0x77, 0x00, 0x00, 0x00, 0x00, 0x07, 0x00, 0x77, 0x77, 0x70,
		0x00, 0x00, 0x00, 0x07, 0x00, 0x77, 0x77, 0x77, 0x70, 0x00, 0x00, 0x07, 0x00, 0x77, 0x77, 0x77,
		0x77, 0x70, 0x00, 0x07, 0x00, 0x77, 0x77, 0x77, 0x77, 0x77, 0x70, 0x07, 0x00, 0x77, 0x77, 0x77,
		0x77, 0x77, 0x77, 0x77, 0x77, 0x77, 0x77, 0x77, 0x77, 0x77, 0x77, 0x77, 0x77, 0x77, 0x77, 0x77,
		0x77, 0x77, 0x77, 0x77, 0x77, 0x77,
	};

	// dmoved_stop_movie.bmp, 246 bytes.
	const unsigned char DATA_IDB_DMOVED_STOP_MOVIE[] =
	{
		0x42, 0x4D, 0xF6, 0x00, 0x00, 0x00, 0x00, 0x00, 0x00, 0x00, 0x76, 0x00, 0x00, 0x00, 0x28, 0x00,
		0x00, 0x00, 0x10, 0x00, 0x00, 0x00, 0x10, 0x00, 0x00, 0x00, 0x01, 0x00, 0x04, 0x00, 0x00, 0x00,
		0x00, 0x00, 0x80, 0x00, 0x00, 0x00, 0x00, 0x00, 0x00, 0x00, 0x00, 0x00, 0x00, 0x00, 0x10, 0x00,
		0x00, 0x00, 0x10, 0x00, 0x00, 0x00, 0x00, 0x00, 0x00, 0x00, 0x00, 0x00, 0x80, 0x00, 0x00, 0x80,
		0x00, 0x00, 0x00, 0x80, 0x80, 0x00, 0x80, 0x00, 0x00, 0x00, 0x80, 0x00, 0x80, 0x00, 0x80, 0x80,
		0x00, 0x00, 0xC0, 0xC0, 0xC0, 0x00, 0x80, 0x80, 0x80, 0x00, 0x00, 0x00, 0xFF, 0x00, 0x00, 0xFF,
		0x00, 0x00, 0x00, 0xFF, 0xFF, 0x00, 0xFF, 0x00, 0x00, 0x00, 0xFF, 0x00, 0xFF, 0x00, 0xFF, 0xFF,
		0x00, 0x00, 0xFF, 0xFF, 0xFF, 0x00, 0x77, 0x77, 0x77, 0x77, 0x77, 0x77, 0x77, 0x77, 0x77, 0x77,
		0x77, 0x77, 0x77, 0x77, 0x77, 0x77, 0x77, 0x77, 0x77, 0x77, 0x77, 0x77, 0x77, 0x77, 0x77, 0x77,
		0x77, 0x77, 0x77, 0x77, 0x77, 0x77, 0x77, 0x77, 0x00, 0x00, 0x00, 0x00, 0x77, 0x77, 0x77, 0x77,
		0x00, 0x00, 0x00, 0x00, 0x77, 0x77, 0x77, 0x77, 0x00, 0x00, 0x00, 0x00, 0x77, 0x77, 0x77, 0x77,
		0x00, 0x00, 0x00, 0x00, 0x77, 0x77, 0x77, 0x77, 0x00, 0x00, 0x00, 0x00, 0x77, 0x77, 0x77, 0x77,
		0x00, 0x00, 0x00, 0x00, 0x77, 0x77, 0x77, 0x77, 0x00, 0x00, 0x00, 0x00, 0x77, 0x77, 0x77, 0x77,
		0x00, 0x00, 0x00, 0x00, 0x77, 0x77, 0x77, 0x77, 0x77, 0x77, 0x77, 0x77, 0x77, 0x77, 0x77, 0x77,
		0x77, 0x77, 0x77, 0x77, 0x77, 0x77, 0x77, 0x77, 0x77, 0x77, 0x77, 0x77, 0x77, 0x77, 0x77, 0x77,
		0x77, 0x77, 0x77, 0x77, 0x77, 0x77,
	};

	// dmoved_play_movie.bmp, 246 bytes.
	const unsigned char DATA_IDB_DMOVED_PLAY_MOVIE[] =
	{
		0x42, 0x4D, 0xF6, 0x00, 0x00, 0x00, 0x00, 0x00, 0x00, 0x00, 0x76, 0x00, 0x00, 0x00, 0x28, 0x00,
		0x00, 0x00, 0x10, 0x00, 0x00, 0x00, 0x10, 0x00, 0x00, 0x00, 0x01, 0x00, 0x04, 0x00, 0x00, 0x00,
		0x00, 0x00, 0x80, 0x00, 0x00, 0x00, 0x00, 0x00, 0x00, 0x00, 0x00, 0x00, 0x00, 0x00, 0x10, 0x00,
		0x00, 0x00, 0x10, 0x00, 0x00, 0x00, 0x00, 0x00, 0x00, 0x00, 0x00, 0x00, 0x80, 0x00, 0x00, 0x80,
		0x00, 0x00, 0x00, 0x80, 0x80, 0x00, 0x80, 0x00, 0x00, 0x00, 0x80, 0x00, 0x80, 0x00, 0x80, 0x80,
		0x00, 0x00, 0xC0, 0xC0, 0xC0, 0x00, 0x80, 0x80, 0x80, 0x00, 0x00, 0x00, 0xFF, 0x00, 0x00, 0xFF,
		0x00, 0x00, 0x00, 0xFF, 0xFF, 0x00, 0xFF, 0x00, 0x00, 0x00, 0xFF, 0x00, 0xFF, 0x00, 0xFF, 0xFF,
		0x00, 0x00, 0xFF, 0xFF, 0xFF, 0x00, 0x77, 0x77, 0x77, 0x77, 0x77, 0x77, 0x77, 0x77, 0x77, 0x77,
		0x77, 0x77, 0x77, 0x77, 0x77, 0x77, 0x77, 0x77, 0x77, 0x77, 0x77, 0x77, 0x77, 0x77, 0x77, 0x77,
		0x77, 0x77, 0x77, 0x77, 0x77, 0x77, 0x77, 0x77, 0x70, 0x07, 0x77, 0x77, 0x77, 0x77, 0x77, 0x77,
		0x70, 0x00, 0x07, 0x77, 0x77, 0x77, 0x77, 0x77, 0x70, 0x00, 0x00, 0x07, 0x77, 0x77, 0x77, 0x77,
		0x70, 0x00, 0x00, 0x00, 0x07, 0x77, 0x77, 0x77, 0x70, 0x00, 0x00, 0x00, 0x00, 0x77, 0x77, 0x77,
		0x70, 0x00, 0x00, 0x00, 0x07, 0x77, 0x77, 0x77, 0x70, 0x00, 0x00, 0x07, 0x77, 0x77, 0x77, 0x77,
		0x70, 0x00, 0x07, 0x77, 0x77, 0x77, 0x77, 0x77, 0x70, 0x07, 0x77, 0x77, 0x77, 0x77, 0x77, 0x77,
		0x77, 0x77, 0x77, 0x77, 0x77, 0x77, 0x77, 0x77, 0x77, 0x77, 0x77, 0x77, 0x77, 0x77, 0x77, 0x77,
		0x77, 0x77, 0x77, 0x77, 0x77, 0x77,
	};

	// dmoved_pause_movie.bmp, 246 bytes.
	const unsigned char DATA_IDB_DMOVED_PAUSE_MOVIE[] =
	{
		0x42, 0x4D, 0xF6, 0x00, 0x00, 0x00, 0x00, 0x00, 0x00, 0x00, 0x76, 0x00, 0x00, 0x00, 0x28, 0x00,
		0x00, 0x00, 0x10, 0x00, 0x00, 0x00, 0x10, 0x00, 0x00, 0x00, 0x01, 0x00, 0x04, 0x00, 0x00, 0x00,
		0x00, 0x00, 0x80, 0x00, 0x00, 0x00, 0x00, 0x00, 0x00, 0x00, 0x00, 0x00, 0x00, 0x00, 0x10, 0x00,
		0x00, 0x00, 0x10, 0x00, 0x00, 0x00, 0x00, 0x00, 0x00, 0x00, 0x00, 0x00, 0x80, 0x00, 0x00, 0x80,
		0x00, 0x00, 0x00, 0x80, 0x80, 0x00, 0x80, 0x00, 0x00, 0x00, 0x80, 0x00, 0x80, 0x00, 0x80, 0x80,
		0x00, 0x00, 0xC0, 0xC0, 0xC0, 0x00, 0x80, 0x80, 0x80, 0x00, 0x00, 0x00, 0xFF, 0x00, 0x00, 0xFF,
		0x00, 0x00, 0x00, 0xFF, 0xFF, 0x00, 0xFF, 0x00, 0x00, 0x00, 0xFF, 0x00, 0xFF, 0x00, 0xFF, 0xFF,
		0x00, 0x00, 0xFF, 0xFF, 0xFF, 0x00, 0x77, 0x77, 0x77, 0x77, 0x77, 0x77, 0x77, 0x77, 0x77, 0x77,
		0x77, 0x77, 0x77, 0x77, 0x77, 0x77, 0x77, 0x77, 0x77, 0x77, 0x77, 0x77, 0x77, 0x77, 0x77, 0x77,
		0x77, 0x77, 0x77, 0x77, 0x77, 0x77, 0x77, 0x77, 0x00, 0x07, 0x70, 0x00, 0x77, 0x77, 0x77, 0x77,
		0x00, 0x07, 0x70, 0x00, 0x77, 0x77, 0x77, 0x77, 0x00, 0x07, 0x70, 0x00, 0x77, 0x77, 0x77, 0x77,
		0x00, 0x07, 0x70, 0x00, 0x77, 0x77, 0x77, 0x77, 0x00, 0x07, 0x70, 0x00, 0x77, 0x77, 0x77, 0x77,
		0x00, 0x07, 0x70, 0x00, 0x77, 0x77, 0x77, 0x77, 0x00, 0x07, 0x70, 0x00, 0x77, 0x77, 0x77, 0x77,
		0x00, 0x07, 0x70, 0x00, 0x77, 0x77, 0x77, 0x77, 0x77, 0x77, 0x77, 0x77, 0x77, 0x77, 0x77, 0x77,
		0x77, 0x77, 0x77, 0x77, 0x77, 0x77, 0x77, 0x77, 0x77, 0x77, 0x77, 0x77, 0x77, 0x77, 0x77, 0x77,
		0x77, 0x77, 0x77, 0x77, 0x77, 0x77,
	};

	// dmoved_add_seq.bmp, 246 bytes.
	const unsigned char DATA_IDB_DMOVED_ADD_SEQ[] =
	{
		0x42, 0x4D, 0xF6, 0x00, 0x00, 0x00, 0x00, 0x00, 0x00, 0x00, 0x76, 0x00, 0x00, 0x00, 0x28, 0x00,
		0x00, 0x00, 0x10, 0x00, 0x00, 0x00, 0x10, 0x00, 0x00, 0x00, 0x01, 0x00, 0x04, 0x00, 0x00, 0x00,
		0x00, 0x00, 0x80, 0x00, 0x00, 0x00, 0x00, 0x00, 0x00, 0x00, 0x00, 0x00, 0x00, 0x00, 0x10, 0x00,
		0x00, 0x00, 0x10, 0x00, 0x00, 0x00, 0x00, 0x00, 0x00, 0x00, 0x00, 0x00, 0x80, 0x00, 0x00, 0x80,
		0x00, 0x00, 0x00, 0x80, 0x80, 0x00, 0x80, 0x00, 0x00, 0x00, 0x80, 0x00, 0x80, 0x00, 0x80, 0x80,
		0x00, 0x00, 0xC0, 0xC0, 0xC0, 0x00, 0x80, 0x80, 0x80, 0x00, 0x00, 0x00, 0xFF, 0x00, 0x00, 0xFF,
		0x00, 0x00, 0x00, 0xFF, 0xFF, 0x00, 0xFF, 0x00, 0x00, 0x00, 0xFF, 0x00, 0xFF, 0x00, 0xFF, 0xFF,
		0x00, 0x00, 0xFF, 0xFF, 0xFF, 0x00, 0x77, 0x77, 0x77, 0x77, 0x77, 0x77, 0x77, 0x77, 0x77, 0x77,
		0x77, 0x77, 0x77, 0x77, 0x77, 0x77, 0x77, 0x77, 0x77, 0x77, 0x77, 0x77, 0x77, 0x77, 0x77, 0x77,
		0x77, 0x00, 0x00, 0x77, 0x77, 0x77, 0x77, 0x77, 0x77, 0x00, 0x00, 0x77, 0x77, 0x77, 0x77, 0x77,
		0x77, 0x00, 0x00, 0x77, 0x77, 0x77, 0x77, 0x70, 0x00, 0x00, 0x00, 0x00, 0x07, 0x77, 0x77, 0x70,
		0x00, 0x00, 0x00, 0x00, 0x07, 0x77, 0x77, 0x70, 0x00, 0x00, 0x00, 0x00, 0x07, 0x77, 0x77, 0x70,
		0x00, 0x00, 0x00, 0x00, 0x07, 0x77, 0x77, 0x77, 0x77, 0x00, 0x00, 0x77, 0x77, 0x77, 0x77, 0x77,
		0x77, 0x00, 0x00, 0x77, 0x77, 0x77, 0x77, 0x77, 0x77, 0x00, 0x00, 0x77, 0x77, 0x77, 0x77, 0x77,
		0x77, 0x77, 0x77, 0x77, 0x77, 0x77, 0x77, 0x77, 0x77, 0x77, 0x77, 0x77, 0x77, 0x77, 0x77, 0x77,
		0x77, 0x77, 0x77, 0x77, 0x77, 0x77,
	};

	// dmoved_del_seq.bmp, 246 bytes.
	const unsigned char DATA_IDB_DMOVED_DEL_SEQ[] =
	{
		0x42, 0x4D, 0xF6, 0x00, 0x00, 0x00, 0x00, 0x00, 0x00, 0x00, 0x76, 0x00, 0x00, 0x00, 0x28, 0x00,
		0x00, 0x00, 0x10, 0x00, 0x00, 0x00, 0x10, 0x00, 0x00, 0x00, 0x01, 0x00, 0x04, 0x00, 0x00, 0x00,
		0x00, 0x00, 0x80, 0x00, 0x00, 0x00, 0x00, 0x00, 0x00, 0x00, 0x00, 0x00, 0x00, 0x00, 0x10, 0x00,
		0x00, 0x00, 0x10, 0x00, 0x00, 0x00, 0x00, 0x00, 0x00, 0x00, 0x00, 0x00, 0x80, 0x00, 0x00, 0x80,
		0x00, 0x00, 0x00, 0x80, 0x80, 0x00, 0x80, 0x00, 0x00, 0x00, 0x80, 0x00, 0x80, 0x00, 0x80, 0x80,
		0x00, 0x00, 0xC0, 0xC0, 0xC0, 0x00, 0x80, 0x80, 0x80, 0x00, 0x00, 0x00, 0xFF, 0x00, 0x00, 0xFF,
		0x00, 0x00, 0x00, 0xFF, 0xFF, 0x00, 0xFF, 0x00, 0x00, 0x00, 0xFF, 0x00, 0xFF, 0x00, 0xFF, 0xFF,
		0x00, 0x00, 0xFF, 0xFF, 0xFF, 0x00, 0x77, 0x77, 0x77, 0x77, 0x77, 0x77, 0x77, 0x77, 0x77, 0x77,
		0x77, 0x77, 0x77, 0x77, 0x77, 0x77, 0x77, 0x77, 0x77, 0x77, 0x77, 0x77, 0x77, 0x77, 0x77, 0x77,
		0x77, 0x77, 0x77, 0x77, 0x77, 0x77, 0x77, 0x77, 0x77, 0x77, 0x77, 0x77, 0x77, 0x77, 0x77, 0x77,
		0x77, 0x77, 0x77, 0x77, 0x77, 0x77, 0x77, 0x70, 0x00, 0x00, 0x00, 0x00, 0x07, 0x77, 0x77, 0x70,
		0x00, 0x00, 0x00, 0x00, 0x07, 0x77, 0x77, 0x70, 0x00, 0x00, 0x00, 0x00, 0x07, 0x77, 0x77, 0x70,
		0x00, 0x00, 0x00, 0x00, 0x07, 0x77, 0x77, 0x77, 0x77, 0x77, 0x77, 0x77, 0x77, 0x77, 0x77, 0x77,
		0x77, 0x77, 0x77, 0x77, 0x77, 0x77, 0x77, 0x77, 0x77, 0x77, 0x77, 0x77, 0x77, 0x77, 0x77, 0x77,
		0x77, 0x77, 0x77, 0x77, 0x77, 0x77, 0x77, 0x77, 0x77, 0x77, 0x77, 0x77, 0x77, 0x77, 0x77, 0x77,
		0x77, 0x77, 0x77, 0x77, 0x77, 0x77,
	};

	// dmoved_settings.bmp, 246 bytes.
	const unsigned char DATA_IDB_DMOVED_SETTINGS[] =
	{
		0x42, 0x4D, 0xF6, 0x00, 0x00, 0x00, 0x00, 0x00, 0x00, 0x00, 0x76, 0x00, 0x00, 0x00, 0x28, 0x00,
		0x00, 0x00, 0x10, 0x00, 0x00, 0x00, 0x10, 0x00, 0x00, 0x00, 0x01, 0x00, 0x04, 0x00, 0x00, 0x00,
		0x00, 0x00, 0x80, 0x00, 0x00, 0x00, 0x00, 0x00, 0x00, 0x00, 0x00, 0x00, 0x00, 0x00, 0x00, 0x00,
		0x00, 0x00, 0x00, 0x00, 0x00, 0x00, 0x00, 0x00, 0x00, 0x00, 0x00, 0x00, 0x80, 0x00, 0x00, 0x80,
		0x00, 0x00, 0x00, 0x80, 0x80, 0x00, 0x80, 0x00, 0x00, 0x00, 0x80, 0x00, 0x80, 0x00, 0x80, 0x80,
		0x00, 0x00, 0xC0, 0xC0, 0xC0, 0x00, 0x80, 0x80, 0x80, 0x00, 0x00, 0x00, 0xFF, 0x00, 0x00, 0xFF,
		0x00, 0x00, 0x00, 0xFF, 0xFF, 0x00, 0xFF, 0x00, 0x00, 0x00, 0xFF, 0x00, 0xFF, 0x00, 0xFF, 0xFF,
		0x00, 0x00, 0xFF, 0xFF, 0xFF, 0x00, 0x77, 0x77, 0x77, 0x77, 0x77, 0x77, 0x77, 0x77, 0x70, 0x07,
		0x77, 0x77, 0x77, 0x00, 0x77, 0x77, 0x70, 0x10, 0x77, 0x77, 0x70, 0x70, 0x77, 0x77, 0x77, 0x01,
		0x07, 0x77, 0x07, 0x07, 0x77, 0x77, 0x77, 0x70, 0x10, 0x70, 0x70, 0x77, 0x77, 0x77, 0x77, 0x77,
		0x01, 0x07, 0x07, 0x77, 0x77, 0x77, 0x77, 0x77, 0x70, 0x70, 0x77, 0x77, 0x77, 0x77, 0x77, 0x77,
		0x07, 0x01, 0x07, 0x77, 0x70, 0x77, 0x00, 0x00, 0x70, 0x70, 0x10, 0x77, 0x03, 0x07, 0x00, 0x00,
		0x07, 0x77, 0x01, 0x00, 0x03, 0x30, 0x07, 0x70, 0x07, 0x77, 0x70, 0x03, 0x30, 0x07, 0x77, 0x70,
		0x07, 0x77, 0x70, 0x33, 0x30, 0x77, 0x77, 0x00, 0x07, 0x77, 0x00, 0x33, 0x30, 0x77, 0x77, 0x77,
		0x77, 0x00, 0x33, 0x00, 0x07, 0x77, 0x77, 0x77, 0x77, 0x70, 0x00, 0x07, 0x77, 0x77, 0x77, 0x77,
		0x77, 0x77, 0x77, 0x77, 0x77, 0x77,
	};

	// dmoved_resize.bmp, 246 bytes.
	const unsigned char DATA_IDB_DMOVED_CHECK_RESIZE_WND[] =
	{
		0x42, 0x4D, 0xF6, 0x00, 0x00, 0x00, 0x00, 0x00, 0x00, 0x00, 0x76, 0x00, 0x00, 0x00, 0x28, 0x00,
		0x00, 0x00, 0x10, 0x00, 0x00, 0x00, 0x10, 0x00, 0x00, 0x00, 0x01, 0x00, 0x04, 0x00, 0x00, 0x00,
		0x00, 0x00, 0x80, 0x00, 0x00, 0x00, 0x00, 0x00, 0x00, 0x00, 0x00, 0x00, 0x00, 0x00, 0x10, 0x00,
		0x00, 0x00, 0x10, 0x00, 0x00, 0x00, 0x00, 0x00, 0x00, 0x00, 0x00, 0x00, 0x80, 0x00, 0x00, 0x80,
		0x00, 0x00, 0x00, 0x80, 0x80, 0x00, 0x80, 0x00, 0x00, 0x00, 0x80, 0x00, 0x80, 0x00, 0x80, 0x80,
		0x00, 0x00, 0xC0, 0xC0, 0xC0, 0x00, 0x80, 0x80, 0x80, 0x00, 0x00, 0x00, 0xFF, 0x00, 0x00, 0xFF,
		0x00, 0x00, 0x00, 0xFF, 0xFF, 0x00, 0xFF, 0x00, 0x00, 0x00, 0xFF, 0x00, 0xFF, 0x00, 0xFF, 0xFF,
		0x00, 0x00, 0xFF, 0xFF, 0xFF, 0x00, 0x77, 0x77, 0x77, 0x77, 0x77, 0x77, 0x77, 0x77, 0x77, 0x77,
		0x77, 0x77, 0x77, 0x77, 0x77, 0x77, 0x70, 0x00, 0x00, 0x00, 0x00, 0x00, 0x00, 0x00, 0x70, 0xF0,
		0xF0, 0xF0, 0xF0, 0xF0, 0xF0, 0xF0, 0x70, 0x00, 0x00, 0x00, 0x00, 0x00, 0x00, 0x00, 0x70, 0xAA,
		0xAA, 0xAA, 0xAA, 0xAA, 0xAA, 0xA0, 0x70, 0xAA, 0xAA, 0xAA, 0xAA, 0xAA, 0xAA, 0xA0, 0x70, 0xAA,
		0xAA, 0xAA, 0xAA, 0xAA, 0xAA, 0xA0, 0x70, 0xAA, 0xAA, 0xAA, 0xAA, 0xAA, 0xAA, 0xA0, 0x70, 0xAA,
		0xAA, 0xAA, 0xAA, 0xAA, 0xAA, 0xA0, 0x70, 0xAA, 0xAA, 0xAA, 0xAA, 0xAA, 0xAA, 0xA0, 0x70, 0x00,
		0x00, 0x00, 0x00, 0x00, 0x00, 0x00, 0x70, 0xF0, 0xF0, 0xF0, 0xF0, 0xF0, 0xF0, 0xF0, 0x70, 0x00,
		0x00, 0x00, 0x00, 0x00, 0x00, 0x00, 0x77, 0x77, 0x77, 0x77, 0x77, 0x77, 0x77, 0x77, 0x77, 0x77,
		0x77, 0x77, 0x77, 0x77, 0x77, 0x77,
	};

	// toolbar_model.bmp, 1398 bytes.
	const unsigned char DATA_IDT_MODEL[] =
	{
		0x42, 0x4D, 0x76, 0x05, 0x00, 0x00, 0x00, 0x00, 0x00, 0x00, 0x76, 0x00, 0x00, 0x00, 0x28, 0x00,
		0x00, 0x00, 0xA0, 0x00, 0x00, 0x00, 0x10, 0x00, 0x00, 0x00, 0x01, 0x00, 0x04, 0x00, 0x00, 0x00,
		0x00, 0x00, 0x00, 0x05, 0x00, 0x00, 0x00, 0x00, 0x00, 0x00, 0x00, 0x00, 0x00, 0x00, 0x10, 0x00,
		0x00, 0x00, 0x10, 0x00, 0x00, 0x00, 0x00, 0x00, 0x00, 0x00, 0x00, 0x00, 0x80, 0x00, 0x00, 0x80,
		0x00, 0x00, 0x00, 0x80, 0x80, 0x00, 0x80, 0x00, 0x00, 0x00, 0x80, 0x00, 0x80, 0x00, 0x80, 0x80,
		0x00, 0x00, 0xC0, 0xC0, 0xC0, 0x00, 0x80, 0x80, 0x80, 0x00, 0x00, 0x00, 0xFF, 0x00, 0x00, 0xFF,
		0x00, 0x00, 0x00, 0xFF, 0xFF, 0x00, 0xFF, 0x00, 0x00, 0x00, 0xFF, 0x00, 0xFF, 0x00, 0xFF, 0xFF,
		0x00, 0x00, 0xFF, 0xFF, 0xFF, 0x00, 0x77, 0x77, 0x77, 0x77, 0x77, 0x77, 0x77, 0x77, 0x77, 0x77,
		0x77, 0x80, 0x08, 0x77, 0x77, 0x77, 0x77, 0x77, 0x77, 0x77, 0x77, 0x77, 0x77, 0x77, 0x77, 0x77,
		0x77, 0x77, 0x77, 0x77, 0x77, 0x77, 0x77, 0x77, 0x77, 0x77, 0x77, 0x77, 0x77, 0x77, 0x00, 0x00,
		0x00, 0x00, 0x00, 0x00, 0x00, 0x77, 0x77, 0x77, 0x77, 0x77, 0x77, 0x77, 0x77, 0x77, 0x77, 0x77,
		0x77, 0x77, 0x77, 0x77, 0x77, 0x77, 0x77, 0x77, 0x77, 0x77, 0x77, 0x77, 0x77, 0x77, 0x77, 0x77,
		0x77, 0x77, 0x77, 0x77, 0x77, 0x77, 0x77, 0x77, 0x77, 0x77, 0x44, 0x44, 0x07, 0x77, 0x77, 0x77,
		0x78, 0x0F, 0xF0, 0x87, 0x77, 0x77, 0x7B, 0xBB, 0xBB, 0xBB, 0xB0, 0x77, 0x77, 0x77, 0x77, 0x77,
		0x77, 0x77, 0x77, 0x77, 0x77, 0x77, 0x77, 0x77, 0x77, 0x00, 0x00, 0x88, 0x87, 0x77, 0x08, 0x88,
		0x88, 0x88, 0x88, 0x88, 0x80, 0x77, 0x77, 0x77, 0x77, 0x00, 0x07, 0x77, 0x77, 0x77, 0x77, 0x77,
		0x77, 0x00, 0x07, 0x77, 0x77, 0x77, 0x77, 0x77, 0x77, 0x77, 0x77, 0x77, 0x77, 0x77, 0x77, 0x77,
		0x77, 0x77, 0x77, 0x77, 0x77, 0x77, 0x77, 0x47, 0x77, 0x44, 0x77, 0x77, 0x40, 0x77, 0x77, 0x77,
		0x80, 0x8F, 0xF8, 0x08, 0x77, 0x77, 0x7B, 0x08, 0x77, 0x77, 0xB0, 0x77, 0x77, 0x77, 0x77, 0x77,
		0x77, 0x77, 0x77, 0x77, 0x77, 0x77, 0x77, 0x77, 0x77, 0x00, 0x00, 0x88, 0x88, 0x87, 0x70, 0x88,
		0x88, 0x88, 0x88, 0x88, 0x88, 0x07, 0x77, 0x77, 0x77, 0x08, 0x07, 0x77, 0x77, 0x77, 0x77, 0x77,
		0x77, 0x08, 0x07, 0x77, 0x77, 0x77, 0x77, 0x77, 0x77, 0x77, 0x77, 0x77, 0x77, 0x77, 0x77, 0x77,
		0x77, 0x78, 0x88, 0x87, 0x77, 0x77, 0x77, 0x44, 0x74, 0x77, 0x77, 0x77, 0x74, 0x77, 0x77, 0x78,
		0x0F, 0x08, 0x80, 0xF0, 0x87, 0x77, 0x7B, 0x08, 0x77, 0x77, 0xB0, 0x77, 0x77, 0x77, 0x79, 0x99,
		0x99, 0x99, 0x99, 0x99, 0x77, 0x77, 0x77, 0x77, 0x77, 0x70, 0x08, 0x88, 0x88, 0x88, 0x70, 0x88,
		0x88, 0x81, 0x18, 0x88, 0x88, 0x07, 0x77, 0x77, 0x77, 0x08, 0x07, 0x77, 0x77, 0x77, 0x77, 0x77,
		0x77, 0x08, 0x07, 0x77, 0x77, 0x77, 0x77, 0x77, 0x77, 0x77, 0x77, 0x77, 0x77, 0x77, 0x77, 0x77,
		0x77, 0x00, 0x00, 0x87, 0x77, 0x77, 0x77, 0x44, 0x47, 0x77, 0x77, 0x77, 0x74, 0x77, 0x77, 0x80,
		0xFF, 0xF0, 0x0F, 0xFF, 0x08, 0x77, 0x7B, 0x08, 0xBB, 0xBB, 0xBB, 0xBB, 0x07, 0x77, 0x79, 0x77,
		0x77, 0x77, 0x77, 0x79, 0x97, 0x77, 0x77, 0x77, 0x77, 0x70, 0x07, 0x88, 0x88, 0x88, 0x77, 0x08,
		0x88, 0x19, 0x91, 0x88, 0x88, 0x80, 0x77, 0x70, 0x00, 0x00, 0x00, 0x00, 0x77, 0x00, 0x77, 0x70,
		0x00, 0x00, 0x00, 0x00, 0x77, 0x00, 0x77, 0x77, 0x77, 0x77, 0x77, 0x77, 0x77, 0x77, 0x77, 0x77,
		0x77, 0x02, 0x20, 0x87, 0x77, 0x77, 0x77, 0x44, 0x44, 0x77, 0x77, 0x77, 0x74, 0x77, 0x78, 0x08,
		0xFF, 0x80, 0x08, 0xFF, 0x80, 0x87, 0x7B, 0x08, 0xB0, 0x87, 0x77, 0x7B, 0x07, 0x77, 0x79, 0x77,
		0x77, 0x77, 0x77, 0x79, 0x99, 0x77, 0x77, 0x77, 0x77, 0x70, 0x07, 0x77, 0x77, 0x77, 0x77, 0x00,
		0x01, 0x99, 0x99, 0x10, 0x00, 0x00, 0x77, 0x00, 0x00, 0x00, 0x00, 0x00, 0x00, 0x00, 0x77, 0x00,
		0x00, 0x00, 0x00, 0x00, 0x00, 0x00, 0x77, 0x77, 0x88, 0x88, 0x88, 0x88, 0x88, 0x77, 0x77, 0x77,
		0x88, 0x02, 0x20, 0x88, 0x88, 0x77, 0x77, 0x44, 0x44, 0x47, 0x77, 0x77, 0x40, 0x77, 0x80, 0xF0,
		0x88, 0x0F, 0xF0, 0x88, 0x0F, 0x08, 0x7B, 0x08, 0xB0, 0x87, 0x77, 0x7B, 0x07, 0x77, 0x79, 0x77,
		0x77, 0x77, 0x77, 0x79, 0x79, 0x97, 0x77, 0x77, 0x77, 0x70, 0x07, 0x77, 0x77, 0x77, 0x77, 0x77,
		0x19, 0x99, 0x99, 0x91, 0x77, 0x77, 0x77, 0x08, 0x99, 0x99, 0x99, 0x98, 0x08, 0x70, 0x77, 0x08,
		0xAA, 0xAA, 0xAA, 0xA8, 0x08, 0x70, 0x77, 0x70, 0x00, 0x00, 0x00, 0x00, 0x08, 0x77, 0x77, 0x70,
		0x00, 0x02, 0x20, 0x00, 0x08, 0x77, 0x77, 0x77, 0x77, 0x77, 0x77, 0x70, 0x47, 0x77, 0x0F, 0xFF,
		0x00, 0xFF, 0xFF, 0x00, 0xFF, 0xF0, 0x7B, 0x08, 0xB0, 0x8B, 0xBB, 0xBB, 0xBB, 0x07, 0x79, 0x77,
		0x77, 0x77, 0x77, 0x79, 0x77, 0x97, 0x77, 0x77, 0x77, 0x70, 0x07, 0x77, 0x77, 0x77, 0x77, 0x71,
		0x99, 0x99, 0x99, 0x99, 0x17, 0x77, 0x77, 0x08, 0x99, 0x99, 0x99, 0x98, 0x08, 0x70, 0x77, 0x08,
		0xAA, 0xAA, 0xAA, 0xA8, 0x08, 0x70, 0x77, 0x70, 0x11, 0x11, 0x11, 0x11, 0x08, 0x77, 0x77, 0x70,
		0x22, 0x22, 0x22, 0x22, 0x08, 0x77, 0x77, 0x74, 0x07, 0x77, 0x77, 0x77, 0x77, 0x77, 0x0F, 0xF8,
		0x00, 0x8F, 0xF8, 0x00, 0x8F, 0xF0, 0x7B, 0x08, 0xB0, 0x8B, 0x08, 0x77, 0x7B, 0x07, 0x79, 0x77,
		0x77, 0x77, 0x77, 0x79, 0x77, 0x97, 0x77, 0x77, 0x77, 0x70, 0x00, 0x00, 0x77, 0x77, 0x77, 0x71,
		0x11, 0x99, 0x99, 0x11, 0x17, 0x77, 0x77, 0x07, 0x78, 0x78, 0x78, 0x78, 0x87, 0x70, 0x77, 0x07,
		0x78, 0x78, 0x78, 0x78, 0x87, 0x70, 0x77, 0x70, 0x11, 0x11, 0x11, 0x11, 0x08, 0x77, 0x77, 0x70,
		0x22, 0x22, 0x22, 0x22, 0x08, 0x77, 0x77, 0x04, 0x77, 0x77, 0x74, 0x44, 0x44, 0x77, 0x70, 0x80,
		0xFF, 0x08, 0x80, 0xFF, 0x08, 0x07, 0x7B, 0x08, 0xB0, 0x8B, 0x08, 0x77, 0x7B, 0x07, 0x79, 0x99,
		0x99, 0x99, 0x99, 0x99, 0x77, 0x97, 0x77, 0x70, 0x00, 0x00, 0x77, 0x07, 0x70, 0x07, 0x77, 0x77,
		0x71, 0x99, 0x99, 0x17, 0x77, 0x77, 0x77, 0x00, 0x07, 0x77, 0x00, 0x07, 0x80, 0x00, 0x77, 0x00,
		0x07, 0x77, 0x00, 0x07, 0x80, 0x00, 0x77, 0x70, 0x00, 0x00, 0x00, 0x00, 0x07, 0x77, 0x77, 0x70,
		0x00, 0x02, 0x20, 0x00, 0x07, 0x77, 0x77, 0x47, 0x77, 0x77, 0x77, 0x44, 0x44, 0x77, 0x77, 0x0F,
		0xFF, 0xF0, 0x0F, 0xFF, 0xF0, 0x77, 0x7B, 0xBB, 0xB0, 0x8B, 0x08, 0x77, 0x7B, 0x07, 0x77, 0x99,
		0x77, 0x77, 0x77, 0x79, 0x97, 0x97, 0x77, 0x77, 0x70, 0x00, 0x77, 0x70, 0x00, 0x77, 0x77, 0x77,
		0x71, 0x99, 0x99, 0x17, 0x77, 0x77, 0x70, 0x7B, 0x70, 0x70, 0x70, 0x70, 0x07, 0x70, 0x70, 0x7B,
		0x70, 0x70, 0x70, 0x70, 0x07, 0x70, 0x77, 0x77, 0x77, 0x77, 0x77, 0x77, 0x77, 0x77, 0x77, 0x77,
		0x77, 0x02, 0x20, 0x87, 0x77, 0x77, 0x77, 0x47, 0x77, 0x77, 0x77, 0x74, 0x44, 0x77, 0x77, 0x70,
		0xFF, 0x80, 0x08, 0xFF, 0x07, 0x77, 0x77, 0x77, 0xB0, 0x8B, 0x08, 0x77, 0x7B, 0x07, 0x77, 0x79,
		0x97, 0x77, 0x77, 0x77, 0x99, 0x97, 0x77, 0x70, 0x00, 0x00, 0x00, 0x77, 0x07, 0x07, 0x77, 0x77,
		0x71, 0x99, 0x99, 0x17, 0x77, 0x77, 0x87, 0x80, 0x87, 0x07, 0x11, 0x17, 0x07, 0x77, 0x87, 0x80,
		0x87, 0x07, 0x22, 0x27, 0x07, 0x77, 0x77, 0x77, 0x77, 0x77, 0x77, 0x77, 0x77, 0x77, 0x77, 0x77,
		0x77, 0x02, 0x20, 0x87, 0x77, 0x77, 0x77, 0x47, 0x77, 0x77, 0x77, 0x47, 0x44, 0x77, 0x77, 0x77,
		0x08, 0x0F, 0xF0, 0x80, 0x77, 0x77, 0x77, 0x77, 0xB0, 0x8B, 0x08, 0x77, 0x7B, 0x07, 0x77, 0x77,
		0x99, 0x99, 0x99, 0x99, 0x99, 0x97, 0x77, 0x00, 0x00, 0x77, 0x07, 0x77, 0x07, 0x77, 0x77, 0x77,
		0x71, 0x99, 0x99, 0x17, 0x77, 0x77, 0x00, 0x11, 0x00, 0x00, 0x11, 0x10, 0x07, 0x77, 0x00, 0x22,
		0x00, 0x00, 0x22, 0x20, 0x07, 0x77, 0x77, 0x77, 0x77, 0x77, 0x77, 0x77, 0x77, 0x77, 0x77, 0x77,
		0x77, 0x00, 0x00, 0x77, 0x77, 0x77, 0x77, 0x04, 0x77, 0x77, 0x44, 0x77, 0x74, 0x77, 0x77, 0x77,
		0x70, 0xFF, 0xFF, 0x07, 0x77, 0x77, 0x77, 0x77, 0xBB, 0xBB, 0x08, 0x77, 0x7B, 0x07, 0x77, 0x77,
		0x77, 0x77, 0x77, 0x77, 0x77, 0x77, 0x70, 0x77, 0x00, 0x70, 0x70, 0x77, 0x07, 0x77, 0x77, 0x77,
		0x71, 0x11, 0x11, 0x17, 0x77, 0x77, 0x80, 0x11, 0x07, 0x00, 0x01, 0x17, 0x07, 0x77, 0x80, 0x22,
		0x07, 0x00, 0x02, 0x27, 0x07, 0x77, 0x77, 0x77, 0x77, 0x77, 0x77, 0x77, 0x77, 0x77, 0x77, 0x77,
		0x77, 0x77, 0x77, 0x77, 0x77, 0x77, 0x77, 0x70, 0x44, 0x44, 0x77, 0x77, 0x77, 0x77, 0x77, 0x77,
		0x77, 0x0F, 0xF0, 0x77, 0x77, 0x77, 0x77, 0x77, 0x77, 0x7B, 0x08, 0x77, 0x7B, 0x07, 0x77, 0x77,
		0x77, 0x77, 0x77, 0x77, 0x77, 0x77, 0x70, 0x77, 0x07, 0x70, 0x77, 0x77, 0x07, 0x77, 0x77, 0x77,
		0x77, 0x77, 0x77, 0x77, 0x77, 0x77, 0x70, 0x00, 0x70, 0x00, 0x00, 0x70, 0x77, 0x77, 0x70, 0x00,
		0x70, 0x00, 0x00, 0x70, 0x77, 0x77, 0x77, 0x77, 0x77, 0x77, 0x77, 0x77, 0x77, 0x77, 0x77, 0x77,
		0x77, 0x77, 0x77, 0x77, 0x77, 0x77, 0x77, 0x77, 0x77, 0x77, 0x77, 0x77, 0x77, 0x77, 0x77, 0x77,
		0x77, 0x70, 0x07, 0x77, 0x77, 0x77, 0x77, 0x77, 0x77, 0x7B, 0xBB, 0xBB, 0xBB, 0x07, 0x77, 0x77,
		0x77, 0x77, 0x77, 0x77, 0x77, 0x77, 0x77, 0x77, 0x07, 0x77, 0x07, 0x77, 0x77, 0x77, 0x77, 0x77,
		0x77, 0x77, 0x77, 0x77, 0x77, 0x77, 0x77, 0x80, 0x87, 0x77, 0x80, 0x87, 0x77, 0x77, 0x77, 0x80,
		0x87, 0x77, 0x80, 0x87, 0x77, 0x77, 0x77, 0x77, 0x77, 0x77, 0x77, 0x77, 0x77, 0x77, 0x77, 0x77,
		0x77, 0x77, 0x77, 0x77, 0x77, 0x77,
	};

	// toolbar_mapinfo_tools.bmp, 1270 bytes.
	const unsigned char DATA_IDT_MAPINFO_TOOLS[] =
	{
		0x42, 0x4D, 0xF6, 0x04, 0x00, 0x00, 0x00, 0x00, 0x00, 0x00, 0x76, 0x00, 0x00, 0x00, 0x28, 0x00,
		0x00, 0x00, 0x90, 0x00, 0x00, 0x00, 0x10, 0x00, 0x00, 0x00, 0x01, 0x00, 0x04, 0x00, 0x00, 0x00,
		0x00, 0x00, 0x80, 0x04, 0x00, 0x00, 0x00, 0x00, 0x00, 0x00, 0x00, 0x00, 0x00, 0x00, 0x10, 0x00,
		0x00, 0x00, 0x10, 0x00, 0x00, 0x00, 0x00, 0x00, 0x00, 0x00, 0x00, 0x00, 0x80, 0x00, 0x00, 0x80,
		0x00, 0x00, 0x00, 0x80, 0x80, 0x00, 0x80, 0x00, 0x00, 0x00, 0x80, 0x00, 0x80, 0x00, 0x80, 0x80,
		0x00, 0x00, 0xC0, 0xC0, 0xC0, 0x00, 0x80, 0x80, 0x80, 0x00, 0x00, 0x00, 0xFF, 0x00, 0x00, 0xFF,
		0x00, 0x00, 0x00, 0xFF, 0xFF, 0x00, 0xFF, 0x00, 0x00, 0x00, 0xFF, 0x00, 0xFF, 0x00, 0xFF, 0xFF,
		0x00, 0x00, 0xFF, 0xFF, 0xFF, 0x00, 0x77, 0x77, 0x77, 0x77, 0x77, 0x77, 0x77, 0x77, 0x77, 0x77,
		0x77, 0x77, 0x77, 0x77, 0x77, 0x77, 0x77, 0x77, 0x77, 0x77, 0x77, 0x77, 0x77, 0x77, 0x77, 0x77,
		0x77, 0x77, 0x77, 0x77, 0x77, 0x77, 0x77, 0x77, 0x77, 0x77, 0x77, 0x77, 0x77, 0x77, 0x79, 0x99,
		0x99, 0x99, 0x99, 0x99, 0x97, 0x77, 0x77, 0x72, 0x22, 0x22, 0x27, 0x77, 0x77, 0x77, 0x77, 0x77,
		0x77, 0x77, 0x77, 0x77, 0x77, 0x77, 0x77, 0x77, 0x77, 0x77, 0x77, 0x77, 0x77, 0x77, 0x77, 0x77,
		0x77, 0x77, 0x77, 0x77, 0x77, 0x77, 0x78, 0x07, 0x77, 0x7A, 0x77, 0x77, 0x77, 0x77, 0x77, 0x70,
		0x77, 0x77, 0x77, 0x77, 0x07, 0x77, 0x77, 0x77, 0x77, 0x77, 0x77, 0x77, 0x77, 0x77, 0x77, 0x77,
		0x77, 0x77, 0x77, 0x77, 0x77, 0x77, 0x79, 0xAB, 0xAB, 0xAB, 0xAB, 0xAB, 0x99, 0x77, 0x77, 0x72,
		0xA2, 0x2A, 0x27, 0x77, 0x77, 0x77, 0x77, 0x70, 0x77, 0x77, 0x07, 0x77, 0x70, 0x77, 0x77, 0x77,
		0x77, 0x77, 0x00, 0x00, 0x47, 0x77, 0x77, 0x00, 0x00, 0x00, 0x07, 0x77, 0x77, 0x77, 0x78, 0x07,
		0x77, 0x7A, 0x77, 0x77, 0x77, 0x77, 0x77, 0x70, 0x77, 0x77, 0x77, 0x77, 0x07, 0x77, 0x77, 0x00,
		0x00, 0x00, 0x00, 0x00, 0x77, 0x77, 0x77, 0x77, 0x77, 0x77, 0x77, 0x77, 0x77, 0x77, 0x79, 0x00,
		0x00, 0x00, 0x00, 0x00, 0x90, 0x97, 0x77, 0x72, 0x22, 0x22, 0x27, 0x77, 0x77, 0x77, 0x70, 0x0A,
		0x00, 0x00, 0xA0, 0x00, 0x0A, 0x07, 0x77, 0x77, 0x77, 0x00, 0x77, 0x7F, 0x84, 0x77, 0x70, 0x07,
		0x77, 0x77, 0x00, 0x77, 0x70, 0x07, 0x78, 0x0A, 0x77, 0x7A, 0x70, 0x07, 0xA7, 0x77, 0x70, 0x00,
		0x00, 0x00, 0x00, 0x00, 0x00, 0x07, 0x77, 0x07, 0x77, 0x07, 0x77, 0x77, 0x77, 0x77, 0x77, 0x77,
		0x77, 0x77, 0x99, 0x99, 0x99, 0x77, 0x79, 0x07, 0x07, 0x07, 0x07, 0x07, 0x97, 0x09, 0x22, 0x22,
		0x22, 0x22, 0x22, 0x22, 0x77, 0x77, 0x77, 0x70, 0x77, 0x77, 0x07, 0x77, 0x70, 0x77, 0x77, 0x77,
		0x70, 0x87, 0x77, 0x77, 0xF8, 0x07, 0x70, 0x77, 0x77, 0x77, 0x70, 0x70, 0x07, 0x77, 0x78, 0x80,
		0xA7, 0x77, 0x08, 0x8A, 0x77, 0x77, 0x77, 0x70, 0xFF, 0xFF, 0xFF, 0xFF, 0x0F, 0xF7, 0x77, 0x07,
		0x07, 0x07, 0x77, 0x77, 0x77, 0x77, 0x77, 0x77, 0x87, 0x79, 0x97, 0x77, 0x79, 0x97, 0x79, 0x08,
		0x08, 0x08, 0x08, 0x08, 0x98, 0x09, 0x2A, 0x22, 0xA2, 0x2A, 0x22, 0xA2, 0x77, 0x77, 0x77, 0x70,
		0x77, 0x77, 0x07, 0x77, 0x70, 0x77, 0x77, 0x77, 0x70, 0x77, 0x77, 0x77, 0x7F, 0x07, 0x70, 0x70,
		0x77, 0x70, 0x70, 0x07, 0x77, 0x77, 0x77, 0x80, 0x88, 0x88, 0x07, 0x78, 0x07, 0x77, 0x77, 0x70,
		0xF8, 0x88, 0x88, 0x88, 0x08, 0xF7, 0x77, 0x07, 0x77, 0x07, 0x77, 0x77, 0x77, 0x77, 0x77, 0x78,
		0x07, 0x99, 0x77, 0x77, 0x77, 0x99, 0x79, 0x00, 0x00, 0x00, 0x00, 0x00, 0x90, 0x09, 0x22, 0x22,
		0x22, 0x22, 0x22, 0x22, 0x77, 0x77, 0x77, 0x70, 0x77, 0x77, 0x07, 0x77, 0x70, 0x77, 0x00, 0x08,
		0x07, 0x77, 0x44, 0x47, 0x77, 0x70, 0x70, 0x77, 0x77, 0x77, 0x70, 0x07, 0x77, 0x77, 0x77, 0x78,
		0x08, 0x80, 0x77, 0x77, 0x07, 0x77, 0x77, 0x70, 0xF8, 0x88, 0x88, 0x88, 0x08, 0xF7, 0x77, 0x00,
		0x00, 0x07, 0x77, 0x77, 0x77, 0x77, 0x77, 0x80, 0x77, 0x97, 0x77, 0x77, 0x77, 0x79, 0x79, 0xA0,
		0x87, 0x78, 0x88, 0x88, 0x90, 0x79, 0x22, 0x22, 0x22, 0x22, 0x22, 0x22, 0x22, 0x27, 0x77, 0x70,
		0x77, 0x77, 0x07, 0x77, 0x70, 0x77, 0x77, 0x77, 0x07, 0x77, 0x77, 0x77, 0x77, 0x70, 0x70, 0x07,
		0x77, 0x77, 0x00, 0x70, 0x07, 0x77, 0x7A, 0xAA, 0x80, 0x07, 0x77, 0x77, 0xAA, 0xA7, 0x77, 0x70,
		0xF8, 0x88, 0x88, 0x88, 0x08, 0xF7, 0x77, 0x07, 0x77, 0x77, 0x77, 0x77, 0x77, 0x77, 0x78, 0x00,
		0x88, 0x88, 0x88, 0x87, 0x77, 0x79, 0x79, 0xBA, 0x80, 0x80, 0x00, 0x00, 0x97, 0x79, 0x2A, 0x22,
		0xA2, 0x2A, 0x22, 0xA2, 0x2A, 0x27, 0x70, 0x0A, 0x00, 0x00, 0xA0, 0x00, 0x0A, 0x07, 0x00, 0x08,
		0x07, 0xF7, 0x44, 0x44, 0x47, 0x70, 0x77, 0x00, 0x00, 0x00, 0x07, 0x77, 0x70, 0x07, 0x77, 0x77,
		0x77, 0x77, 0x77, 0x78, 0x07, 0x77, 0x77, 0x70, 0xF8, 0x88, 0x88, 0x88, 0x08, 0xF7, 0x77, 0x07,
		0x77, 0x77, 0x77, 0x77, 0x77, 0x77, 0x70, 0x00, 0x00, 0x00, 0x00, 0x07, 0x77, 0x79, 0x79, 0xAB,
		0xAB, 0x80, 0x80, 0x80, 0x90, 0x09, 0x22, 0x22, 0x22, 0x22, 0x22, 0x22, 0x22, 0x27, 0x77, 0x70,
		0x77, 0x77, 0x07, 0x77, 0x70, 0x77, 0x77, 0x77, 0x07, 0xF7, 0x77, 0x77, 0x77, 0x70, 0x77, 0x00,
		0x00, 0x00, 0x00, 0x77, 0x77, 0x77, 0x77, 0x77, 0x77, 0x77, 0x77, 0x70, 0x77, 0x77, 0x77, 0x70,
		0xF8, 0x88, 0x88, 0x88, 0x08, 0xF7, 0x77, 0x07, 0x77, 0x70, 0x77, 0x70, 0x77, 0x77, 0x77, 0x00,
		0x77, 0x97, 0x77, 0x77, 0x77, 0x79, 0x79, 0xBA, 0xBA, 0x02, 0x78, 0x88, 0x98, 0x09, 0x77, 0x72,
		0x22, 0x22, 0x22, 0x22, 0x22, 0x27, 0x77, 0x70, 0x77, 0x77, 0x07, 0x77, 0x70, 0x77, 0x00, 0x08,
		0x00, 0xFF, 0x44, 0x47, 0x77, 0x80, 0x70, 0x77, 0x70, 0x07, 0x77, 0x07, 0x77, 0x77, 0x77, 0x77,
		0x77, 0x77, 0x77, 0x08, 0x77, 0x77, 0x77, 0x70, 0xFF, 0xFF, 0xFF, 0xFF, 0x0F, 0xF7, 0x77, 0x07,
		0x77, 0x77, 0x07, 0x07, 0x07, 0x77, 0x77, 0x70, 0x77, 0x99, 0x77, 0x77, 0x77, 0x99, 0x79, 0xAB,
		0xAB, 0xA0, 0x80, 0x80, 0x9B, 0xA9, 0x77, 0x72, 0xA2, 0x2A, 0x22, 0xA2, 0x2A, 0x27, 0x77, 0x70,
		0x77, 0x77, 0x07, 0x77, 0x70, 0x77, 0x77, 0x77, 0x70, 0x8F, 0xFF, 0x77, 0x78, 0x07, 0x70, 0x77,
		0x70, 0x07, 0x77, 0x07, 0x77, 0x77, 0x77, 0x77, 0xA7, 0x77, 0x77, 0x0A, 0x77, 0x77, 0x77, 0x70,
		0x77, 0x77, 0x77, 0x77, 0x07, 0x77, 0x77, 0x07, 0x77, 0x70, 0x07, 0x07, 0x07, 0x77, 0x77, 0x77,
		0x07, 0x79, 0x97, 0x77, 0x79, 0x97, 0x79, 0x99, 0x99, 0x99, 0x99, 0x99, 0x9A, 0xB9, 0x77, 0x72,
		0x22, 0x22, 0x22, 0x22, 0x22, 0x27, 0x77, 0x70, 0x77, 0x77, 0x07, 0x77, 0x70, 0x77, 0x00, 0x00,
		0x08, 0x00, 0x77, 0x77, 0x00, 0x77, 0x70, 0x77, 0x70, 0x07, 0x77, 0x07, 0x77, 0x77, 0x77, 0x7A,
		0x77, 0x7A, 0x77, 0x80, 0xA7, 0x77, 0x70, 0x00, 0x00, 0x00, 0x00, 0x00, 0x00, 0x07, 0x77, 0x77,
		0x77, 0x07, 0x07, 0x07, 0x07, 0x77, 0x77, 0x77, 0x77, 0x77, 0x99, 0x99, 0x99, 0x77, 0x77, 0x9A,
		0xBA, 0xBA, 0xBA, 0xBA, 0xB9, 0xA9, 0x77, 0x72, 0x22, 0x22, 0x22, 0x22, 0x77, 0x77, 0x70, 0x0A,
		0x00, 0x00, 0xA0, 0x00, 0x0A, 0x07, 0x77, 0x77, 0x77, 0x77, 0x00, 0x00, 0x77, 0x77, 0x77, 0x00,
		0x07, 0x70, 0x00, 0x77, 0x77, 0x77, 0x77, 0x77, 0x77, 0x7A, 0x77, 0x70, 0x87, 0x77, 0x77, 0x70,
		0x77, 0x77, 0x77, 0x77, 0x07, 0x77, 0x77, 0x77, 0x77, 0x70, 0x77, 0x70, 0x77, 0x07, 0x77, 0x77,
		0x77, 0x77, 0x77, 0x77, 0x77, 0x77, 0x77, 0x79, 0xAB, 0xAB, 0xAB, 0xAB, 0xAB, 0x99, 0x77, 0x72,
		0xA2, 0x2A, 0x22, 0xA2, 0x77, 0x77, 0x77, 0x70, 0x77, 0x77, 0x07, 0x77, 0x70, 0x77, 0x00, 0x00,
		0x00, 0x00, 0x88, 0x87, 0x77, 0x77, 0x77, 0x77, 0x77, 0x77, 0x77, 0x77, 0x77, 0x77, 0x77, 0x77,
		0x77, 0x7A, 0x77, 0x77, 0x08, 0x77, 0x77, 0x70, 0x77, 0x77, 0x77, 0x77, 0x07, 0x77, 0x77, 0x77,
		0x77, 0x77, 0x77, 0x77, 0x77, 0x07, 0x77, 0x77, 0x77, 0x77, 0x77, 0x77, 0x77, 0x77, 0x77, 0x77,
		0x99, 0x99, 0x99, 0x99, 0x99, 0x99, 0x77, 0x72, 0x22, 0x22, 0x22, 0x22, 0x77, 0x77, 0x77, 0x70,
		0x77, 0x77, 0x07, 0x77, 0x70, 0x77, 0x77, 0x77, 0x77, 0x77, 0x77, 0x77, 0x77, 0x77, 0x77, 0x77,
		0x77, 0x77, 0x77, 0x77, 0x77, 0x77, 0x77, 0x77, 0x77, 0x77, 0x77, 0x77, 0x77, 0x77, 0x77, 0x77,
		0x77, 0x77, 0x77, 0x77, 0x77, 0x77, 0x77, 0x77, 0x77, 0x77, 0x77, 0x77, 0x77, 0x77, 0x77, 0x77,
		0x77, 0x77, 0x77, 0x77, 0x77, 0x77, 0x77, 0x77, 0x77, 0x77, 0x77, 0x77, 0x77, 0x77, 0x77, 0x77,
		0x77, 0x77, 0x77, 0x77, 0x77, 0x77, 0x77, 0x77, 0x77, 0x77, 0x77, 0x77, 0x77, 0x77, 0x00, 0x00,
		0x00, 0x00, 0x00, 0x07, 0x77, 0x77,
	};

	// toolbar_mapinfo_view.bmp, 502 bytes.
	const unsigned char DATA_IDT_MAPINFO_VIEW[] =
	{
		0x42, 0x4D, 0xF6, 0x01, 0x00, 0x00, 0x00, 0x00, 0x00, 0x00, 0x76, 0x00, 0x00, 0x00, 0x28, 0x00,
		0x00, 0x00, 0x30, 0x00, 0x00, 0x00, 0x10, 0x00, 0x00, 0x00, 0x01, 0x00, 0x04, 0x00, 0x00, 0x00,
		0x00, 0x00, 0x80, 0x01, 0x00, 0x00, 0x00, 0x00, 0x00, 0x00, 0x00, 0x00, 0x00, 0x00, 0x10, 0x00,
		0x00, 0x00, 0x10, 0x00, 0x00, 0x00, 0x00, 0x00, 0x00, 0x00, 0x00, 0x00, 0x80, 0x00, 0x00, 0x80,
		0x00, 0x00, 0x00, 0x80, 0x80, 0x00, 0x80, 0x00, 0x00, 0x00, 0x80, 0x00, 0x80, 0x00, 0x80, 0x80,
		0x00, 0x00, 0xC0, 0xC0, 0xC0, 0x00, 0x80, 0x80, 0x80, 0x00, 0x00, 0x00, 0xFF, 0x00, 0x00, 0xFF,
		0x00, 0x00, 0x00, 0xFF, 0xFF, 0x00, 0xFF, 0x00, 0x00, 0x00, 0xFF, 0x00, 0xFF, 0x00, 0xFF, 0xFF,
		0x00, 0x00, 0xFF, 0xFF, 0xFF, 0x00, 0x77, 0x77, 0x77, 0x77, 0x77, 0x77, 0x77, 0x77, 0x77, 0x77,
		0x77, 0x77, 0x77, 0x77, 0x77, 0x77, 0x77, 0x77, 0x77, 0x77, 0x77, 0x77, 0x77, 0x77, 0x77, 0x77,
		0x77, 0x77, 0x77, 0x77, 0x77, 0x77, 0x77, 0x00, 0x00, 0x00, 0x00, 0x00, 0x77, 0x77, 0x77, 0x70,
		0x00, 0x00, 0x00, 0x07, 0x77, 0x77, 0x77, 0x77, 0x77, 0x77, 0x77, 0x77, 0x77, 0x77, 0x77, 0x07,
		0x77, 0x77, 0x77, 0x70, 0x07, 0x77, 0x77, 0x07, 0x77, 0x77, 0x77, 0x70, 0x77, 0x07, 0x77, 0x77,
		0x77, 0x77, 0x00, 0x77, 0x77, 0x77, 0x70, 0x77, 0x77, 0x77, 0x70, 0x77, 0x07, 0x77, 0x77, 0x07,
		0x77, 0x77, 0x77, 0x70, 0x70, 0x77, 0x77, 0x77, 0x77, 0x70, 0x00, 0x07, 0x77, 0x77, 0x70, 0x70,
		0x00, 0x00, 0x00, 0x77, 0x07, 0x77, 0x77, 0x07, 0x00, 0x77, 0x00, 0x70, 0x07, 0x77, 0x77, 0x77,
		0x77, 0x00, 0x77, 0x00, 0x77, 0x77, 0x70, 0x77, 0x77, 0x77, 0x77, 0x77, 0x07, 0x77, 0x77, 0x07,
		0x77, 0x77, 0x77, 0x70, 0x07, 0x77, 0x77, 0x77, 0x70, 0x07, 0x77, 0x70, 0x07, 0x77, 0x77, 0x07,
		0x77, 0x77, 0x77, 0x77, 0x07, 0x77, 0x77, 0x07, 0x77, 0x77, 0x77, 0x70, 0x70, 0x77, 0x77, 0x00,
		0x07, 0x77, 0x77, 0x77, 0x07, 0x77, 0x77, 0x07, 0x77, 0x77, 0x77, 0x77, 0x07, 0x77, 0x77, 0x00,
		0x00, 0x00, 0x00, 0x07, 0x77, 0x07, 0x70, 0x07, 0x77, 0x77, 0x77, 0x77, 0x00, 0x77, 0x77, 0x07,
		0x77, 0x77, 0x77, 0x77, 0x07, 0x77, 0x77, 0x70, 0x00, 0x77, 0x00, 0x07, 0x77, 0x77, 0x70, 0x77,
		0x77, 0x77, 0x77, 0x77, 0x70, 0x07, 0x77, 0x07, 0x77, 0x77, 0x77, 0x77, 0x07, 0x77, 0x77, 0x07,
		0x77, 0x00, 0x77, 0x70, 0x77, 0x77, 0x70, 0x07, 0x77, 0x77, 0x77, 0x70, 0x07, 0x77, 0x70, 0x07,
		0x77, 0x77, 0x77, 0x77, 0x07, 0x77, 0x77, 0x07, 0x77, 0x00, 0x77, 0x70, 0x77, 0x77, 0x77, 0x00,
		0x77, 0x77, 0x77, 0x00, 0x77, 0x77, 0x70, 0x77, 0x77, 0x77, 0x77, 0x70, 0x07, 0x77, 0x77, 0x07,
		0x77, 0x00, 0x77, 0x70, 0x77, 0x77, 0x77, 0x70, 0x07, 0x77, 0x77, 0x07, 0x77, 0x77, 0x70, 0x77,
		0x77, 0x77, 0x77, 0x70, 0x77, 0x77, 0x77, 0x70, 0x00, 0x77, 0x00, 0x07, 0x77, 0x77, 0x77, 0x77,
		0x00, 0x77, 0x00, 0x07, 0x77, 0x77, 0x70, 0x77, 0x77, 0x77, 0x77, 0x70, 0x77, 0x77, 0x77, 0x77,
		0x77, 0x77, 0x77, 0x77, 0x77, 0x77, 0x77, 0x77, 0x70, 0x00, 0x07, 0x77, 0x77, 0x77, 0x70, 0x77,
		0x77, 0x77, 0x77, 0x70, 0x77, 0x77, 0x77, 0x77, 0x77, 0x77, 0x77, 0x77, 0x77, 0x77, 0x77, 0x77,
		0x77, 0x77, 0x77, 0x77, 0x77, 0x77, 0x70, 0x00, 0x00, 0x00, 0x00, 0x00, 0x77, 0x77, 0x77, 0x77,
		0x77, 0x77, 0x77, 0x77, 0x77, 0x77,
	};

	// tmith_bitmap.bmp, 52278 bytes.
	const unsigned char DATA_IDB_TMITH_BITMAP[] =
	{
		0x42, 0x4D, 0x36, 0xCC, 0x00, 0x00, 0x00, 0x00, 0x00, 0x00, 0x36, 0x00, 0x00, 0x00, 0x28, 0x00,
		0x00, 0x00, 0x20, 0x02, 0x00, 0x00, 0x20, 0x00, 0x00, 0x00, 0x01, 0x00, 0x18, 0x00, 0x00, 0x00,
		0x00, 0x00, 0x00, 0xCC, 0x00, 0x00, 0x00, 0x00, 0x00, 0x00, 0x00, 0x00, 0x00, 0x00, 0x00, 0x00,
		0x00, 0x00, 0x00, 0x00, 0x00, 0x00, 0xFF, 0x00, 0xFF, 0xFF, 0x00, 0xFF, 0xFF, 0x00, 0xFF, 0xFF,
		0x00, 0xFF, 0xFF, 0x00, 0xFF, 0xFF, 0x00, 0xFF, 0xFF, 0x00, 0xFF, 0xFF, 0x00, 0xFF, 0xFF, 0x00,
		0xFF, 0xFF, 0x00, 0xFF, 0xFF, 0x00, 0xFF, 0xFF, 0x00, 0xFF, 0xFF, 0x00, 0xFF, 0xFF, 0x00, 0xFF,
		0xFF, 0x00, 0xFF, 0xFF, 0x00, 0xFF, 0xFF, 0x00, 0xFF, 0xFF, 0x00, 0xFF, 0xFF, 0x00, 0xFF, 0xFF,
		0x00, 0xFF, 0xFF, 0x00, 0xFF, 0xFF, 0x00, 0xFF, 0xFF, 0x00, 0xFF, 0xFF, 0x00, 0xFF, 0xFF, 0x00,
		0xFF, 0xFF, 0x00, 0xFF, 0xFF, 0x00, 0xFF, 0xFF, 0x00, 0xFF, 0xFF, 0x00, 0xFF, 0xFF, 0x00, 0xFF,
		0xFF, 0x00, 0xFF, 0xFF, 0x00, 0xFF, 0xFF, 0x00, 0xFF, 0xFF, 0x00, 0xFF, 0xFF, 0x00, 0xFF, 0xFF,
		0x00, 0xFF, 0xFF, 0x00, 0xFF, 0xFF, 0x00, 0xFF, 0xFF, 0x00, 0xFF, 0xFF, 0x00, 0xFF, 0xFF, 0x00,
		0xFF, 0xFF, 0x00, 0xFF, 0xFF, 0x00, 0xFF, 0xFF, 0x00, 0xFF, 0xFF, 0x00, 0xFF, 0xFF, 0x00, 0xFF,
		0xFF, 0x00, 0xFF, 0xFF, 0x00, 0xFF, 0xFF, 0x00, 0xFF, 0xFF, 0x00, 0xFF, 0xFF, 0x00, 0xFF, 0xFF,
		0x00, 0xFF, 0xFF, 0x00, 0xFF, 0xFF, 0x00, 0xFF, 0xFF, 0x00, 0xFF, 0xFF, 0x00, 0xFF, 0xFF, 0x00,
		0xFF, 0xFF, 0x00, 0xFF, 0xFF, 0x00, 0xFF, 0xFF, 0x00, 0xFF, 0xFF, 0x00, 0xFF, 0xFF, 0x00, 0xFF,
		0xFF, 0x00, 0xFF, 0xFF, 0x00, 0xFF, 0xFF, 0x00, 0xFF, 0xFF, 0x00, 0xFF, 0xFF, 0x00, 0xFF, 0xFF,
		0x00, 0xFF, 0xFF, 0x00, 0xFF, 0xFF, 0x00, 0xFF, 0xFF, 0x00, 0xFF, 0xFF, 0x00, 0xFF, 0xFF, 0x00,
		0xFF, 0xFF, 0x00, 0xFF, 0xFF, 0x00, 0xFF, 0xFF, 0x00, 0xFF, 0xFF, 0x00, 0xFF, 0xFF, 0x00, 0xFF,
		0xFF, 0x00, 0xFF, 0xFF, 0x00, 0xFF, 0xFF, 0x00, 0xFF, 0xFF, 0x00, 0xFF, 0xFF, 0x00, 0xFF, 0xFF,
		0x00, 0xFF, 0xFF, 0x00, 0xFF, 0xFF, 0x00, 0xFF, 0xFF, 0x00, 0xFF, 0xFF, 0x00, 0xFF, 0xFF, 0x00,
		0xFF, 0xFF, 0x00, 0xFF, 0xFF, 0x00, 0xFF, 0xFF, 0x00, 0xFF, 0xFF, 0x00, 0xFF, 0xFF, 0x00, 0xFF,
		0xFF, 0x00, 0xFF, 0xFF, 0x00, 0xFF, 0xFF, 0x00, 0xFF, 0xFF, 0x00, 0xFF, 0xFF, 0x00, 0xFF, 0xFF,
		0x00, 0xFF, 0xFF, 0x00, 0xFF, 0xFF, 0x00, 0xFF, 0xFF, 0x00, 0xFF, 0xFF, 0x00, 0xFF, 0xFF, 0x00,
		0xFF, 0xFF, 0x00, 0xFF, 0xFF, 0x00, 0xFF, 0xFF, 0x00, 0xFF, 0xFF, 0x00, 0xFF, 0xFF, 0x00, 0xFF,
		0xFF, 0x00, 0xFF, 0xFF, 0x00, 0xFF, 0xFF, 0x00, 0xFF, 0xFF, 0x00, 0xFF, 0xFF, 0x00, 0xFF, 0xFF,
		0x00, 0xFF, 0xFF, 0x00, 0xFF, 0xFF, 0x00, 0xFF, 0xFF, 0x00, 0xFF, 0xFF, 0x00, 0xFF, 0xFF, 0x00,
		0xFF, 0xFF, 0x00, 0xFF, 0xFF, 0x00, 0xFF, 0xFF, 0x00, 0xFF, 0xFF, 0x00, 0xFF, 0xFF, 0x00, 0xFF,
		0xFF, 0x00, 0xFF, 0xFF, 0x00, 0xFF, 0xFF, 0x00, 0xFF, 0xFF, 0x00, 0xFF, 0xFF, 0x00, 0xFF, 0xFF,
		0x00, 0xFF, 0xFF, 0x00, 0xFF, 0xFF, 0x00, 0xFF, 0xFF, 0x00, 0xFF, 0xFF, 0x00, 0xFF, 0xFF, 0x00,
		0xFF, 0xFF, 0x00, 0xFF, 0xFF, 0x00, 0xFF, 0xFF, 0x00, 0xFF, 0xFF, 0x00, 0xFF, 0xFF, 0x00, 0xFF,
		0xFF, 0x00, 0xFF, 0xFF, 0x00, 0xFF, 0xFF, 0x00, 0xFF, 0xFF, 0x00, 0xFF, 0xFF, 0x00, 0xFF, 0xFF,
		0x00, 0xFF, 0xFF, 0x00, 0xFF, 0xFF, 0x00, 0xFF, 0xFF, 0x00, 0xFF, 0xFF, 0x00, 0xFF, 0xFF, 0x00,
		0xFF, 0xFF, 0x00, 0xFF, 0xFF, 0x00, 0xFF, 0xFF, 0x00, 0xFF, 0xFF, 0x00, 0xFF, 0xFF, 0x00, 0xFF,
		0xFF, 0x00, 0xFF, 0xFF, 0x00, 0xFF, 0xFF, 0x00, 0xFF, 0xFF, 0x00, 0xFF, 0xFF, 0x00, 0xFF, 0xFF,
		0x00, 0xFF, 0xFF, 0x00, 0xFF, 0xFF, 0x00, 0xFF, 0xFF, 0x00, 0xFF, 0xFF, 0x00, 0xFF, 0xFF, 0x00,
		0xFF, 0xFF, 0x00, 0xFF, 0xFF, 0x00, 0xFF, 0xFF, 0x00, 0xFF, 0xFF, 0x00, 0xFF, 0xFF, 0x00, 0xFF,
		0xFF, 0x00, 0xFF, 0xFF, 0x00, 0xFF, 0xFF, 0x00, 0xFF, 0xFF, 0x00, 0xFF, 0xFF, 0x00, 0xFF, 0xFF,
		0x00, 0xFF, 0xFF, 0x00, 0xFF, 0xFF, 0x00, 0xFF, 0xFF, 0x00, 0xFF, 0xFF, 0x00, 0xFF, 0xFF, 0x00,
		0xFF, 0xFF, 0x00, 0xFF, 0xFF, 0x00, 0xFF, 0xFF, 0x00, 0xFF, 0xFF, 0x00, 0xFF, 0xFF, 0x00, 0xFF,
		0xFF, 0x00, 0xFF, 0xFF, 0x00, 0xFF, 0xFF, 0x00, 0xFF, 0xFF, 0x00, 0xFF, 0xFF, 0x00, 0xFF, 0xFF,
		0x00, 0xFF, 0xFF, 0x00, 0xFF, 0xFF, 0x00, 0xFF, 0xFF, 0x00, 0xFF, 0xFF, 0x00, 0xFF, 0xFF, 0x00,
		0xFF, 0xFF, 0x00, 0xFF, 0xFF, 0x00, 0xFF, 0xFF, 0x00, 0xFF, 0xFF, 0x00, 0xFF, 0xFF, 0x00, 0xFF,
		0xFF, 0x00, 0xFF, 0xFF, 0x00, 0xFF, 0xFF, 0x00, 0xFF, 0xFF, 0x00, 0xFF, 0xFF, 0x00, 0xFF, 0xFF,
		0x00, 0xFF, 0xFF, 0x00, 0xFF, 0xFF, 0x00, 0xFF, 0xFF, 0x00, 0xFF, 0xFF, 0x00, 0xFF, 0xFF, 0x00,
		0xFF, 0xFF, 0x00, 0xFF, 0xFF, 0x00, 0xFF, 0xFF, 0x00, 0xFF, 0xFF, 0x00, 0xFF, 0xFF, 0x00, 0xFF,
		0xFF, 0x00, 0xFF, 0xFF, 0x00, 0xFF, 0xFF, 0x00, 0xFF, 0xFF, 0x00, 0xFF, 0xFF, 0x00, 0xFF, 0xFF,
		0x00, 0xFF, 0xFF, 0x00, 0xFF, 0xFF, 0x00, 0xFF, 0xFF, 0x00, 0xFF, 0xFF, 0x00, 0xFF, 0xFF, 0x00,
		0xFF, 0xFF, 0x00, 0xFF, 0xFF, 0x00, 0xFF, 0xFF, 0x00, 0xFF, 0xFF, 0x00, 0xFF, 0xFF, 0x00, 0xFF,
		0xFF, 0x00, 0xFF, 0xFF, 0x00, 0xFF, 0xFF, 0x00, 0xFF, 0xFF, 0x00, 0xFF, 0xFF, 0x00, 0xFF, 0xFF,
		0x00, 0xFF, 0xFF, 0x00, 0xFF, 0xFF, 0x00, 0xFF, 0xFF, 0x00, 0xFF, 0xFF, 0x00, 0xFF, 0xFF, 0x00,
		0xFF, 0xFF, 0x00, 0xFF, 0xFF, 0x00, 0xFF, 0xFF, 0x00, 0xFF, 0xFF, 0x00, 0xFF, 0xFF, 0x00, 0xFF,
		0xFF, 0x00, 0xFF, 0xFF, 0x00, 0xFF, 0xFF, 0x00, 0xFF, 0xFF, 0x00, 0xFF, 0xFF, 0x00, 0xFF, 0xFF,
		0x00, 0xFF, 0xFF, 0x00, 0xFF, 0xFF, 0x00, 0xFF, 0xFF, 0x00, 0xFF, 0xFF, 0x00, 0xFF, 0xFF, 0x00,
		0xFF, 0xFF, 0x00, 0xFF, 0xFF, 0x00, 0xFF, 0xFF, 0x00, 0xFF, 0xFF, 0x00, 0xFF, 0xFF, 0x00, 0xFF,
		0xFF, 0x00, 0xFF, 0xFF, 0x00, 0xFF, 0xFF, 0x00, 0xFF, 0xFF, 0x00, 0xFF, 0xFF, 0x00, 0xFF, 0xFF,
		0x00, 0xFF, 0xFF, 0x00, 0xFF, 0xFF, 0x00, 0xFF, 0xFF, 0x00, 0xFF, 0xFF, 0x00, 0xFF, 0xFF, 0x00,
		0xFF, 0xFF, 0x00, 0xFF, 0xFF, 0x00, 0xFF, 0xFF, 0x00, 0xFF, 0xFF, 0x00, 0xFF, 0xFF, 0x00, 0xFF,
		0xFF, 0x00, 0xFF, 0xFF, 0x00, 0xFF, 0xFF, 0x00, 0xFF, 0xFF, 0x00, 0xFF, 0xFF, 0x00, 0xFF, 0xFF,
		0x00, 0xFF, 0xFF, 0x00, 0xFF, 0xFF, 0x00, 0xFF, 0xFF, 0x00, 0xFF, 0xFF, 0x00, 0xFF, 0xFF, 0x00,
		0xFF, 0xFF, 0x00, 0xFF, 0xFF, 0x00, 0xFF, 0xFF, 0x00, 0xFF, 0xFF, 0x00, 0xFF, 0xFF, 0x00, 0xFF,
		0xFF, 0x00, 0xFF, 0xFF, 0x00, 0xFF, 0xFF, 0x00, 0xFF, 0xFF, 0x00, 0xFF, 0xFF, 0x00, 0xFF, 0xFF,
		0x00, 0xFF, 0xFF, 0x00, 0xFF, 0xFF, 0x00, 0xFF, 0xFF, 0x00, 0xFF, 0xFF, 0x00, 0xFF, 0xFF, 0x00,
		0xFF, 0xFF, 0x00, 0xFF, 0xFF, 0x00, 0xFF, 0xFF, 0x00, 0xFF, 0xFF, 0x00, 0xFF, 0xFF, 0x00, 0xFF,
		0xFF, 0x00, 0xFF, 0xFF, 0x00, 0xFF, 0xFF, 0x00, 0xFF, 0xFF, 0x00, 0xFF, 0xFF, 0x00, 0xFF, 0xFF,
		0x00, 0xFF, 0xFF, 0x00, 0xFF, 0xFF, 0x00, 0xFF, 0xFF, 0x00, 0xFF, 0xFF, 0x00, 0xFF, 0xFF, 0x00,
		0xFF, 0xFF, 0x00, 0xFF, 0xFF, 0x00, 0xFF, 0xFF, 0x00, 0xFF, 0xFF, 0x00, 0xFF, 0xFF, 0x00, 0xFF,
		0xFF, 0x00, 0xFF, 0xFF, 0x00, 0xFF, 0xFF, 0x00, 0xFF, 0xFF, 0x00, 0xFF, 0xFF, 0x00, 0xFF, 0xFF,
		0x00, 0xFF, 0xFF, 0x00, 0xFF, 0xFF, 0x00, 0xFF, 0xFF, 0x00, 0xFF, 0xFF, 0x00, 0xFF, 0xFF, 0x00,
		0xFF, 0xFF, 0x00, 0xFF, 0xFF, 0x00, 0xFF, 0xFF, 0x00, 0xFF, 0xFF, 0x00, 0xFF, 0xFF, 0x00, 0xFF,
		0xFF, 0x00, 0xFF, 0xFF, 0x00, 0xFF, 0xFF, 0x00, 0xFF, 0xFF, 0x00, 0xFF, 0xFF, 0x00, 0xFF, 0xFF,
		0x00, 0xFF, 0xFF, 0x00, 0xFF, 0xFF, 0x00, 0xFF, 0xFF, 0x00, 0xFF, 0xFF, 0x00, 0xFF, 0xFF, 0x00,
		0xFF, 0xFF, 0x00, 0xFF, 0xFF, 0x00, 0xFF, 0xFF, 0x00, 0xFF, 0xFF, 0x00, 0xFF, 0xFF, 0x00, 0xFF,
		0xFF, 0x00, 0xFF, 0xFF, 0x00, 0xFF, 0xFF, 0x00, 0xFF, 0xFF, 0x00, 0xFF, 0xFF, 0x00, 0xFF, 0xFF,
		0x00, 0xFF, 0xFF, 0x00, 0xFF, 0xFF, 0x00, 0xFF, 0xFF, 0x00, 0xFF, 0xFF, 0x00, 0xFF, 0xFF, 0x00,
		0xFF, 0xFF, 0x00, 0xFF, 0xFF, 0x00, 0xFF, 0xFF, 0x00, 0xFF, 0xFF, 0x00, 0xFF, 0xFF, 0x00, 0xFF,
		0xFF, 0x00, 0xFF, 0xFF, 0x00, 0xFF, 0xFF, 0x00, 0xFF, 0xFF, 0x00, 0xFF, 0xFF, 0x00, 0xFF, 0xFF,
		0x00, 0xFF, 0xFF, 0x00, 0xFF, 0xFF, 0x00, 0xFF, 0xFF, 0x00, 0xFF, 0xFF, 0x00, 0xFF, 0xFF, 0x00,
		0xFF, 0xFF, 0x00, 0xFF, 0xFF, 0x00, 0xFF, 0xFF, 0x00, 0xFF, 0xFF, 0x00, 0xFF, 0xFF, 0x00, 0xFF,
		0xFF, 0x00, 0xFF, 0xFF, 0x00, 0xFF, 0xFF, 0x00, 0xFF, 0xFF, 0x00, 0xFF, 0xFF, 0x00, 0xFF, 0xFF,
		0x00, 0xFF, 0xFF, 0x00, 0xFF, 0xFF, 0x00, 0xFF, 0xFF, 0x00, 0xFF, 0xFF, 0x00, 0xFF, 0xFF, 0x00,
		0xFF, 0xFF, 0x00, 0xFF, 0xFF, 0x00, 0xFF, 0xFF, 0x00, 0xFF, 0xFF, 0x00, 0xFF, 0xFF, 0x00, 0xFF,
		0xFF, 0x00, 0xFF, 0xFF, 0x00, 0xFF, 0xFF, 0x00, 0xFF, 0xFF, 0x00, 0xFF, 0xFF, 0x00, 0xFF, 0xFF,
		0x00, 0xFF, 0xFF, 0x00, 0xFF, 0xFF, 0x00, 0xFF, 0xFF, 0x00, 0xFF, 0xFF, 0x00, 0xFF, 0xFF, 0x00,
		0xFF, 0xFF, 0x00, 0xFF, 0xFF, 0x00, 0xFF, 0xFF, 0x00, 0xFF, 0xFF, 0x00, 0xFF, 0xFF, 0x00, 0xFF,
		0xFF, 0x00, 0xFF, 0xFF, 0x00, 0xFF, 0xFF, 0x00, 0xFF, 0xFF, 0x00, 0xFF, 0xFF, 0x00, 0xFF, 0xFF,
		0x00, 0xFF, 0xFF, 0x00, 0xFF, 0xFF, 0x00, 0xFF, 0xFF, 0x00, 0xFF, 0xFF, 0x00, 0xFF, 0xFF, 0x00,
		0xFF, 0xFF, 0x00, 0xFF, 0xFF, 0x00, 0xFF, 0xFF, 0x00, 0xFF, 0xFF, 0x00, 0xFF, 0xFF, 0x00, 0xFF,
		0xFF, 0x00, 0xFF, 0xFF, 0x00, 0xFF, 0xFF, 0x00, 0xFF, 0xFF, 0x00, 0xFF, 0xFF, 0x00, 0xFF, 0xFF,
		0x00, 0xFF, 0xFF, 0x00, 0xFF, 0xFF, 0x00, 0xFF, 0xFF, 0x00, 0xFF, 0xFF, 0x00, 0xFF, 0xFF, 0x00,
		0xFF, 0xFF, 0x00, 0xFF, 0xFF, 0x00, 0xFF, 0xFF, 0x00, 0xFF, 0xFF, 0x00, 0xFF, 0xFF, 0x00, 0xFF,
		0xFF, 0x00, 0xFF, 0xFF, 0x00, 0xFF, 0xFF, 0x00, 0xFF, 0xFF, 0x00, 0xFF, 0xFF, 0x00, 0xFF, 0xFF,
		0x00, 0xFF, 0xFF, 0x00, 0xFF, 0xFF, 0x00, 0xFF, 0xFF, 0x00, 0xFF, 0xFF, 0x00, 0xFF, 0xFF, 0x00,
		0xFF, 0xFF, 0x00, 0xFF, 0xFF, 0x00, 0xFF, 0xFF, 0x00, 0xFF, 0xFF, 0x00, 0xFF, 0xFF, 0x00, 0xFF,
		0xFF, 0x00, 0xFF, 0xFF, 0x00, 0xFF, 0xFF, 0x00, 0xFF, 0xFF, 0x00, 0xFF, 0xFF, 0x00, 0xFF, 0xFF,
		0x00, 0xFF, 0xFF, 0x00, 0xFF, 0xFF, 0x00, 0xFF, 0xFF, 0x00, 0xFF, 0xFF, 0x00, 0xFF, 0xFF, 0x00,
		0xFF, 0xFF, 0x00, 0xFF, 0xFF, 0x00, 0xFF, 0xFF, 0x00, 0xFF, 0xFF, 0x00, 0xFF, 0xFF, 0x00, 0xFF,
		0xFF, 0x00, 0xFF, 0xFF, 0x00, 0xFF, 0xFF, 0x00, 0xFF, 0xFF, 0x00, 0xFF, 0xFF, 0x00, 0xFF, 0xFF,
		0x00, 0xFF, 0xFF, 0x00, 0xFF, 0xFF, 0x00, 0xFF, 0xFF, 0x00, 0xFF, 0xFF, 0x00, 0xFF, 0xFF, 0x00,
		0xFF, 0xFF, 0x00, 0xFF, 0xFF, 0x00, 0xFF, 0xFF, 0x00, 0xFF, 0xFF, 0x00, 0xFF, 0xFF, 0x00, 0xFF,
		0xFF, 0x00, 0xFF, 0xFF, 0x00, 0xFF, 0xFF, 0x00, 0xFF, 0xFF, 0x00, 0xFF, 0xFF, 0x00, 0xFF, 0xFF,
		0x00, 0xFF, 0xFF, 0x00, 0xFF, 0xFF, 0x00, 0xFF, 0xFF, 0x00, 0xFF, 0xFF, 0x00, 0xFF, 0xFF, 0x00,
		0xFF, 0xFF, 0x00, 0xFF, 0xFF, 0x00, 0xFF, 0xFF, 0x00, 0xFF, 0xFF, 0x00, 0xFF, 0xFF, 0x00, 0xFF,
		0xFF, 0x00, 0xFF, 0xFF, 0x00, 0xFF, 0xFF, 0x00, 0xFF, 0xFF, 0x00, 0xFF, 0xFF, 0x00, 0xFF, 0xFF,
		0x00, 0xFF, 0xFF, 0x00, 0xFF, 0xFF, 0x00, 0xFF, 0xFF, 0x00, 0xFF, 0xFF, 0x00, 0xFF, 0xFF, 0x00,
		0xFF, 0xFF, 0x00, 0xFF, 0xFF, 0x00, 0xFF, 0xFF, 0x00, 0xFF, 0xFF, 0x00, 0xFF, 0xFF, 0x00, 0xFF,
		0xFF, 0x00, 0xFF, 0xFF, 0x00, 0xFF, 0xFF, 0x00, 0xFF, 0xFF, 0x00, 0xFF, 0xFF, 0x00, 0xFF, 0xFF,
		0x00, 0xFF, 0xFF, 0x00, 0xFF, 0xFF, 0x00, 0xFF, 0xFF, 0x00, 0xFF, 0xFF, 0x00, 0xFF, 0xFF, 0x00,
		0xFF, 0xFF, 0x00, 0xFF, 0xFF, 0x00, 0xFF, 0xFF, 0x00, 0xFF, 0xFF, 0x00, 0xFF, 0xFF, 0x00, 0xFF,
		0xFF, 0x00, 0xFF, 0xFF, 0x00, 0xFF, 0xFF, 0x00, 0xFF, 0xFF, 0x00, 0xFF, 0xFF, 0x00, 0xFF, 0xFF,
		0x00, 0xFF, 0xFF, 0x00, 0xFF, 0xFF, 0x00, 0xFF, 0xFF, 0x00, 0xFF, 0xFF, 0x00, 0xFF, 0xFF, 0x00,
		0xFF, 0xFF, 0x00, 0xFF, 0xFF, 0x00, 0xFF, 0xFF, 0x00, 0xFF, 0xFF, 0x00, 0xFF, 0xFF, 0x00, 0xFF,
		0xFF, 0x00, 0xFF, 0xFF, 0x00, 0xFF, 0xFF, 0x00, 0xFF, 0xFF, 0x00, 0xFF, 0xFF, 0x00, 0xFF, 0xFF,
		0x00, 0xFF, 0xFF, 0x00, 0xFF, 0xFF, 0x00, 0xFF, 0xFF, 0x00, 0xFF, 0xFF, 0x00, 0xFF, 0xFF, 0x00,
		0xFF, 0xFF, 0x00, 0xFF, 0xFF, 0x00, 0xFF, 0xFF, 0x00, 0xFF, 0xFF, 0x00, 0xFF, 0xFF, 0x00, 0xFF,
		0xFF, 0x00, 0xFF, 0xFF, 0x00, 0xFF, 0xFF, 0x00, 0xFF, 0xFF, 0x00, 0xFF, 0xFF, 0x00, 0xFF, 0xFF,
		0x00, 0xFF, 0xFF, 0x00, 0xFF, 0xFF, 0x00, 0xFF, 0xFF, 0x00, 0xFF, 0xFF, 0x00, 0xFF, 0xFF, 0x00,
		0xFF, 0xFF, 0x00, 0xFF, 0xFF, 0x00, 0xFF, 0xFF, 0x00, 0xFF, 0xFF, 0x00, 0xFF, 0xFF, 0x00, 0xFF,
		0xFF, 0x00, 0xFF, 0xFF, 0x00, 0xFF, 0xFF, 0x00, 0xFF, 0xFF, 0x00, 0xFF, 0xFF, 0x00, 0xFF, 0xFF,
		0x00, 0xFF, 0xFF, 0x00, 0xFF, 0xFF, 0x00, 0xFF, 0xFF, 0x00, 0xFF, 0xFF, 0x00, 0xFF, 0xFF, 0x00,
		0xFF, 0xFF, 0x00, 0xFF, 0xFF, 0x00, 0xFF, 0xFF, 0x00, 0xFF, 0xFF, 0x00, 0xFF, 0xFF, 0x00, 0xFF,
		0xFF, 0x00, 0xFF, 0xFF, 0x00, 0xFF, 0xFF, 0x00, 0xFF, 0xFF, 0x00, 0xFF, 0xFF, 0x00, 0xFF, 0xFF,
		0x00, 0xFF, 0xFF, 0x00, 0xFF, 0xFF, 0x00, 0xFF, 0xFF, 0x00, 0xFF, 0xFF, 0x00, 0xFF, 0xFF, 0x00,
		0xFF, 0xFF, 0x00, 0xFF, 0xFF, 0x00, 0xFF, 0xFF, 0x00, 0xFF, 0xFF, 0x00, 0xFF, 0xFF, 0x00, 0xFF,
		0xFF, 0x00, 0xFF, 0xFF, 0x00, 0xFF, 0xFF, 0x00, 0xFF, 0xFF, 0x00, 0xFF, 0xFF, 0x00, 0xFF, 0xFF,
		0x00, 0xFF, 0xFF, 0x00, 0xFF, 0xFF, 0x00, 0xFF, 0xFF, 0x00, 0xFF, 0xFF, 0x00, 0xFF, 0xFF, 0x00,
		0xFF, 0xFF, 0x00, 0xFF, 0xFF, 0x00, 0xFF, 0xFF, 0x00, 0xFF, 0xFF, 0x00, 0xFF, 0xFF, 0x00, 0xFF,
		0xFF, 0x00, 0xFF, 0xFF, 0x00, 0xFF, 0xFF, 0x00, 0xFF, 0xFF, 0x00, 0xFF, 0xFF, 0x00, 0xFF, 0xFF,
		0x00, 0xFF, 0xFF, 0x00, 0xFF, 0xFF, 0x00, 0xFF, 0xFF, 0x00, 0xFF, 0xFF, 0x00, 0xFF, 0xFF, 0x00,
		0xFF, 0xFF, 0x00, 0xFF, 0xFF, 0x00, 0xFF, 0xFF, 0x00, 0xFF, 0xFF, 0x00, 0xFF, 0xFF, 0x00, 0xFF,
		0xFF, 0x00, 0xFF, 0xFF, 0x00, 0xFF, 0xFF, 0x00, 0xFF, 0xFF, 0x00, 0xFF, 0xFF, 0x00, 0xFF, 0xFF,
		0x00, 0xFF, 0xFF, 0x00, 0xFF, 0xFF, 0x00, 0xFF, 0xFF, 0x00, 0xFF, 0xFF, 0x00, 0xFF, 0xFF, 0x00,
		0xFF, 0xFF, 0x00, 0xFF, 0xFF, 0x00, 0xFF, 0xFF, 0x00, 0xFF, 0xFF, 0x00, 0xFF, 0xFF, 0x00, 0xFF,
		0xFF, 0x00, 0xFF, 0xFF, 0x00, 0xFF, 0xFF, 0x00, 0xFF, 0xFF, 0x00, 0xFF, 0xFF, 0x00, 0xFF, 0xFF,
		0x00, 0xFF, 0xFF, 0x00, 0xFF, 0xFF, 0x00, 0xFF, 0xFF, 0x00, 0xFF, 0xFF, 0x00, 0xFF, 0xFF, 0x00,
		0xFF, 0xFF, 0x00, 0xFF, 0xFF, 0x00, 0xFF, 0xFF, 0x00, 0xFF, 0xFF, 0x00, 0xFF, 0xFF, 0x00, 0xFF,
		0xFF, 0x00, 0xFF, 0xFF, 0x00, 0xFF, 0xFF, 0x00, 0xFF, 0xFF, 0x00, 0xFF, 0xFF, 0x00, 0xFF, 0xFF,
		0x00, 0xFF, 0xFF, 0x00, 0xFF, 0xFF, 0x00, 0xFF, 0xFF, 0x00, 0xFF, 0xFF, 0x00, 0xFF, 0xFF, 0x00,
		0xFF, 0xFF, 0x00, 0xFF, 0xFF, 0x00, 0xFF, 0xFF, 0x00, 0xFF, 0xFF, 0x00, 0xFF, 0xFF, 0x00, 0xFF,
		0xFF, 0x00, 0xFF, 0xFF, 0x00, 0xFF, 0xFF, 0x00, 0xFF, 0xFF, 0x00, 0xFF, 0xFF, 0x00, 0xFF, 0xFF,
		0x00, 0xFF, 0xFF, 0x00, 0xFF, 0xFF, 0x00, 0xFF, 0xFF, 0x00, 0xFF, 0xFF, 0x00, 0xFF, 0xFF, 0x00,
		0xFF, 0xFF, 0x00, 0xFF, 0xFF, 0x00, 0xFF, 0xFF, 0x00, 0xFF, 0xFF, 0x00, 0xFF, 0xFF, 0x00, 0xFF,
		0xFF, 0x00, 0xFF, 0xFF, 0x00, 0xFF, 0xFF, 0x00, 0xFF, 0xFF, 0x00, 0xFF, 0xFF, 0x00, 0xFF, 0xFF,
		0x00, 0xFF, 0xFF, 0x00, 0xFF, 0xFF, 0x00, 0xFF, 0xFF, 0x00, 0xFF, 0xFF, 0x00, 0xFF, 0xFF, 0x00,
		0xFF, 0xFF, 0x00, 0xFF, 0xFF, 0x00, 0xFF, 0xFF, 0x00, 0xFF, 0xFF, 0x00, 0xFF, 0xFF, 0x00, 0xFF,
		0xFF, 0x00, 0xFF, 0xFF, 0x00, 0xFF, 0xFF, 0x00, 0xFF, 0xFF, 0x00, 0xFF, 0xFF, 0x00, 0xFF, 0xFF,
		0x00, 0xFF, 0xFF, 0x00, 0xFF, 0xFF, 0x00, 0xFF, 0xFF, 0x00, 0xFF, 0xFF, 0x00, 0xFF, 0xFF, 0x00,
		0xFF, 0xFF, 0x00, 0xFF, 0xFF, 0x00, 0xFF, 0xFF, 0x00, 0xFF, 0xFF, 0x00, 0xFF, 0xFF, 0x00, 0xFF,
		0xFF, 0x00, 0xFF, 0xFF, 0x00, 0xFF, 0xFF, 0x00, 0xFF, 0xFF, 0x00, 0xFF, 0xFF, 0x00, 0xFF, 0xFF,
		0x00, 0xFF, 0xFF, 0x00, 0xFF, 0xFF, 0x00, 0xFF, 0xFF, 0x00, 0xFF, 0xFF, 0x00, 0xFF, 0xFF, 0x00,
		0xFF, 0xFF, 0x00, 0xFF, 0xFF, 0x00, 0xFF, 0xFF, 0x00, 0xFF, 0xFF, 0x00, 0xFF, 0xFF, 0x00, 0xFF,
		0xFF, 0x00, 0xFF, 0xFF, 0x00, 0xFF, 0xFF, 0x00, 0xFF, 0xFF, 0x00, 0xFF, 0xFF, 0x00, 0xFF, 0xFF,
		0x00, 0xFF, 0xFF, 0x00, 0xFF, 0xFF, 0x00, 0xFF, 0xFF, 0x00, 0xFF, 0xFF, 0x00, 0xFF, 0xFF, 0x00,
		0xFF, 0xFF, 0x00, 0xFF, 0xFF, 0x00, 0xFF, 0xFF, 0x00, 0xFF, 0xFF, 0x00, 0xFF, 0xFF, 0x00, 0xFF,
		0xFF, 0x00, 0xFF, 0xFF, 0x00, 0xFF, 0xFF, 0x00, 0xFF, 0xFF, 0x00, 0xFF, 0xFF, 0x00, 0xFF, 0xFF,
		0x00, 0xFF, 0xFF, 0x00, 0xFF, 0xFF, 0x00, 0xFF, 0xFF, 0x00, 0xFF, 0xFF, 0x00, 0xFF, 0xFF, 0x00,
		0xFF, 0xFF, 0x00, 0xFF, 0xFF, 0x00, 0xFF, 0xFF, 0x00, 0xFF, 0xFF, 0x00, 0xFF, 0xFF, 0x00, 0xFF,
		0xFF, 0x00, 0xFF, 0xFF, 0x00, 0xFF, 0xFF, 0x00, 0xFF, 0xFF, 0x00, 0xFF, 0xFF, 0x00, 0xFF, 0xFF,
		0x00, 0xFF, 0xFF, 0x00, 0xFF, 0xFF, 0x00, 0xFF, 0xFF, 0x00, 0xFF, 0xFF, 0x00, 0xFF, 0xFF, 0x00,
		0xFF, 0xFF, 0x00, 0xFF, 0xFF, 0x00, 0xFF, 0xFF, 0x00, 0xFF, 0xFF, 0x00, 0xFF, 0xFF, 0x00, 0xFF,
		0xFF, 0x00, 0xFF, 0xFF, 0x00, 0xFF, 0xFF, 0x00, 0xFF, 0xFF, 0x00, 0xFF, 0xFF, 0x00, 0xFF, 0xFF,
		0x00, 0xFF, 0xFF, 0x00, 0xFF, 0xFF, 0x00, 0xFF, 0xFF, 0x00, 0xFF, 0xFF, 0x00, 0xFF, 0xFF, 0x00,
		0xFF, 0xFF, 0x00, 0xFF, 0xFF, 0x00, 0xFF, 0xFF, 0x00, 0xFF, 0xFF, 0x00, 0xFF, 0xFF, 0x00, 0xFF,
		0xFF, 0x00, 0xFF, 0xFF, 0x00, 0xFF, 0xFF, 0x00, 0xFF, 0xFF, 0x00, 0xFF, 0xFF, 0x00, 0xFF, 0xFF,
		0x00, 0xFF, 0xFF, 0x00, 0xFF, 0xFF, 0x00, 0xFF, 0xFF, 0x00, 0xFF, 0xFF, 0x00, 0xFF, 0xFF, 0x00,
		0xFF, 0xFF, 0x00, 0xFF, 0xFF, 0x00, 0xFF, 0xFF, 0x00, 0xFF, 0xFF, 0x00, 0xFF, 0xFF, 0x00, 0xFF,
		0xFF, 0x00, 0xFF, 0xFF, 0x00, 0xFF, 0xFF, 0x00, 0xFF, 0xFF, 0x00, 0xFF, 0xFF, 0x00, 0xFF, 0xFF,
		0x00, 0xFF, 0xFF, 0x00, 0xFF, 0xFF, 0x00, 0xFF, 0xFF, 0x00, 0xFF, 0xFF, 0x00, 0xFF, 0xFF, 0x00,
		0xFF, 0xFF, 0x00, 0xFF, 0xFF, 0x00, 0xFF, 0xFF, 0x00, 0xFF, 0xFF, 0x00, 0xFF, 0xFF, 0x00, 0xFF,
		0xFF, 0x00, 0xFF, 0xFF, 0x00, 0xFF, 0xFF, 0x00, 0xFF, 0xFF, 0x00, 0xFF, 0xFF, 0x00, 0xFF, 0xFF,
		0x00, 0xFF, 0xFF, 0x00, 0xFF, 0xFF, 0x00, 0xFF, 0xFF, 0x00, 0xFF, 0xFF, 0x00, 0xFF, 0xFF, 0x00,
		0xFF, 0xFF, 0x00, 0xFF, 0xFF, 0x00, 0xFF, 0xFF, 0x00, 0xFF, 0xFF, 0x00, 0xFF, 0xFF, 0x00, 0xFF,
		0xFF, 0x00, 0xFF, 0xFF, 0x00, 0xFF, 0xFF, 0x00, 0xFF, 0xFF, 0x00, 0xFF, 0xFF, 0x00, 0xFF, 0xFF,
		0x00, 0xFF, 0xFF, 0x00, 0xFF, 0xFF, 0x00, 0xFF, 0xFF, 0x00, 0xFF, 0xFF, 0x00, 0xFF, 0xFF, 0x00,
		0xFF, 0xFF, 0x00, 0xFF, 0xFF, 0x00, 0xFF, 0xFF, 0x00, 0xFF, 0xFF, 0x00, 0xFF, 0xFF, 0x00, 0xFF,
		0xFF, 0x00, 0xFF, 0xFF, 0x00, 0xFF, 0xFF, 0x00, 0xFF, 0xFF, 0x00, 0xFF, 0xFF, 0x00, 0xFF, 0xFF,
		0x00, 0xFF, 0xFF, 0x00, 0xFF, 0xFF, 0x00, 0xFF, 0xFF, 0x00, 0xFF, 0xFF, 0x00, 0xFF, 0xFF, 0x00,
		0xFF, 0xFF, 0x00, 0xFF, 0xFF, 0x00, 0xFF, 0xFF, 0x00, 0xFF, 0xFF, 0x00, 0xFF, 0xFF, 0x00, 0xFF,
		0xFF, 0x00, 0xFF, 0xFF, 0x00, 0xFF, 0xFF, 0x00, 0xFF, 0xFF, 0x00, 0xFF, 0xFF, 0x00, 0xFF, 0xFF,
		0x00, 0xFF, 0xFF, 0x00, 0xFF, 0xFF, 0x00, 0xFF, 0xFF, 0x00, 0xFF, 0xFF, 0x00, 0xFF, 0xFF, 0x00,
		0xFF, 0xFF, 0x00, 0xFF, 0xFF, 0x00, 0xFF, 0xFF, 0x00, 0xFF, 0xFF, 0x00, 0xFF, 0xFF, 0x00, 0xFF,
		0xFF, 0x00, 0xFF, 0xFF, 0x00, 0xFF, 0xFF, 0x00, 0xFF, 0xFF, 0x00, 0xFF, 0xFF, 0x00, 0xFF, 0xFF,
		0x00, 0xFF, 0xFF, 0x00, 0xFF, 0xFF, 0x00, 0xFF, 0xFF, 0x00, 0xFF, 0xFF, 0x00, 0xFF, 0xFF, 0x00,
		0xFF, 0xFF, 0x00, 0xFF, 0xFF, 0x00, 0xFF, 0xFF, 0x00, 0xFF, 0xFF, 0x00, 0xFF, 0xFF, 0x00, 0xFF,
		0xFF, 0x00, 0xFF, 0xFF, 0x00, 0xFF, 0xFF, 0x00, 0xFF, 0xFF, 0x00, 0xFF, 0xFF, 0x00, 0xFF, 0xFF,
		0x00, 0xFF, 0xFF, 0x00, 0xFF, 0xFF, 0x00, 0xFF, 0xFF, 0x00, 0xFF, 0xFF, 0x00, 0xFF, 0xFF, 0x00,
		0xFF, 0xFF, 0x00, 0xFF, 0xFF, 0x00, 0xFF, 0xFF, 0x00, 0xFF, 0xFF, 0x00, 0xFF, 0xFF, 0x00, 0xFF,
		0xFF, 0x00, 0xFF, 0xFF, 0x00, 0xFF, 0xFF, 0x00, 0xFF, 0xFF, 0x00, 0xFF, 0xFF, 0x00, 0xFF, 0xFF,
		0x00, 0xFF, 0xFF, 0x00, 0xFF, 0xFF, 0x00, 0xFF, 0xFF, 0x00, 0xFF, 0xFF, 0x00, 0xFF, 0xFF, 0x00,
		0xFF, 0xFF, 0x00, 0xFF, 0xFF, 0x00, 0xFF, 0xFF, 0x00, 0xFF, 0xFF, 0x00, 0xFF, 0xFF, 0x00, 0xFF,
		0xFF, 0x00, 0xFF, 0xFF, 0x00, 0xFF, 0xFF, 0x00, 0xFF, 0xFF, 0x00, 0xFF, 0xFF, 0x00, 0xFF, 0xFF,
		0x00, 0xFF, 0xFF, 0x00, 0xFF, 0xFF, 0x00, 0xFF, 0xFF, 0x00, 0xFF, 0xFF, 0x00, 0xFF, 0xFF, 0x00,
		0xFF, 0xFF, 0x00, 0xFF, 0xFF, 0x00, 0xFF, 0xFF, 0x00, 0xFF, 0xFF, 0x00, 0xFF, 0xFF, 0x00, 0xFF,
		0xFF, 0x00, 0xFF, 0xFF, 0x00, 0xFF, 0xFF, 0x00, 0xFF, 0xFF, 0x00, 0xFF, 0xFF, 0x00, 0xFF, 0xFF,
		0x00, 0xFF, 0xFF, 0x00, 0xFF, 0xFF, 0x00, 0xFF, 0xFF, 0x00, 0xFF, 0xFF, 0x00, 0xFF, 0xFF, 0x00,
		0xFF, 0xFF, 0x00, 0xFF, 0xFF, 0x00, 0xFF, 0xFF, 0x00, 0xFF, 0xFF, 0x00, 0xFF, 0xFF, 0x00, 0xFF,
		0xFF, 0x00, 0xFF, 0xFF, 0x00, 0xFF, 0xFF, 0x00, 0xFF, 0xFF, 0x00, 0xFF, 0xFF, 0x00, 0xFF, 0xFF,
		0x00, 0xFF, 0xFF, 0x00, 0xFF, 0xFF, 0x00, 0xFF, 0xFF, 0x00, 0xFF, 0xFF, 0x00, 0xFF, 0xFF, 0x00,
		0xFF, 0xFF, 0x00, 0xFF, 0xFF, 0x00, 0xFF, 0xFF, 0x00, 0xFF, 0xFF, 0x00, 0xFF, 0xFF, 0x00, 0xFF,
		0xFF, 0x00, 0xFF, 0xFF, 0x00, 0xFF, 0xFF, 0x00, 0xFF, 0xFF, 0x00, 0xFF, 0xFF, 0x00, 0xFF, 0xFF,
		0x00, 0xFF, 0xFF, 0x00, 0xFF, 0xFF, 0x00, 0xFF, 0xFF, 0x00, 0xFF, 0xFF, 0x00, 0xFF, 0xFF, 0x00,
		0xFF, 0xFF, 0x00, 0xFF, 0xFF, 0x00, 0xFF, 0xFF, 0x00, 0xFF, 0xFF, 0x00, 0xFF, 0xFF, 0x00, 0xFF,
		0xFF, 0x00, 0xFF, 0xFF, 0x00, 0xFF, 0xFF, 0x00, 0xFF, 0xFF, 0x00, 0xFF, 0xFF, 0x00, 0xFF, 0xFF,
		0x00, 0xFF, 0xFF, 0x00, 0xFF, 0xFF, 0x00, 0xFF, 0xFF, 0x00, 0xFF, 0xFF, 0x00, 0xFF, 0xFF, 0x00,
		0xFF, 0xFF, 0x00, 0xFF, 0xFF, 0x00, 0xFF, 0xFF, 0x00, 0xFF, 0xFF, 0x00, 0xFF, 0xFF, 0x00, 0xFF,
		0xFF, 0x00, 0xFF, 0xFF, 0x00, 0xFF, 0xFF, 0x00, 0xFF, 0xFF, 0x00, 0xFF, 0xFF, 0x00, 0xFF, 0xFF,
		0x00, 0xFF, 0xFF, 0x00, 0xFF, 0xFF, 0x00, 0xFF, 0xFF, 0x00, 0xFF, 0xFF, 0x00, 0xFF, 0xFF, 0x00,
		0xFF, 0xFF, 0x00, 0xFF, 0xFF, 0x00, 0xFF, 0xFF, 0x00, 0xFF, 0xFF, 0x00, 0xFF, 0xFF, 0x00, 0xFF,
		0xFF, 0x00, 0xFF, 0xFF, 0x00, 0xFF, 0xFF, 0x00, 0xFF, 0xFF, 0x00, 0xFF, 0xFF, 0x00, 0xFF, 0xFF,
		0x00, 0xFF, 0xFF, 0x00, 0xFF, 0xFF, 0x00, 0xFF, 0xFF, 0x00, 0xFF, 0xFF, 0x00, 0xFF, 0xFF, 0x00,
		0xFF, 0xFF, 0x00, 0xFF, 0xFF, 0x00, 0xFF, 0xFF, 0x00, 0xFF, 0xFF, 0x00, 0xFF, 0xFF, 0x00, 0xFF,
		0x00, 0x00, 0x00, 0xFF, 0x00, 0xFF, 0xFF, 0x00, 0xFF, 0xFF, 0x00, 0xFF, 0xFF, 0x00, 0xFF, 0xFF,
		0x00, 0xFF, 0xFF, 0x00, 0xFF, 0xFF, 0x00, 0xFF, 0xFF, 0x00, 0xFF, 0xFF, 0x00, 0xFF, 0xFF, 0x00,
		0xFF, 0xFF, 0x00, 0xFF, 0xFF, 0x00, 0xFF, 0xFF, 0x00, 0xFF, 0xFF, 0x00, 0xFF, 0xFF, 0x00, 0xFF,
		0xFF, 0x00, 0xFF, 0xFF, 0x00, 0xFF, 0xFF, 0x00, 0xFF, 0xFF, 0x00, 0xFF, 0xFF, 0x00, 0xFF, 0xFF,
		0x00, 0xFF, 0xFF, 0x00, 0xFF, 0xFF, 0x00, 0xFF, 0xFF, 0x00, 0xFF, 0xFF, 0x00, 0xFF, 0xFF, 0x00,
		0xFF, 0xFF, 0x00, 0xFF, 0xFF, 0x00, 0xFF, 0xFF, 0x00, 0xFF, 0xFF, 0x00, 0xFF, 0x85, 0xCB, 0xE5,
		0x21, 0x2B, 0x2E, 0x21, 0x2B, 0x2E, 0x21, 0x2B, 0x2E, 0x21, 0x2B, 0x2E, 0xFF, 0x00, 0xFF, 0xFF,
		0x00, 0xFF, 0xFF, 0x00, 0xFF, 0xFF, 0x00, 0xFF, 0xFF, 0x00, 0xFF, 0xFF, 0x00, 0xFF, 0xFF, 0x00,
		0xFF, 0xFF, 0x00, 0xFF, 0xFF, 0x00, 0xFF, 0xFF, 0x00, 0xFF, 0xFF, 0x00, 0xFF, 0xFF, 0x00, 0xFF,
		0xFF, 0x00, 0xFF, 0xFF, 0x00, 0xFF, 0xFF, 0x00, 0xFF, 0xFF, 0x00, 0xFF, 0xFF, 0x00, 0xFF, 0xFF,
		0x00, 0xFF, 0xFF, 0x00, 0xFF, 0xFF, 0x00, 0xFF, 0xFF, 0x00, 0xFF, 0xFF, 0x00, 0xFF, 0xFF, 0x00,
		0xFF, 0xFF, 0x00, 0xFF, 0xFF, 0x00, 0xFF, 0xFF, 0x00, 0xFF, 0xFF, 0x00, 0xFF, 0xFF, 0x00, 0xFF,
		0x4F, 0x96, 0x6E, 0x4F, 0x96, 0x6E, 0x4F, 0x96, 0x6E, 0x4F, 0x96, 0x6E, 0xFF, 0x00, 0xFF, 0xFF,
		0x00, 0xFF, 0xFF, 0x00, 0xFF, 0xFF, 0x00, 0xFF, 0xFF, 0x00, 0xFF, 0xFF, 0x00, 0xFF, 0xFF, 0x00,
		0xFF, 0xFF, 0x00, 0xFF, 0xFF, 0x00, 0xFF, 0xFF, 0x00, 0xFF, 0xFF, 0x00, 0xFF, 0xFF, 0x00, 0xFF,
		0xFF, 0x00, 0xFF, 0xFF, 0x00, 0xFF, 0xFF, 0x00, 0xFF, 0xFF, 0x00, 0xFF, 0xFF, 0x00, 0xFF, 0xFF,
		0x00, 0xFF, 0xFF, 0x00, 0xFF, 0xFF, 0x00, 0xFF, 0xFF, 0x00, 0xFF, 0xFF, 0x00, 0xFF, 0xFF, 0x00,
		0xFF, 0xFF, 0x00, 0xFF, 0xFF, 0x00, 0xFF, 0xFF, 0x00, 0xFF, 0xFF, 0x00, 0xFF, 0xFF, 0x00, 0xFF,
		0xFF, 0x00, 0xFF, 0xFF, 0x00, 0xFF, 0xFF, 0x00, 0xFF, 0xFF, 0x00, 0xFF, 0xFF, 0x00, 0xFF, 0xFF,
		0x00, 0xFF, 0xFF, 0x00, 0xFF, 0xFF, 0x00, 0xFF, 0xFF, 0x00, 0xFF, 0xFF, 0x00, 0xFF, 0xFF, 0x00,
		0xFF, 0xFF, 0x00, 0xFF, 0xFF, 0x00, 0xFF, 0xFF, 0x00, 0xFF, 0xFF, 0x00, 0xFF, 0xFF, 0x00, 0xFF,
		0xFF, 0x00, 0xFF, 0xFF, 0x00, 0xFF, 0xFF, 0x00, 0xFF, 0xFF, 0x00, 0xFF, 0x15, 0x22, 0x17, 0x15,
		0x22, 0x17, 0x15, 0x22, 0x17, 0x15, 0x22, 0x17, 0x15, 0x22, 0x17, 0x15, 0x22, 0x17, 0xFF, 0x00,
		0xFF, 0xFF, 0x00, 0xFF, 0xFF, 0x00, 0xFF, 0xFF, 0x00, 0xFF, 0xFF, 0x00, 0xFF, 0xFF, 0x00, 0xFF,
		0xFF, 0x00, 0xFF, 0xFF, 0x00, 0xFF, 0xFF, 0x00, 0xFF, 0xFF, 0x00, 0xFF, 0xFF, 0x00, 0xFF, 0xFF,
		0x00, 0xFF, 0xFF, 0x00, 0xFF, 0xFF, 0x00, 0xFF, 0xFF, 0x00, 0xFF, 0xFF, 0x00, 0xFF, 0x15, 0x22,
		0x17, 0x15, 0x22, 0x17, 0x15, 0x22, 0x17, 0x15, 0x22, 0x17, 0x15, 0x22, 0x17, 0x15, 0x22, 0x17,
		0xFF, 0x00, 0xFF, 0xFF, 0x00, 0xFF, 0xFF, 0x00, 0xFF, 0xFF, 0x00, 0xFF, 0xFF, 0x00, 0xFF, 0xFF,
		0x00, 0xFF, 0xFF, 0x00, 0xFF, 0xFF, 0x00, 0xFF, 0xFF, 0x00, 0xFF, 0xFF, 0x00, 0xFF, 0xFF, 0x00,
		0xFF, 0xFF, 0x00, 0xFF, 0xFF, 0x00, 0xFF, 0xFF, 0x00, 0xFF, 0xFF, 0x00, 0xFF, 0xFF, 0x00, 0xFF,
		0xFF, 0x00, 0xFF, 0xFF, 0x00, 0xFF, 0xFF, 0x00, 0xFF, 0xFF, 0x00, 0xFF, 0xFF, 0x00, 0xFF, 0xFF,
		0x00, 0xFF, 0xFF, 0x00, 0xFF, 0xFF, 0x00, 0xFF, 0xFF, 0x00, 0xFF, 0xFF, 0x00, 0xFF, 0xFF, 0x00,
		0xFF, 0xFF, 0x00, 0xFF, 0xFF, 0x00, 0xFF, 0xFF, 0x00, 0xFF, 0xFF, 0x00, 0xFF, 0xFF, 0x00, 0xFF,
		0xFF, 0x00, 0xFF, 0xFF, 0x00, 0xFF, 0xFF, 0x00, 0xFF, 0xFF, 0x00, 0xFF, 0xFF, 0x00, 0xFF, 0xFF,
		0x00, 0xFF, 0xFF, 0x00, 0xFF, 0xFF, 0x00, 0xFF, 0xFF, 0x00, 0xFF, 0xFF, 0x00, 0xFF, 0xFF, 0x00,
		0xFF, 0xFF, 0x00, 0xFF, 0xFF, 0x00, 0xFF, 0xFF, 0x00, 0xFF, 0xFF, 0x00, 0xFF, 0xFF, 0x00, 0xFF,
		0xFF, 0x00, 0xFF, 0xFF, 0x00, 0xFF, 0xFF, 0x00, 0xFF, 0xFF, 0x00, 0xFF, 0xFF, 0x00, 0xFF, 0xFF,
		0x00, 0xFF, 0xFF, 0x00, 0xFF, 0xFF, 0x00, 0xFF, 0xFF, 0x00, 0xFF, 0xFF, 0x00, 0xFF, 0xFF, 0x00,
		0xFF, 0xFF, 0x00, 0xFF, 0xFF, 0x00, 0xFF, 0xFF, 0x00, 0xFF, 0xFF, 0x00, 0xFF, 0xFF, 0x00, 0xFF,
		0xFF, 0x00, 0xFF, 0xFF, 0x00, 0xFF, 0xFF, 0x00, 0xFF, 0xFF, 0x00, 0xFF, 0xFF, 0x00, 0xFF, 0xFF,
		0x00, 0xFF, 0xFF, 0x00, 0xFF, 0xFF, 0x00, 0xFF, 0xFF, 0x00, 0xFF, 0xFF, 0x00, 0xFF, 0xFF, 0x00,
		0xFF, 0xFF, 0x00, 0xFF, 0xFF, 0x00, 0xFF, 0xFF, 0x00, 0xFF, 0xFF, 0x00, 0xFF, 0xFF, 0x00, 0xFF,
		0xFF, 0x00, 0xFF, 0xFF, 0x00, 0xFF, 0xFF, 0x00, 0xFF, 0xFF, 0x00, 0xFF, 0xFF, 0x00, 0xFF, 0xFF,
		0x00, 0xFF, 0xFF, 0x00, 0xFF, 0xFF, 0x00, 0xFF, 0xFF, 0x00, 0xFF, 0xFF, 0x00, 0xFF, 0x5A, 0x92,
		0x72, 0x7D, 0xDF, 0xA7, 0x1F, 0x2E, 0x24, 0xFF, 0x00, 0xFF, 0xFF, 0x00, 0xFF, 0xFF, 0x00, 0xFF,
		0xFF, 0x00, 0xFF, 0xFF, 0x00, 0xFF, 0xFF, 0x00, 0xFF, 0xFF, 0x00, 0xFF, 0xFF, 0x00, 0xFF, 0xFF,
		0x00, 0xFF, 0xFF, 0x00, 0xFF, 0xFF, 0x00, 0xFF, 0xFF, 0x00, 0xFF, 0xFF, 0x00, 0xFF, 0xFF, 0x00,
		0xFF, 0xFF, 0x00, 0xFF, 0xFF, 0x00, 0xFF, 0xFF, 0x00, 0xFF, 0xFF, 0x00, 0xFF, 0xFF, 0x00, 0xFF,
		0xFF, 0x00, 0xFF, 0xFF, 0x00, 0xFF, 0xFF, 0x00, 0xFF, 0xFF, 0x00, 0xFF, 0xFF, 0x00, 0xFF, 0xFF,
		0x00, 0xFF, 0xFF, 0x00, 0xFF, 0xFF, 0x00, 0xFF, 0xFF, 0x00, 0xFF, 0xFF, 0x00, 0xFF, 0x5A, 0x92,
		0x72, 0x7D, 0xDF, 0xA7, 0x1F, 0x2E, 0x24, 0xFF, 0x00, 0xFF, 0xFF, 0x00, 0xFF, 0xFF, 0x00, 0xFF,
		0xFF, 0x00, 0xFF, 0xFF, 0x00, 0xFF, 0xFF, 0x00, 0xFF, 0xFF, 0x00, 0xFF, 0xFF, 0x00, 0xFF, 0xFF,
		0x00, 0xFF, 0xFF, 0x00, 0xFF, 0xFF, 0x00, 0xFF, 0xFF, 0x00, 0xFF, 0xFF, 0x00, 0xFF, 0xFF, 0x00,
		0xFF, 0xFF, 0x00, 0xFF, 0xFF, 0x00, 0xFF, 0xFF, 0x00, 0xFF, 0xFF, 0x00, 0xFF, 0xFF, 0x00, 0xFF,
		0xFF, 0x00, 0xFF, 0xFF, 0x00, 0xFF, 0xFF, 0x00, 0xFF, 0xFF, 0x00, 0xFF, 0xFF, 0x00, 0xFF, 0xFF,
		0x00, 0xFF, 0xFF, 0x00, 0xFF, 0xFF, 0x00, 0xFF, 0x5A, 0x92, 0x72, 0x7D, 0xDF, 0xA7, 0x1F, 0x2E,
		0x24, 0xFF, 0x00, 0xFF, 0xFF, 0x00, 0xFF, 0xFF, 0x00, 0xFF, 0xFF, 0x00, 0xFF, 0xFF, 0x00, 0xFF,
		0xFF, 0x00, 0xFF, 0xFF, 0x00, 0xFF, 0xFF, 0x00, 0xFF, 0xFF, 0x00, 0xFF, 0xFF, 0x00, 0xFF, 0xFF,
		0x00, 0xFF, 0xFF, 0x00, 0xFF, 0xFF, 0x00, 0xFF, 0xFF, 0x00, 0xFF, 0xFF, 0x00, 0xFF, 0xFF, 0x00,
		0xFF, 0xFF, 0x00, 0xFF, 0xFF, 0x00, 0xFF, 0xFF, 0x00, 0xFF, 0xFF, 0x00, 0xFF, 0xFF, 0x00, 0xFF,
		0xFF, 0x00, 0xFF, 0xFF, 0x00, 0xFF, 0xFF, 0x00, 0xFF, 0xFF, 0x00, 0xFF, 0xFF, 0x00, 0xFF, 0xFF,
		0x00, 0xFF, 0x5A, 0x92, 0x72, 0x7D, 0xDF, 0xA7, 0x1F, 0x2E, 0x24, 0xFF, 0x00, 0xFF, 0xFF, 0x00,
		0xFF, 0xFF, 0x00, 0xFF, 0xFF, 0x00, 0xFF, 0xFF, 0x00, 0xFF, 0xFF, 0x00, 0xFF, 0xFF, 0x00, 0xFF,
		0xFF, 0x00, 0xFF, 0xFF, 0x00, 0xFF, 0xFF, 0x00, 0xFF, 0xFF, 0x00, 0xFF, 0xFF, 0x00, 0xFF, 0xFF,
		0x00, 0xFF, 0xFF, 0x00, 0xFF, 0xFF, 0x00, 0xFF, 0xFF, 0x00, 0xFF, 0xFF, 0x00, 0xFF, 0xFF, 0x00,
		0xFF, 0xFF, 0x00, 0xFF, 0xFF, 0x00, 0xFF, 0xFF, 0x00, 0xFF, 0xFF, 0x00, 0xFF, 0xFF, 0x00, 0xFF,
		0xFF, 0x00, 0xFF, 0xFF, 0x00, 0xFF, 0xFF, 0x00, 0xFF, 0xFF, 0x00, 0xFF, 0x5A, 0x92, 0x72, 0x7D,
		0xDF, 0xA7, 0x1F, 0x2E, 0x24, 0xFF, 0x00, 0xFF, 0xFF, 0x00, 0xFF, 0xFF, 0x00, 0xFF, 0xFF, 0x00,
		0xFF, 0xFF, 0x00, 0xFF, 0xFF, 0x00, 0xFF, 0xFF, 0x00, 0xFF, 0xFF, 0x00, 0xFF, 0xFF, 0x00, 0xFF,
		0xFF, 0x00, 0xFF, 0xFF, 0x00, 0xFF, 0xFF, 0x00, 0xFF, 0xFF, 0x00, 0xFF, 0xFF, 0x00, 0xFF, 0xFF,
		0x00, 0xFF, 0xFF, 0x00, 0xFF, 0xFF, 0x00, 0xFF, 0xFF, 0x00, 0xFF, 0xFF, 0x00, 0xFF, 0xFF, 0x00,
		0xFF, 0xFF, 0x00, 0xFF, 0xFF, 0x00, 0xFF, 0xFF, 0x00, 0xFF, 0xFF, 0x00, 0xFF, 0xFF, 0x00, 0xFF,
		0xFF, 0x00, 0xFF, 0xFF, 0x00, 0xFF, 0xFF, 0x00, 0xFF, 0xFF, 0x00, 0xFF, 0xFF, 0x00, 0xFF, 0xFF,
		0x00, 0xFF, 0xFF, 0x00, 0xFF, 0xFF, 0x00, 0xFF, 0xFF, 0x00, 0xFF, 0xFF, 0x00, 0xFF, 0x5A, 0x92,
		0x72, 0x7D, 0xDF, 0xA7, 0x1F, 0x2E, 0x24, 0xFF, 0x00, 0xFF, 0xFF, 0x00, 0xFF, 0xFF, 0x00, 0xFF,
		0xFF, 0x00, 0xFF, 0xFF, 0x00, 0xFF, 0xFF, 0x00, 0xFF, 0xFF, 0x00, 0xFF, 0xFF, 0x00, 0xFF, 0xFF,
		0x00, 0xFF, 0xFF, 0x00, 0xFF, 0xFF, 0x00, 0xFF, 0xFF, 0x00, 0xFF, 0xFF, 0x00, 0xFF, 0xFF, 0x00,
		0xFF, 0xFF, 0x00, 0xFF, 0xFF, 0x00, 0xFF, 0xFF, 0x00, 0xFF, 0xFF, 0x00, 0xFF, 0xFF, 0x00, 0xFF,
		0xFF, 0x00, 0xFF, 0xFF, 0x00, 0xFF, 0xFF, 0x00, 0xFF, 0xFF, 0x00, 0xFF, 0xFF, 0x00, 0xFF, 0xFF,
		0x00, 0xFF, 0xFF, 0x00, 0xFF, 0xFF, 0x00, 0xFF, 0xFF, 0x00, 0xFF, 0xFF, 0x00, 0xFF, 0x5A, 0x92,
		0x72, 0x7D, 0xDF, 0xA7, 0x1F, 0x2E, 0x24, 0xFF, 0x00, 0xFF, 0xFF, 0x00, 0xFF, 0xFF, 0x00, 0xFF,
		0xFF, 0x00, 0xFF, 0xFF, 0x00, 0xFF, 0xFF, 0x00, 0xFF, 0xFF, 0x00, 0xFF, 0xFF, 0x00, 0xFF, 0xFF,
		0x00, 0xFF, 0xFF, 0x00, 0xFF, 0xFF, 0x00, 0xFF, 0xFF, 0x00, 0xFF, 0xFF, 0x00, 0xFF, 0xFF, 0x00,
		0xFF, 0xFF, 0x00, 0xFF, 0xFF, 0x00, 0xFF, 0xFF, 0x00, 0xFF, 0xFF, 0x00, 0xFF, 0xFF, 0x00, 0xFF,
		0xFF, 0x00, 0xFF, 0xFF, 0x00, 0xFF, 0xFF, 0x00, 0xFF, 0xFF, 0x00, 0xFF, 0xFF, 0x00, 0xFF, 0xFF,
		0x00, 0xFF, 0xFF, 0x00, 0xFF, 0xFF, 0x00, 0xFF, 0x5A, 0x92, 0x72, 0x7D, 0xDF, 0xA7, 0x1F, 0x2E,
		0x24, 0xFF, 0x00, 0xFF, 0xFF, 0x00, 0xFF, 0xFF, 0x00, 0xFF, 0xFF, 0x00, 0xFF, 0xFF, 0x00, 0xFF,
		0xFF, 0x00, 0xFF, 0xFF, 0x00, 0xFF, 0xFF, 0x00, 0xFF, 0xFF, 0x00, 0xFF, 0xFF, 0x00, 0xFF, 0xFF,
		0x00, 0xFF, 0xFF, 0x00, 0xFF, 0xFF, 0x00, 0xFF, 0xFF, 0x00, 0xFF, 0xFF, 0x00, 0xFF, 0xFF, 0x00,
		0xFF, 0xFF, 0x00, 0xFF, 0xFF, 0x00, 0xFF, 0xFF, 0x00, 0xFF, 0xFF, 0x00, 0xFF, 0xFF, 0x00, 0xFF,
		0xFF, 0x00, 0xFF, 0xFF, 0x00, 0xFF, 0xFF, 0x00, 0xFF, 0xFF, 0x00, 0xFF, 0xFF, 0x00, 0xFF, 0xFF,
		0x00, 0xFF, 0x5A, 0x92, 0x72, 0x7D, 0xDF, 0xA7, 0x1F, 0x2E, 0x24, 0xFF, 0x00, 0xFF, 0xFF, 0x00,
		0xFF, 0xFF, 0x00, 0xFF, 0xFF, 0x00, 0xFF, 0xFF, 0x00, 0xFF, 0xFF, 0x00, 0xFF, 0xFF, 0x00, 0xFF,
		0xFF, 0x00, 0xFF, 0xFF, 0x00, 0xFF, 0xFF, 0x00, 0xFF, 0xFF, 0x00, 0xFF, 0xFF, 0x00, 0xFF, 0xFF,
		0x00, 0xFF, 0xFF, 0x00, 0xFF, 0xFF, 0x00, 0xFF, 0xFF, 0x00, 0xFF, 0xFF, 0x00, 0xFF, 0xFF, 0x00,
		0xFF, 0xFF, 0x00, 0xFF, 0xFF, 0x00, 0xFF, 0xFF, 0x00, 0xFF, 0xFF, 0x00, 0xFF, 0xFF, 0x00, 0xFF,
		0xFF, 0x00, 0xFF, 0xFF, 0x00, 0xFF, 0xFF, 0x00, 0xFF, 0xFF, 0x00, 0xFF, 0x5A, 0x92, 0x72, 0x7D,
		0xDF, 0xA7, 0x1F, 0x2E, 0x24, 0xFF, 0x00, 0xFF, 0xFF, 0x00, 0xFF, 0xFF, 0x00, 0xFF, 0xFF, 0x00,
		0xFF, 0xFF, 0x00, 0xFF, 0xFF, 0x00, 0xFF, 0xFF, 0x00, 0xFF, 0xFF, 0x00, 0xFF, 0xFF, 0x00, 0xFF,
		0xFF, 0x00, 0xFF, 0xFF, 0x00, 0xFF, 0xFF, 0x00, 0xFF, 0xFF, 0x00, 0xFF, 0xFF, 0x00, 0xFF, 0xFF,
		0x00, 0xFF, 0xFF, 0x00, 0xFF, 0xFF, 0x00, 0xFF, 0xFF, 0x00, 0xFF, 0xFF, 0x00, 0xFF, 0xFF, 0x00,
		0xFF, 0xFF, 0x00, 0xFF, 0xFF, 0x00, 0xFF, 0xFF, 0x00, 0xFF, 0xFF, 0x00, 0xFF, 0x00, 0x00, 0x00,
		0x6B, 0xE6, 0x9F, 0x15, 0x22, 0x17, 0x18, 0x20, 0x19, 0xFF, 0x00, 0xFF, 0xFF, 0x00, 0xFF, 0xFF,
		0x00, 0xFF, 0xFF, 0x00, 0xFF, 0xFF, 0x00, 0xFF, 0xFF, 0x00, 0xFF, 0xFF, 0x00, 0xFF, 0xFF, 0x00,
		0xFF, 0xFF, 0x00, 0xFF, 0xFF, 0x00, 0xFF, 0xFF, 0x00, 0xFF, 0xFF, 0x00, 0xFF, 0xFF, 0x00, 0xFF,
		0xFF, 0x00, 0xFF, 0xFF, 0x00, 0xFF, 0xFF, 0x00, 0xFF, 0xFF, 0x00, 0xFF, 0xFF, 0x00, 0xFF, 0xFF,
		0x00, 0xFF, 0xFF, 0x00, 0xFF, 0xFF, 0x00, 0xFF, 0xFF, 0x00, 0xFF, 0xFF, 0x00, 0xFF, 0xFF, 0x00,
		0xFF, 0xFF, 0x00, 0xFF, 0xFF, 0x00, 0xFF, 0xFF, 0x00, 0xFF, 0xFF, 0x00, 0xFF, 0x85, 0xCB, 0xE5,
		0x41, 0xA6, 0xCB, 0x41, 0xA6, 0xCB, 0x41, 0xA6, 0xCB, 0x21, 0x2B, 0x2E, 0xFF, 0x00, 0xFF, 0xFF,
		0x00, 0xFF, 0xFF, 0x00, 0xFF, 0xFF, 0x00, 0xFF, 0xFF, 0x00, 0xFF, 0xFF, 0x00, 0xFF, 0xFF, 0x00,
		0xFF, 0xFF, 0x00, 0xFF, 0xFF, 0x00, 0xFF, 0xFF, 0x00, 0xFF, 0xFF, 0x00, 0xFF, 0xFF, 0x00, 0xFF,
		0xFF, 0x00, 0xFF, 0xFF, 0x00, 0xFF, 0xFF, 0x00, 0xFF, 0xFF, 0x00, 0xFF, 0xFF, 0x00, 0xFF, 0xFF,
		0x00, 0xFF, 0xFF, 0x00, 0xFF, 0xFF, 0x00, 0xFF, 0xFF, 0x00, 0xFF, 0xFF, 0x00, 0xFF, 0xFF, 0x00,
		0xFF, 0xFF, 0x00, 0xFF, 0xFF, 0x00, 0xFF, 0xFF, 0x00, 0xFF, 0xFF, 0x00, 0xFF, 0x4F, 0x96, 0x6E,
		0x6B, 0xE6, 0x9F, 0x6B, 0xE6, 0x9F, 0x6B, 0xE6, 0x9F, 0x6B, 0xE6, 0x9F, 0x4F, 0x96, 0x6E, 0xFF,
		0x00, 0xFF, 0xFF, 0x00, 0xFF, 0xFF, 0x00, 0xFF, 0xFF, 0x00, 0xFF, 0xFF, 0x00, 0xFF, 0xFF, 0x00,
		0xFF, 0xFF, 0x00, 0xFF, 0xFF, 0x00, 0xFF, 0xFF, 0x00, 0xFF, 0xFF, 0x00, 0xFF, 0xFF, 0x00, 0xFF,
		0xFF, 0x00, 0xFF, 0xFF, 0x00, 0xFF, 0xFF, 0x00, 0xFF, 0xFF, 0x00, 0xFF, 0x09, 0x24, 0x09, 0x09,
		0x24, 0x09, 0xFF, 0x00, 0xFF, 0xFF, 0x00, 0xFF, 0xFF, 0x00, 0xFF, 0xFF, 0x00, 0xFF, 0xFF, 0x00,
		0xFF, 0xFF, 0x00, 0xFF, 0xFF, 0x00, 0xFF, 0xFF, 0x00, 0xFF, 0xFF, 0x00, 0xFF, 0xFF, 0x00, 0xFF,
		0xFF, 0x00, 0xFF, 0xFF, 0x00, 0xFF, 0xFF, 0x00, 0xFF, 0xFF, 0x00, 0xFF, 0xFF, 0x00, 0xFF, 0xFF,
		0x00, 0xFF, 0xFF, 0x00, 0xFF, 0xFF, 0x00, 0xFF, 0xFF, 0x00, 0xFF, 0xFF, 0x00, 0xFF, 0xFF, 0x00,
		0xFF, 0xFF, 0x00, 0xFF, 0xFF, 0x00, 0xFF, 0x09, 0x24, 0x09, 0x09, 0x24, 0x09, 0xFF, 0x00, 0xFF,
		0xFF, 0x00, 0xFF, 0xFF, 0x00, 0xFF, 0xFF, 0x00, 0xFF, 0xFF, 0x00, 0xFF, 0x6B, 0xE6, 0x9F, 0x6B,
		0xE6, 0x9F, 0x6B, 0xE6, 0x9F, 0x6B, 0xE6, 0x9F, 0x6B, 0xE6, 0x9F, 0x15, 0x22, 0x17, 0xFF, 0x00,
		0xFF, 0xFF, 0x00, 0xFF, 0xFF, 0x00, 0xFF, 0xFF, 0x00, 0xFF, 0xFF, 0x00, 0xFF, 0xFF, 0x00, 0xFF,
		0xFF, 0x00, 0xFF, 0xFF, 0x00, 0xFF, 0xFF, 0x00, 0xFF, 0xFF, 0x00, 0xFF, 0xFF, 0x00, 0xFF, 0xFF,
		0x00, 0xFF, 0xFF, 0x00, 0xFF, 0xFF, 0x00, 0xFF, 0xFF, 0x00, 0xFF, 0xFF, 0x00, 0xFF, 0x15, 0x22,
		0x17, 0x6B, 0xE6, 0x9F, 0x6B, 0xE6, 0x9F, 0x6B, 0xE6, 0x9F, 0x6B, 0xE6, 0x9F, 0x6B, 0xE6, 0x9F,
		0xFF, 0x00, 0xFF, 0xFF, 0x00, 0xFF, 0xFF, 0x00, 0xFF, 0xFF, 0x00, 0xFF, 0xFF, 0x00, 0xFF, 0xFF,
		0x00, 0xFF, 0xFF, 0x00, 0xFF, 0xFF, 0x00, 0xFF, 0xFF, 0x00, 0xFF, 0xFF, 0x00, 0xFF, 0xFF, 0x00,
		0xFF, 0xFF, 0x00, 0xFF, 0xFF, 0x00, 0xFF, 0xFF, 0x00, 0xFF, 0xFF, 0x00, 0xFF, 0xFF, 0x00, 0xFF,
		0xFF, 0x00, 0xFF, 0xFF, 0x00, 0xFF, 0xFF, 0x00, 0xFF, 0xFF, 0x00, 0xFF, 0xFF, 0x00, 0xFF, 0xFF,
		0x00, 0xFF, 0xFF, 0x00, 0xFF, 0xFF, 0x00, 0xFF, 0xFF, 0x00, 0xFF, 0xFF, 0x00, 0xFF, 0xFF, 0x00,
		0xFF, 0xFF, 0x00, 0xFF, 0xFF, 0x00, 0xFF, 0xFF, 0x00, 0xFF, 0xFF, 0x00, 0xFF, 0xFF, 0x00, 0xFF,
		0xFF, 0x00, 0xFF, 0xFF, 0x00, 0xFF, 0xFF, 0x00, 0xFF, 0xFF, 0x00, 0xFF, 0xFF, 0x00, 0xFF, 0xFF,
		0x00, 0xFF, 0xFF, 0x00, 0xFF, 0xFF, 0x00, 0xFF, 0xFF, 0x00, 0xFF, 0xFF, 0x00, 0xFF, 0xFF, 0x00,
		0xFF, 0xFF, 0x00, 0xFF, 0xFF, 0x00, 0xFF, 0xFF, 0x00, 0xFF, 0xFF, 0x00, 0xFF, 0xFF, 0x00, 0xFF,
		0xFF, 0x00, 0xFF, 0xFF, 0x00, 0xFF, 0xFF, 0x00, 0xFF, 0xFF, 0x00, 0xFF, 0xFF, 0x00, 0xFF, 0xFF,
		0x00, 0xFF, 0xFF, 0x00, 0xFF, 0xFF, 0x00, 0xFF, 0xFF, 0x00, 0xFF, 0xFF, 0x00, 0xFF, 0xFF, 0x00,
		0xFF, 0xFF, 0x00, 0xFF, 0xFF, 0x00, 0xFF, 0xFF, 0x00, 0xFF, 0xFF, 0x00, 0xFF, 0xFF, 0x00, 0xFF,
		0xFF, 0x00, 0xFF, 0xFF, 0x00, 0xFF, 0xFF, 0x00, 0xFF, 0xFF, 0x00, 0xFF, 0xFF, 0x00, 0xFF, 0xFF,
		0x00, 0xFF, 0xFF, 0x00, 0xFF, 0xFF, 0x00, 0xFF, 0xFF, 0x00, 0xFF, 0xFF, 0x00, 0xFF, 0xFF, 0x00,
		0xFF, 0xFF, 0x00, 0xFF, 0xFF, 0x00, 0xFF, 0xFF, 0x00, 0xFF, 0xFF, 0x00, 0xFF, 0xFF, 0x00, 0xFF,
		0xFF, 0x00, 0xFF, 0xFF, 0x00, 0xFF, 0xFF, 0x00, 0xFF, 0xFF, 0x00, 0xFF, 0xFF, 0x00, 0xFF, 0xFF,
		0x00, 0xFF, 0xFF, 0x00, 0xFF, 0xFF, 0x00, 0xFF, 0xFF, 0x00, 0xFF, 0xFF, 0x00, 0xFF, 0x5A, 0x92,
		0x72, 0x7D, 0xDF, 0xA7, 0x1F, 0x2E, 0x24, 0xFF, 0x00, 0xFF, 0xFF, 0x00, 0xFF, 0xFF, 0x00, 0xFF,
		0xFF, 0x00, 0xFF, 0xFF, 0x00, 0xFF, 0xFF, 0x00, 0xFF, 0xFF, 0x00, 0xFF, 0xFF, 0x00, 0xFF, 0xFF,
		0x00, 0xFF, 0xFF, 0x00, 0xFF, 0xFF, 0x00, 0xFF, 0xFF, 0x00, 0xFF, 0xFF, 0x00, 0xFF, 0xFF, 0x00,
		0xFF, 0xFF, 0x00, 0xFF, 0xFF, 0x00, 0xFF, 0xFF, 0x00, 0xFF, 0xFF, 0x00, 0xFF, 0xFF, 0x00, 0xFF,
		0xFF, 0x00, 0xFF, 0xFF, 0x00, 0xFF, 0xFF, 0x00, 0xFF, 0xFF, 0x00, 0xFF, 0xFF, 0x00, 0xFF, 0xFF,
		0x00, 0xFF, 0xFF, 0x00, 0xFF, 0xFF, 0x00, 0xFF, 0xFF, 0x00, 0xFF, 0xFF, 0x00, 0xFF, 0x5A, 0x92,
		0x72, 0x7D, 0xDF, 0xA7, 0x1F, 0x2E, 0x24, 0xFF, 0x00, 0xFF, 0xFF, 0x00, 0xFF, 0xFF, 0x00, 0xFF,
		0xFF, 0x00, 0xFF, 0xFF, 0x00, 0xFF, 0xFF, 0x00, 0xFF, 0xFF, 0x00, 0xFF, 0xFF, 0x00, 0xFF, 0xFF,
		0x00, 0xFF, 0xFF, 0x00, 0xFF, 0xFF, 0x00, 0xFF, 0xFF, 0x00, 0xFF, 0xFF, 0x00, 0xFF, 0xFF, 0x00,
		0xFF, 0xFF, 0x00, 0xFF, 0xFF, 0x00, 0xFF, 0xFF, 0x00, 0xFF, 0xFF, 0x00, 0xFF, 0xFF, 0x00, 0xFF,
		0xFF, 0x00, 0xFF, 0xFF, 0x00, 0xFF, 0xFF, 0x00, 0xFF, 0xFF, 0x00, 0xFF, 0xFF, 0x00, 0xFF, 0xFF,
		0x00, 0xFF, 0xFF, 0x00, 0xFF, 0xFF, 0x00, 0xFF, 0x5A, 0x92, 0x72, 0x7D, 0xDF, 0xA7, 0x1F, 0x2E,
		0x24, 0xFF, 0x00, 0xFF, 0xFF, 0x00, 0xFF, 0xFF, 0x00, 0xFF, 0xFF, 0x00, 0xFF, 0xFF, 0x00, 0xFF,
		0xFF, 0x00, 0xFF, 0xFF, 0x00, 0xFF, 0xFF, 0x00, 0xFF, 0xFF, 0x00, 0xFF, 0xFF, 0x00, 0xFF, 0xFF,
		0x00, 0xFF, 0xFF, 0x00, 0xFF, 0xFF, 0x00, 0xFF, 0xFF, 0x00, 0xFF, 0xFF, 0x00, 0xFF, 0xFF, 0x00,
		0xFF, 0xFF, 0x00, 0xFF, 0xFF, 0x00, 0xFF, 0xFF, 0x00, 0xFF, 0xFF, 0x00, 0xFF, 0xFF, 0x00, 0xFF,
		0xFF, 0x00, 0xFF, 0xFF, 0x00, 0xFF, 0xFF, 0x00, 0xFF, 0xFF, 0x00, 0xFF, 0xFF, 0x00, 0xFF, 0xFF,
		0x00, 0xFF, 0x5A, 0x92, 0x72, 0x7D, 0xDF, 0xA7, 0x1F, 0x2E, 0x24, 0xFF, 0x00, 0xFF, 0xFF, 0x00,
		0xFF, 0xFF, 0x00, 0xFF, 0xFF, 0x00, 0xFF, 0xFF, 0x00, 0xFF, 0xFF, 0x00, 0xFF, 0xFF, 0x00, 0xFF,
		0xFF, 0x00, 0xFF, 0xFF, 0x00, 0xFF, 0xFF, 0x00, 0xFF, 0xFF, 0x00, 0xFF, 0xFF, 0x00, 0xFF, 0xFF,
		0x00, 0xFF, 0xFF, 0x00, 0xFF, 0xFF, 0x00, 0xFF, 0xFF, 0x00, 0xFF, 0xFF, 0x00, 0xFF, 0xFF, 0x00,
		0xFF, 0xFF, 0x00, 0xFF, 0xFF, 0x00, 0xFF, 0xFF, 0x00, 0xFF, 0xFF, 0x00, 0xFF, 0xFF, 0x00, 0xFF,
		0xFF, 0x00, 0xFF, 0xFF, 0x00, 0xFF, 0xFF, 0x00, 0xFF, 0xFF, 0x00, 0xFF, 0x5A, 0x92, 0x72, 0x7D,
		0xDF, 0xA7, 0x1F, 0x2E, 0x24, 0xFF, 0x00, 0xFF, 0xFF, 0x00, 0xFF, 0xFF, 0x00, 0xFF, 0xFF, 0x00,
		0xFF, 0xFF, 0x00, 0xFF, 0xFF, 0x00, 0xFF, 0xFF, 0x00, 0xFF, 0xFF, 0x00, 0xFF, 0xFF, 0x00, 0xFF,
		0xFF, 0x00, 0xFF, 0xFF, 0x00, 0xFF, 0xFF, 0x00, 0xFF, 0xFF, 0x00, 0xFF, 0xFF, 0x00, 0xFF, 0xFF,
		0x00, 0xFF, 0xFF, 0x00, 0xFF, 0xFF, 0x00, 0xFF, 0xFF, 0x00, 0xFF, 0xFF, 0x00, 0xFF, 0xFF, 0x00,
		0xFF, 0xFF, 0x00, 0xFF, 0xFF, 0x00, 0xFF, 0xFF, 0x00, 0xFF, 0xFF, 0x00, 0xFF, 0xFF, 0x00, 0xFF,
		0xFF, 0x00, 0xFF, 0xFF, 0x00, 0xFF, 0xFF, 0x00, 0xFF, 0xFF, 0x00, 0xFF, 0xFF, 0x00, 0xFF, 0xFF,
		0x00, 0xFF, 0xFF, 0x00, 0xFF, 0xFF, 0x00, 0xFF, 0xFF, 0x00, 0xFF, 0xFF, 0x00, 0xFF, 0x5A, 0x92,
		0x72, 0x7D, 0xDF, 0xA7, 0x1F, 0x2E, 0x24, 0xFF, 0x00, 0xFF, 0xFF, 0x00, 0xFF, 0xFF, 0x00, 0xFF,
		0xFF, 0x00, 0xFF, 0xFF, 0x00, 0xFF, 0xFF, 0x00, 0xFF, 0xFF, 0x00, 0xFF, 0xFF, 0x00, 0xFF, 0xFF,
		0x00, 0xFF, 0xFF, 0x00, 0xFF, 0xFF, 0x00, 0xFF, 0xFF, 0x00, 0xFF, 0xFF, 0x00, 0xFF, 0xFF, 0x00,
		0xFF, 0xFF, 0x00, 0xFF, 0xFF, 0x00, 0xFF, 0xFF, 0x00, 0xFF, 0xFF, 0x00, 0xFF, 0xFF, 0x00, 0xFF,
		0xFF, 0x00, 0xFF, 0xFF, 0x00, 0xFF, 0xFF, 0x00, 0xFF, 0xFF, 0x00, 0xFF, 0xFF, 0x00, 0xFF, 0xFF,
		0x00, 0xFF, 0xFF, 0x00, 0xFF, 0xFF, 0x00, 0xFF, 0xFF, 0x00, 0xFF, 0xFF, 0x00, 0xFF, 0x5A, 0x92,
		0x72, 0x7D, 0xDF, 0xA7, 0x1F, 0x2E, 0x24, 0xFF, 0x00, 0xFF, 0xFF, 0x00, 0xFF, 0xFF, 0x00, 0xFF,
		0xFF, 0x00, 0xFF, 0xFF, 0x00, 0xFF, 0xFF, 0x00, 0xFF, 0xFF, 0x00, 0xFF, 0xFF, 0x00, 0xFF, 0xFF,
		0x00, 0xFF, 0xFF, 0x00, 0xFF, 0xFF, 0x00, 0xFF, 0xFF, 0x00, 0xFF, 0xFF, 0x00, 0xFF, 0xFF, 0x00,
		0xFF, 0xFF, 0x00, 0xFF, 0xFF, 0x00, 0xFF, 0xFF, 0x00, 0xFF, 0xFF, 0x00, 0xFF, 0xFF, 0x00, 0xFF,
		0xFF, 0x00, 0xFF, 0xFF, 0x00, 0xFF, 0xFF, 0x00, 0xFF, 0xFF, 0x00, 0xFF, 0xFF, 0x00, 0xFF, 0xFF,
		0x00, 0xFF, 0xFF, 0x00, 0xFF, 0xFF, 0x00, 0xFF, 0x5A, 0x92, 0x72, 0x7D, 0xDF, 0xA7, 0x1F, 0x2E,
		0x24, 0xFF, 0x00, 0xFF, 0xFF, 0x00, 0xFF, 0xFF, 0x00, 0xFF, 0xFF, 0x00, 0xFF, 0xFF, 0x00, 0xFF,
		0xFF, 0x00, 0xFF, 0xFF, 0x00, 0xFF, 0xFF, 0x00, 0xFF, 0xFF, 0x00, 0xFF, 0xFF, 0x00, 0xFF, 0xFF,
		0x00, 0xFF, 0xFF, 0x00, 0xFF, 0xFF, 0x00, 0xFF, 0xFF, 0x00, 0xFF, 0xFF, 0x00, 0xFF, 0xFF, 0x00,
		0xFF, 0xFF, 0x00, 0xFF, 0xFF, 0x00, 0xFF, 0xFF, 0x00, 0xFF, 0xFF, 0x00, 0xFF, 0xFF, 0x00, 0xFF,
		0xFF, 0x00, 0xFF, 0xFF, 0x00, 0xFF, 0xFF, 0x00, 0xFF, 0xFF, 0x00, 0xFF, 0xFF, 0x00, 0xFF, 0xFF,
		0x00, 0xFF, 0x5A, 0x92, 0x72, 0x7D, 0xDF, 0xA7, 0x1F, 0x2E, 0x24, 0xFF, 0x00, 0xFF, 0xFF, 0x00,
		0xFF, 0xFF, 0x00, 0xFF, 0xFF, 0x00, 0xFF, 0xFF, 0x00, 0xFF, 0xFF, 0x00, 0xFF, 0xFF, 0x00, 0xFF,
		0xFF, 0x00, 0xFF, 0xFF, 0x00, 0xFF, 0xFF, 0x00, 0xFF, 0xFF, 0x00, 0xFF, 0xFF, 0x00, 0xFF, 0xFF,
		0x00, 0xFF, 0xFF, 0x00, 0xFF, 0xFF, 0x00, 0xFF, 0xFF, 0x00, 0xFF, 0xFF, 0x00, 0xFF, 0xFF, 0x00,
		0xFF, 0xFF, 0x00, 0xFF, 0xFF, 0x00, 0xFF, 0xFF, 0x00, 0xFF, 0xFF, 0x00, 0xFF, 0xFF, 0x00, 0xFF,
		0xFF, 0x00, 0xFF, 0xFF, 0x00, 0xFF, 0xFF, 0x00, 0xFF, 0xFF, 0x00, 0xFF, 0x5A, 0x92, 0x72, 0x7D,
		0xDF, 0xA7, 0x1F, 0x2E, 0x24, 0xFF, 0x00, 0xFF, 0xFF, 0x00, 0xFF, 0xFF, 0x00, 0xFF, 0xFF, 0x00,
		0xFF, 0xFF, 0x00, 0xFF, 0xFF, 0x00, 0xFF, 0xFF, 0x00, 0xFF, 0xFF, 0x00, 0xFF, 0xFF, 0x00, 0xFF,
		0xFF, 0x00, 0xFF, 0xFF, 0x00, 0xFF, 0xFF, 0x00, 0xFF, 0xFF, 0x00, 0xFF, 0xFF, 0x00, 0xFF, 0xFF,
		0x00, 0xFF, 0xFF, 0x00, 0xFF, 0xFF, 0x00, 0xFF, 0xFF, 0x00, 0xFF, 0xFF, 0x00, 0xFF, 0xFF, 0x00,
		0xFF, 0xFF, 0x00, 0xFF, 0xFF, 0x00, 0xFF, 0xFF, 0x00, 0xFF, 0x15, 0x22, 0x17, 0x6B, 0xE6, 0x9F,
		0x4F, 0x96, 0x6E, 0x6B, 0xE6, 0x9F, 0x6B, 0xE6, 0x9F, 0x15, 0x22, 0x17, 0xFF, 0x00, 0xFF, 0xFF,
		0x00, 0xFF, 0xFF, 0x00, 0xFF, 0xFF, 0x00, 0xFF, 0xFF, 0x00, 0xFF, 0xFF, 0x00, 0xFF, 0xFF, 0x00,
		0xFF, 0xFF, 0x00, 0xFF, 0xFF, 0x00, 0xFF, 0xFF, 0x00, 0xFF, 0xFF, 0x00, 0xFF, 0xFF, 0x00, 0xFF,
		0xFF, 0x00, 0xFF, 0xFF, 0x00, 0xFF, 0xFF, 0x00, 0xFF, 0xFF, 0x00, 0xFF, 0xFF, 0x00, 0xFF, 0xFF,
		0x00, 0xFF, 0xFF, 0x00, 0xFF, 0xFF, 0x00, 0xFF, 0xFF, 0x00, 0xFF, 0xFF, 0x00, 0xFF, 0xFF, 0x00,
		0xFF, 0xFF, 0x00, 0xFF, 0xFF, 0x00, 0xFF, 0xFF, 0x00, 0xFF, 0xFF, 0x00, 0xFF, 0x85, 0xCB, 0xE5,
		0x41, 0xA6, 0xCB, 0x41, 0xA6, 0xCB, 0x41, 0xA6, 0xCB, 0x21, 0x2B, 0x2E, 0xFF, 0x00, 0xFF, 0xFF,
		0x00, 0xFF, 0xFF, 0x00, 0xFF, 0xFF, 0x00, 0xFF, 0xFF, 0x00, 0xFF, 0xFF, 0x00, 0xFF, 0xFF, 0x00,
		0xFF, 0xFF, 0x00, 0xFF, 0xFF, 0x00, 0xFF, 0xFF, 0x00, 0xFF, 0xFF, 0x00, 0xFF, 0xFF, 0x00, 0xFF,
		0xFF, 0x00, 0xFF, 0xFF, 0x00, 0xFF, 0xFF, 0x00, 0xFF, 0xFF, 0x00, 0xFF, 0xFF, 0x00, 0xFF, 0xFF,
		0x00, 0xFF, 0xFF, 0x00, 0xFF, 0xFF, 0x00, 0xFF, 0xFF, 0x00, 0xFF, 0xFF, 0x00, 0xFF, 0xFF, 0x00,
		0xFF, 0xFF, 0x00, 0xFF, 0xFF, 0x00, 0xFF, 0xFF, 0x00, 0xFF, 0xFF, 0x00, 0xFF, 0x4F, 0x96, 0x6E,
		0x6B, 0xE6, 0x9F, 0x15, 0x22, 0x17, 0x15, 0x22, 0x17, 0x6B, 0xE6, 0x9F, 0x4F, 0x96, 0x6E, 0xFF,
		0x00, 0xFF, 0xFF, 0x00, 0xFF, 0xFF, 0x00, 0xFF, 0xFF, 0x00, 0xFF, 0xFF, 0x00, 0xFF, 0xFF, 0x00,
		0xFF, 0xFF, 0x00, 0xFF, 0xFF, 0x00, 0xFF, 0xFF, 0x00, 0xFF, 0xFF, 0x00, 0xFF, 0xFF, 0x00, 0xFF,
		0xFF, 0x00, 0xFF, 0xFF, 0x00, 0xFF, 0xFF, 0x00, 0xFF, 0xFF, 0x00, 0xFF, 0x69, 0xE6, 0x80, 0x69,
		0xE6, 0x80, 0x09, 0x24, 0x09, 0xFF, 0x00, 0xFF, 0xFF, 0x00, 0xFF, 0xFF, 0x00, 0xFF, 0xFF, 0x00,
		0xFF, 0xFF, 0x00, 0xFF, 0xFF, 0x00, 0xFF, 0xFF, 0x00, 0xFF, 0xFF, 0x00, 0xFF, 0xFF, 0x00, 0xFF,
		0xFF, 0x00, 0xFF, 0xFF, 0x00, 0xFF, 0xFF, 0x00, 0xFF, 0xFF, 0x00, 0xFF, 0xFF, 0x00, 0xFF, 0xFF,
		0x00, 0xFF, 0xFF, 0x00, 0xFF, 0xFF, 0x00, 0xFF, 0xFF, 0x00, 0xFF, 0xFF, 0x00, 0xFF, 0xFF, 0x00,
		0xFF, 0xFF, 0x00, 0xFF, 0x09, 0x24, 0x09, 0x69, 0xE6, 0x80, 0x69, 0xE6, 0x80, 0xFF, 0x00, 0xFF,
		0xFF, 0x00, 0xFF, 0xFF, 0x00, 0xFF, 0xFF, 0x00, 0xFF, 0xFF, 0x00, 0xFF, 0x4F, 0x96, 0x6E, 0x4F,
		0x96, 0x6E, 0x4F, 0x96, 0x6E, 0x4F, 0x96, 0x6E, 0x4F, 0x96, 0x6E, 0x6B, 0xE6, 0x9F, 0x15, 0x22,
		0x17, 0xFF, 0x00, 0xFF, 0xFF, 0x00, 0xFF, 0xFF, 0x00, 0xFF, 0xFF, 0x00, 0xFF, 0xFF, 0x00, 0xFF,
		0xFF, 0x00, 0xFF, 0xFF, 0x00, 0xFF, 0xFF, 0x00, 0xFF, 0xFF, 0x00, 0xFF, 0xFF, 0x00, 0xFF, 0xFF,
		0x00, 0xFF, 0xFF, 0x00, 0xFF, 0xFF, 0x00, 0xFF, 0xFF, 0x00, 0xFF, 0x15, 0x22, 0x17, 0x6B, 0xE6,
		0x9F, 0x4F, 0x96, 0x6E, 0x4F, 0x96, 0x6E, 0x4F, 0x96, 0x6E, 0x4F, 0x96, 0x6E, 0x4F, 0x96, 0x6E,
		0xFF, 0x00, 0xFF, 0xFF, 0x00, 0xFF, 0xFF, 0x00, 0xFF, 0xFF, 0x00, 0xFF, 0xFF, 0x00, 0xFF, 0xFF,
		0x00, 0xFF, 0xFF, 0x00, 0xFF, 0xFF, 0x00, 0xFF, 0xFF, 0x00, 0xFF, 0xFF, 0x00, 0xFF, 0xFF, 0x00,
		0xFF, 0xFF, 0x00, 0xFF, 0xFF, 0x00, 0xFF, 0xFF, 0x00, 0xFF, 0xFF, 0x00, 0xFF, 0xFF, 0x00, 0xFF,
		0xFF, 0x00, 0xFF, 0xFF, 0x00, 0xFF, 0xFF, 0x00, 0xFF, 0xFF, 0x00, 0xFF, 0xFF, 0x00, 0xFF, 0xFF,
		0x00, 0xFF, 0xFF, 0x00, 0xFF, 0xFF, 0x00, 0xFF, 0xFF, 0x00, 0xFF, 0xFF, 0x00, 0xFF, 0xFF, 0x00,
		0xFF, 0xFF, 0x00, 0xFF, 0xFF, 0x00, 0xFF, 0xFF, 0x00, 0xFF, 0xFF, 0x00, 0xFF, 0xFF, 0x00, 0xFF,
		0xFF, 0x00, 0xFF, 0xFF, 0x00, 0xFF, 0xFF, 0x00, 0xFF, 0xFF, 0x00, 0xFF, 0xFF, 0x00, 0xFF, 0xFF,
		0x00, 0xFF, 0xFF, 0x00, 0xFF, 0xFF, 0x00, 0xFF, 0xFF, 0x00, 0xFF, 0xFF, 0x00, 0xFF, 0xFF, 0x00,
		0xFF, 0xFF, 0x00, 0xFF, 0xFF, 0x00, 0xFF, 0xFF, 0x00, 0xFF, 0xFF, 0x00, 0xFF, 0xFF, 0x00, 0xFF,
		0xFF, 0x00, 0xFF, 0xFF, 0x00, 0xFF, 0xFF, 0x00, 0xFF, 0xFF, 0x00, 0xFF, 0xFF, 0x00, 0xFF, 0xFF,
		0x00, 0xFF, 0xFF, 0x00, 0xFF, 0xFF, 0x00, 0xFF, 0xFF, 0x00, 0xFF, 0xFF, 0x00, 0xFF, 0xFF, 0x00,
		0xFF, 0xFF, 0x00, 0xFF, 0xFF, 0x00, 0xFF, 0xFF, 0x00, 0xFF, 0xFF, 0x00, 0xFF, 0xFF, 0x00, 0xFF,
		0xFF, 0x00, 0xFF, 0xFF, 0x00, 0xFF, 0xFF, 0x00, 0xFF, 0xFF, 0x00, 0xFF, 0xFF, 0x00, 0xFF, 0xFF,
		0x00, 0xFF, 0xFF, 0x00, 0xFF, 0xFF, 0x00, 0xFF, 0xFF, 0x00, 0xFF, 0xFF, 0x00, 0xFF, 0xFF, 0x00,
		0xFF, 0xFF, 0x00, 0xFF, 0xFF, 0x00, 0xFF, 0xFF, 0x00, 0xFF, 0xFF, 0x00, 0xFF, 0xFF, 0x00, 0xFF,
		0xFF, 0x00, 0xFF, 0xFF, 0x00, 0xFF, 0xFF, 0x00, 0xFF, 0xFF, 0x00, 0xFF, 0xFF, 0x00, 0xFF, 0xFF,
		0x00, 0xFF, 0xFF, 0x00, 0xFF, 0xFF, 0x00, 0xFF, 0xFF, 0x00, 0xFF, 0xFF, 0x00, 0xFF, 0x5A, 0x92,
		0x72, 0x7D, 0xDF, 0xA7, 0x1F, 0x2E, 0x24, 0xFF, 0x00, 0xFF, 0xFF, 0x00, 0xFF, 0xFF, 0x00, 0xFF,
		0xFF, 0x00, 0xFF, 0xFF, 0x00, 0xFF, 0xFF, 0x00, 0xFF, 0xFF, 0x00, 0xFF, 0xFF, 0x00, 0xFF, 0xFF,
		0x00, 0xFF, 0xFF, 0x00, 0xFF, 0xFF, 0x00, 0xFF, 0xFF, 0x00, 0xFF, 0xFF, 0x00, 0xFF, 0xFF, 0x00,
		0xFF, 0xFF, 0x00, 0xFF, 0xFF, 0x00, 0xFF, 0xFF, 0x00, 0xFF, 0xFF, 0x00, 0xFF, 0xFF, 0x00, 0xFF,
		0xFF, 0x00, 0xFF, 0xFF, 0x00, 0xFF, 0xFF, 0x00, 0xFF, 0xFF, 0x00, 0xFF, 0xFF, 0x00, 0xFF, 0xFF,
		0x00, 0xFF, 0xFF, 0x00, 0xFF, 0xFF, 0x00, 0xFF, 0xFF, 0x00, 0xFF, 0xFF, 0x00, 0xFF, 0x5A, 0x92,
		0x72, 0x7D, 0xDF, 0xA7, 0x1F, 0x2E, 0x24, 0xFF, 0x00, 0xFF, 0xFF, 0x00, 0xFF, 0xFF, 0x00, 0xFF,
		0xFF, 0x00, 0xFF, 0xFF, 0x00, 0xFF, 0xFF, 0x00, 0xFF, 0xFF, 0x00, 0xFF, 0xFF, 0x00, 0xFF, 0xFF,
		0x00, 0xFF, 0xFF, 0x00, 0xFF, 0xFF, 0x00, 0xFF, 0xFF, 0x00, 0xFF, 0xFF, 0x00, 0xFF, 0xFF, 0x00,
		0xFF, 0xFF, 0x00, 0xFF, 0xFF, 0x00, 0xFF, 0xFF, 0x00, 0xFF, 0xFF, 0x00, 0xFF, 0xFF, 0x00, 0xFF,
		0xFF, 0x00, 0xFF, 0xFF, 0x00, 0xFF, 0xFF, 0x00, 0xFF, 0xFF, 0x00, 0xFF, 0xFF, 0x00, 0xFF, 0xFF,
		0x00, 0xFF, 0xFF, 0x00, 0xFF, 0xFF, 0x00, 0xFF, 0x5A, 0x92, 0x72, 0x7D, 0xDF, 0xA7, 0x1F, 0x2E,
		0x24, 0xFF, 0x00, 0xFF, 0xFF, 0x00, 0xFF, 0xFF, 0x00, 0xFF, 0xFF, 0x00, 0xFF, 0xFF, 0x00, 0xFF,
		0xFF, 0x00, 0xFF, 0xFF, 0x00, 0xFF, 0xFF, 0x00, 0xFF, 0xFF, 0x00, 0xFF, 0xFF, 0x00, 0xFF, 0xFF,
		0x00, 0xFF, 0xFF, 0x00, 0xFF, 0xFF, 0x00, 0xFF, 0xFF, 0x00, 0xFF, 0xFF, 0x00, 0xFF, 0xFF, 0x00,
		0xFF, 0xFF, 0x00, 0xFF, 0xFF, 0x00, 0xFF, 0xFF, 0x00, 0xFF, 0xFF, 0x00, 0xFF, 0xFF, 0x00, 0xFF,
		0xFF, 0x00, 0xFF, 0xFF, 0x00, 0xFF, 0xFF, 0x00, 0xFF, 0xFF, 0x00, 0xFF, 0xFF, 0x00, 0xFF, 0xFF,
		0x00, 0xFF, 0x5A, 0x92, 0x72, 0x7D, 0xDF, 0xA7, 0x1F, 0x2E, 0x24, 0xFF, 0x00, 0xFF, 0xFF, 0x00,
		0xFF, 0xFF, 0x00, 0xFF, 0xFF, 0x00, 0xFF, 0xFF, 0x00, 0xFF, 0xFF, 0x00, 0xFF, 0xFF, 0x00, 0xFF,
		0xFF, 0x00, 0xFF, 0xFF, 0x00, 0xFF, 0xFF, 0x00, 0xFF, 0xFF, 0x00, 0xFF, 0xFF, 0x00, 0xFF, 0xFF,
		0x00, 0xFF, 0xFF, 0x00, 0xFF, 0xFF, 0x00, 0xFF, 0xFF, 0x00, 0xFF, 0xFF, 0x00, 0xFF, 0xFF, 0x00,
		0xFF, 0xFF, 0x00, 0xFF, 0xFF, 0x00, 0xFF, 0xFF, 0x00, 0xFF, 0xFF, 0x00, 0xFF, 0xFF, 0x00, 0xFF,
		0xFF, 0x00, 0xFF, 0xFF, 0x00, 0xFF, 0xFF, 0x00, 0xFF, 0xFF, 0x00, 0xFF, 0x5A, 0x92, 0x72, 0x7D,
		0xDF, 0xA7, 0x1F, 0x2E, 0x24, 0xFF, 0x00, 0xFF, 0xFF, 0x00, 0xFF, 0xFF, 0x00, 0xFF, 0xFF, 0x00,
		0xFF, 0xFF, 0x00, 0xFF, 0xFF, 0x00, 0xFF, 0xFF, 0x00, 0xFF, 0xFF, 0x00, 0xFF, 0xFF, 0x00, 0xFF,
		0xFF, 0x00, 0xFF, 0xFF, 0x00, 0xFF, 0xFF, 0x00, 0xFF, 0xFF, 0x00, 0xFF, 0xFF, 0x00, 0xFF, 0xFF,
		0x00, 0xFF, 0xFF, 0x00, 0xFF, 0xFF, 0x00, 0xFF, 0xFF, 0x00, 0xFF, 0xFF, 0x00, 0xFF, 0xFF, 0x00,
		0xFF, 0xFF, 0x00, 0xFF, 0xFF, 0x00, 0xFF, 0xFF, 0x00, 0xFF, 0xFF, 0x00, 0xFF, 0xFF, 0x00, 0xFF,
		0xFF, 0x00, 0xFF, 0xFF, 0x00, 0xFF, 0xFF, 0x00, 0xFF, 0xFF, 0x00, 0xFF, 0xFF, 0x00, 0xFF, 0xFF,
		0x00, 0xFF, 0xFF, 0x00, 0xFF, 0xFF, 0x00, 0xFF, 0xFF, 0x00, 0xFF, 0xFF, 0x00, 0xFF, 0x5A, 0x92,
		0x72, 0x7D, 0xDF, 0xA7, 0x1F, 0x2E, 0x24, 0xFF, 0x00, 0xFF, 0xFF, 0x00, 0xFF, 0xFF, 0x00, 0xFF,
		0xFF, 0x00, 0xFF, 0xFF, 0x00, 0xFF, 0xFF, 0x00, 0xFF, 0xFF, 0x00, 0xFF, 0xFF, 0x00, 0xFF, 0xFF,
		0x00, 0xFF, 0xFF, 0x00, 0xFF, 0xFF, 0x00, 0xFF, 0xFF, 0x00, 0xFF, 0xFF, 0x00, 0xFF, 0xFF, 0x00,
		0xFF, 0xFF, 0x00, 0xFF, 0xFF, 0x00, 0xFF, 0xFF, 0x00, 0xFF, 0xFF, 0x00, 0xFF, 0xFF, 0x00, 0xFF,
		0xFF, 0x00, 0xFF, 0xFF, 0x00, 0xFF, 0xFF, 0x00, 0xFF, 0xFF, 0x00, 0xFF, 0xFF, 0x00, 0xFF, 0xFF,
		0x00, 0xFF, 0xFF, 0x00, 0xFF, 0xFF, 0x00, 0xFF, 0xFF, 0x00, 0xFF, 0xFF, 0x00, 0xFF, 0x5A, 0x92,
		0x72, 0x7D, 0xDF, 0xA7, 0x1F, 0x2E, 0x24, 0xFF, 0x00, 0xFF, 0xFF, 0x00, 0xFF, 0xFF, 0x00, 0xFF,
		0xFF, 0x00, 0xFF, 0xFF, 0x00, 0xFF, 0xFF, 0x00, 0xFF, 0xFF, 0x00, 0xFF, 0xFF, 0x00, 0xFF, 0xFF,
		0x00, 0xFF, 0xFF, 0x00, 0xFF, 0xFF, 0x00, 0xFF, 0xFF, 0x00, 0xFF, 0xFF, 0x00, 0xFF, 0xFF, 0x00,
		0xFF, 0xFF, 0x00, 0xFF, 0xFF, 0x00, 0xFF, 0xFF, 0x00, 0xFF, 0xFF, 0x00, 0xFF, 0xFF, 0x00, 0xFF,
		0xFF, 0x00, 0xFF, 0xFF, 0x00, 0xFF, 0xFF, 0x00, 0xFF, 0xFF, 0x00, 0xFF, 0xFF, 0x00, 0xFF, 0xFF,
		0x00, 0xFF, 0xFF, 0x00, 0xFF, 0xFF, 0x00, 0xFF, 0x5A, 0x92, 0x72, 0x7D, 0xDF, 0xA7, 0x1F, 0x2E,
		0x24, 0xFF, 0x00, 0xFF, 0xFF, 0x00, 0xFF, 0xFF, 0x00, 0xFF, 0xFF, 0x00, 0xFF, 0xFF, 0x00, 0xFF,
		0xFF, 0x00, 0xFF, 0xFF, 0x00, 0xFF, 0xFF, 0x00, 0xFF, 0xFF, 0x00, 0xFF, 0xFF, 0x00, 0xFF, 0xFF,
		0x00, 0xFF, 0xFF, 0x00, 0xFF, 0xFF, 0x00, 0xFF, 0xFF, 0x00, 0xFF, 0xFF, 0x00, 0xFF, 0xFF, 0x00,
		0xFF, 0xFF, 0x00, 0xFF, 0xFF, 0x00, 0xFF, 0xFF, 0x00, 0xFF, 0xFF, 0x00, 0xFF, 0xFF, 0x00, 0xFF,
		0xFF, 0x00, 0xFF, 0xFF, 0x00, 0xFF, 0xFF, 0x00, 0xFF, 0xFF, 0x00, 0xFF, 0xFF, 0x00, 0xFF, 0xFF,
		0x00, 0xFF, 0x5A, 0x92, 0x72, 0x7D, 0xDF, 0xA7, 0x1F, 0x2E, 0x24, 0xFF, 0x00, 0xFF, 0xFF, 0x00,
		0xFF, 0xFF, 0x00, 0xFF, 0xFF, 0x00, 0xFF, 0xFF, 0x00, 0xFF, 0xFF, 0x00, 0xFF, 0xFF, 0x00, 0xFF,
		0xFF, 0x00, 0xFF, 0xFF, 0x00, 0xFF, 0xFF, 0x00, 0xFF, 0xFF, 0x00, 0xFF, 0xFF, 0x00, 0xFF, 0xFF,
		0x00, 0xFF, 0xFF, 0x00, 0xFF, 0xFF, 0x00, 0xFF, 0xFF, 0x00, 0xFF, 0xFF, 0x00, 0xFF, 0xFF, 0x00,
		0xFF, 0xFF, 0x00, 0xFF, 0xFF, 0x00, 0xFF, 0xFF, 0x00, 0xFF, 0xFF, 0x00, 0xFF, 0xFF, 0x00, 0xFF,
		0xFF, 0x00, 0xFF, 0xFF, 0x00, 0xFF, 0xFF, 0x00, 0xFF, 0xFF, 0x00, 0xFF, 0x5A, 0x92, 0x72, 0x7D,
		0xDF, 0xA7, 0x1F, 0x2E, 0x24, 0xFF, 0x00, 0xFF, 0xFF, 0x00, 0xFF, 0xFF, 0x00, 0xFF, 0xFF, 0x00,
		0xFF, 0xFF, 0x00, 0xFF, 0xFF, 0x00, 0xFF, 0xFF, 0x00, 0xFF, 0xFF, 0x00, 0xFF, 0xFF, 0x00, 0xFF,
		0xFF, 0x00, 0xFF, 0xFF, 0x00, 0xFF, 0xFF, 0x00, 0xFF, 0xFF, 0x00, 0xFF, 0xFF, 0x00, 0xFF, 0xFF,
		0x00, 0xFF, 0xFF, 0x00, 0xFF, 0xFF, 0x00, 0xFF, 0xFF, 0x00, 0xFF, 0xFF, 0x00, 0xFF, 0xFF, 0x00,
		0xFF, 0xFF, 0x00, 0xFF, 0xFF, 0x00, 0xFF, 0x15, 0x22, 0x17, 0x6B, 0xE6, 0x9F, 0x4F, 0x96, 0x6E,
		0xE6, 0xD6, 0xC1, 0x4F, 0x96, 0x6E, 0x4F, 0x96, 0x6E, 0x6B, 0xE6, 0x9F, 0x15, 0x22, 0x17, 0xFF,
		0x00, 0xFF, 0xFF, 0x00, 0xFF, 0xFF, 0x00, 0xFF, 0xFF, 0x00, 0xFF, 0xFF, 0x00, 0xFF, 0xFF, 0x00,
		0xFF, 0xFF, 0x00, 0xFF, 0xFF, 0x00, 0xFF, 0xFF, 0x00, 0xFF, 0xFF, 0x00, 0xFF, 0xFF, 0x00, 0xFF,
		0xFF, 0x00, 0xFF, 0xFF, 0x00, 0xFF, 0xFF, 0x00, 0xFF, 0xFF, 0x00, 0xFF, 0xFF, 0x00, 0xFF, 0xFF,
		0x00, 0xFF, 0xFF, 0x00, 0xFF, 0xFF, 0x00, 0xFF, 0xFF, 0x00, 0xFF, 0xFF, 0x00, 0xFF, 0xFF, 0x00,
		0xFF, 0xFF, 0x00, 0xFF, 0xFF, 0x00, 0xFF, 0xFF, 0x00, 0xFF, 0xFF, 0x00, 0xFF, 0x85, 0xCB, 0xE5,
		0x41, 0xA6, 0xCB, 0x41, 0xA6, 0xCB, 0x41, 0xA6, 0xCB, 0x21, 0x2B, 0x2E, 0xFF, 0x00, 0xFF, 0xFF,
		0x00, 0xFF, 0xFF, 0x00, 0xFF, 0xFF, 0x00, 0xFF, 0xFF, 0x00, 0xFF, 0xFF, 0x00, 0xFF, 0xFF, 0x00,
		0xFF, 0xFF, 0x00, 0xFF, 0xFF, 0x00, 0xFF, 0xFF, 0x00, 0xFF, 0xFF, 0x00, 0xFF, 0xFF, 0x00, 0xFF,
		0xFF, 0x00, 0xFF, 0xFF, 0x00, 0xFF, 0xFF, 0x00, 0xFF, 0xFF, 0x00, 0xFF, 0xFF, 0x00, 0xFF, 0xFF,
		0x00, 0xFF, 0xFF, 0x00, 0xFF, 0xFF, 0x00, 0xFF, 0xFF, 0x00, 0xFF, 0xFF, 0x00, 0xFF, 0xFF, 0x00,
		0xFF, 0xFF, 0x00, 0xFF, 0xFF, 0x00, 0xFF, 0xFF, 0x00, 0xFF, 0x4F, 0x96, 0x6E, 0x6B, 0xE6, 0x9F,
		0x15, 0x22, 0x17, 0xFF, 0x00, 0xFF, 0xFF, 0x00, 0xFF, 0x15, 0x22, 0x17, 0x6B, 0xE6, 0x9F, 0x4F,
		0x96, 0x6E, 0xFF, 0x00, 0xFF, 0xFF, 0x00, 0xFF, 0xFF, 0x00, 0xFF, 0xFF, 0x00, 0xFF, 0xFF, 0x00,
		0xFF, 0xFF, 0x00, 0xFF, 0xFF, 0x00, 0xFF, 0xFF, 0x00, 0xFF, 0xFF, 0x00, 0xFF, 0xFF, 0x00, 0xFF,
		0xFF, 0x00, 0xFF, 0xFF, 0x00, 0xFF, 0xFF, 0x00, 0xFF, 0xFF, 0x00, 0xFF, 0x4F, 0x96, 0x6E, 0x4F,
		0x96, 0x6E, 0x69, 0xE6, 0x80, 0xFF, 0x00, 0xFF, 0xFF, 0x00, 0xFF, 0xFF, 0x00, 0xFF, 0xFF, 0x00,
		0xFF, 0xFF, 0x00, 0xFF, 0xFF, 0x00, 0xFF, 0xFF, 0x00, 0xFF, 0xFF, 0x00, 0xFF, 0xFF, 0x00, 0xFF,
		0xFF, 0x00, 0xFF, 0xFF, 0x00, 0xFF, 0xFF, 0x00, 0xFF, 0xFF, 0x00, 0xFF, 0xFF, 0x00, 0xFF, 0xFF,
		0x00, 0xFF, 0xFF, 0x00, 0xFF, 0xFF, 0x00, 0xFF, 0xFF, 0x00, 0xFF, 0xFF, 0x00, 0xFF, 0xFF, 0x00,
		0xFF, 0xFF, 0x00, 0xFF, 0x69, 0xE6, 0x80, 0x69, 0xE6, 0x80, 0x4F, 0x96, 0x6E, 0xFF, 0x00, 0xFF,
		0xFF, 0x00, 0xFF, 0xFF, 0x00, 0xFF, 0xFF, 0x00, 0xFF, 0xFF, 0x00, 0xFF, 0xFF, 0x00, 0xFF, 0xFF,
		0x00, 0xFF, 0xFF, 0x00, 0xFF, 0xFF, 0x00, 0xFF, 0x4F, 0x96, 0x6E, 0x6B, 0xE6, 0x9F, 0x15, 0x22,
		0x17, 0xFF, 0x00, 0xFF, 0xFF, 0x00, 0xFF, 0xFF, 0x00, 0xFF, 0xFF, 0x00, 0xFF, 0xFF, 0x00, 0xFF,
		0xFF, 0x00, 0xFF, 0xFF, 0x00, 0xFF, 0xFF, 0x00, 0xFF, 0xFF, 0x00, 0xFF, 0xFF, 0x00, 0xFF, 0xFF,
		0x00, 0xFF, 0xFF, 0x00, 0xFF, 0xFF, 0x00, 0xFF, 0xFF, 0x00, 0xFF, 0x15, 0x22, 0x17, 0x6B, 0xE6,
		0x9F, 0x4F, 0x96, 0x6E, 0xFF, 0x00, 0xFF, 0xFF, 0x00, 0xFF, 0xFF, 0x00, 0xFF, 0xFF, 0x00, 0xFF,
		0xFF, 0x00, 0xFF, 0xFF, 0x00, 0xFF, 0xFF, 0x00, 0xFF, 0xFF, 0x00, 0xFF, 0xFF, 0x00, 0xFF, 0xFF,
		0x00, 0xFF, 0xFF, 0x00, 0xFF, 0xFF, 0x00, 0xFF, 0xFF, 0x00, 0xFF, 0xFF, 0x00, 0xFF, 0xFF, 0x00,
		0xFF, 0xFF, 0x00, 0xFF, 0xFF, 0x00, 0xFF, 0xFF, 0x00, 0xFF, 0xFF, 0x00, 0xFF, 0xFF, 0x00, 0xFF,
		0xFF, 0x00, 0xFF, 0xFF, 0x00, 0xFF, 0xFF, 0x00, 0xFF, 0xFF, 0x00, 0xFF, 0xFF, 0x00, 0xFF, 0xFF,
		0x00, 0xFF, 0xFF, 0x00, 0xFF, 0xFF, 0x00, 0xFF, 0xFF, 0x00, 0xFF, 0xFF, 0x00, 0xFF, 0xFF, 0x00,
		0xFF, 0xFF, 0x00, 0xFF, 0xFF, 0x00, 0xFF, 0xFF, 0x00, 0xFF, 0xFF, 0x00, 0xFF, 0xFF, 0x00, 0xFF,
		0xFF, 0x00, 0xFF, 0xFF, 0x00, 0xFF, 0xFF, 0x00, 0xFF, 0xFF, 0x00, 0xFF, 0xFF, 0x00, 0xFF, 0xFF,
		0x00, 0xFF, 0xFF, 0x00, 0xFF, 0xFF, 0x00, 0xFF, 0xFF, 0x00, 0xFF, 0xFF, 0x00, 0xFF, 0xFF, 0x00,
		0xFF, 0xFF, 0x00, 0xFF, 0xFF, 0x00, 0xFF, 0xFF, 0x00, 0xFF, 0xFF, 0x00, 0xFF, 0xFF, 0x00, 0xFF,
		0xFF, 0x00, 0xFF, 0xFF, 0x00, 0xFF, 0xFF, 0x00, 0xFF, 0xFF, 0x00, 0xFF, 0xFF, 0x00, 0xFF, 0xFF,
		0x00, 0xFF, 0xFF, 0x00, 0xFF, 0xFF, 0x00, 0xFF, 0xFF, 0x00, 0xFF, 0xFF, 0x00, 0xFF, 0xFF, 0x00,
		0xFF, 0xFF, 0x00, 0xFF, 0xFF, 0x00, 0xFF, 0xFF, 0x00, 0xFF, 0xFF, 0x00, 0xFF, 0xFF, 0x00, 0xFF,
		0xFF, 0x00, 0xFF, 0xFF, 0x00, 0xFF, 0xFF, 0x00, 0xFF, 0xFF, 0x00, 0xFF, 0xFF, 0x00, 0xFF, 0xFF,
		0x00, 0xFF, 0xFF, 0x00, 0xFF, 0xFF, 0x00, 0xFF, 0xFF, 0x00, 0xFF, 0xFF, 0x00, 0xFF, 0xFF, 0x00,
		0xFF, 0xFF, 0x00, 0xFF, 0xFF, 0x00, 0xFF, 0xFF, 0x00, 0xFF, 0xFF, 0x00, 0xFF, 0xFF, 0x00, 0xFF,
		0xFF, 0x00, 0xFF, 0xFF, 0x00, 0xFF, 0xFF, 0x00, 0xFF, 0xFF, 0x00, 0xFF, 0xFF, 0x00, 0xFF, 0xFF,
		0x00, 0xFF, 0xFF, 0x00, 0xFF, 0xFF, 0x00, 0xFF, 0xFF, 0x00, 0xFF, 0xFF, 0x00, 0xFF, 0x5A, 0x92,
		0x72, 0x7D, 0xDF, 0xA7, 0x1F, 0x2E, 0x24, 0xFF, 0x00, 0xFF, 0xFF, 0x00, 0xFF, 0xFF, 0x00, 0xFF,
		0xFF, 0x00, 0xFF, 0xFF, 0x00, 0xFF, 0xFF, 0x00, 0xFF, 0xFF, 0x00, 0xFF, 0xFF, 0x00, 0xFF, 0xFF,
		0x00, 0xFF, 0xFF, 0x00, 0xFF, 0xFF, 0x00, 0xFF, 0xFF, 0x00, 0xFF, 0xFF, 0x00, 0xFF, 0xFF, 0x00,
		0xFF, 0xFF, 0x00, 0xFF, 0xFF, 0x00, 0xFF, 0xFF, 0x00, 0xFF, 0xFF, 0x00, 0xFF, 0xFF, 0x00, 0xFF,
		0xFF, 0x00, 0xFF, 0xFF, 0x00, 0xFF, 0xFF, 0x00, 0xFF, 0xFF, 0x00, 0xFF, 0xFF, 0x00, 0xFF, 0xFF,
		0x00, 0xFF, 0xFF, 0x00, 0xFF, 0xFF, 0x00, 0xFF, 0xFF, 0x00, 0xFF, 0xFF, 0x00, 0xFF, 0x5A, 0x92,
		0x72, 0x7D, 0xDF, 0xA7, 0x1F, 0x2E, 0x24, 0xFF, 0x00, 0xFF, 0xFF, 0x00, 0xFF, 0xFF, 0x00, 0xFF,
		0xFF, 0x00, 0xFF, 0xFF, 0x00, 0xFF, 0xFF, 0x00, 0xFF, 0xFF, 0x00, 0xFF, 0xFF, 0x00, 0xFF, 0xFF,
		0x00, 0xFF, 0xFF, 0x00, 0xFF, 0xFF, 0x00, 0xFF, 0xFF, 0x00, 0xFF, 0xFF, 0x00, 0xFF, 0xFF, 0x00,
		0xFF, 0xFF, 0x00, 0xFF, 0xFF, 0x00, 0xFF, 0xFF, 0x00, 0xFF, 0xFF, 0x00, 0xFF, 0xFF, 0x00, 0xFF,
		0xFF, 0x00, 0xFF, 0xFF, 0x00, 0xFF, 0xFF, 0x00, 0xFF, 0xFF, 0x00, 0xFF, 0xFF, 0x00, 0xFF, 0xFF,
		0x00, 0xFF, 0xFF, 0x00, 0xFF, 0xFF, 0x00, 0xFF, 0x5A, 0x92, 0x72, 0x7D, 0xDF, 0xA7, 0x1F, 0x2E,
		0x24, 0xFF, 0x00, 0xFF, 0xFF, 0x00, 0xFF, 0xFF, 0x00, 0xFF, 0xFF, 0x00, 0xFF, 0xFF, 0x00, 0xFF,
		0xFF, 0x00, 0xFF, 0xFF, 0x00, 0xFF, 0xFF, 0x00, 0xFF, 0xFF, 0x00, 0xFF, 0xFF, 0x00, 0xFF, 0xFF,
		0x00, 0xFF, 0xFF, 0x00, 0xFF, 0xFF, 0x00, 0xFF, 0xFF, 0x00, 0xFF, 0xFF, 0x00, 0xFF, 0xFF, 0x00,
		0xFF, 0xFF, 0x00, 0xFF, 0xFF, 0x00, 0xFF, 0xFF, 0x00, 0xFF, 0xFF, 0x00, 0xFF, 0xFF, 0x00, 0xFF,
		0xFF, 0x00, 0xFF, 0xFF, 0x00, 0xFF, 0xFF, 0x00, 0xFF, 0xFF, 0x00, 0xFF, 0xFF, 0x00, 0xFF, 0xFF,
		0x00, 0xFF, 0x5A, 0x92, 0x72, 0x7D, 0xDF, 0xA7, 0x1F, 0x2E, 0x24, 0xFF, 0x00, 0xFF, 0xFF, 0x00,
		0xFF, 0xFF, 0x00, 0xFF, 0xFF, 0x00, 0xFF, 0xFF, 0x00, 0xFF, 0xFF, 0x00, 0xFF, 0xFF, 0x00, 0xFF,
		0xFF, 0x00, 0xFF, 0xFF, 0x00, 0xFF, 0xFF, 0x00, 0xFF, 0xFF, 0x00, 0xFF, 0xFF, 0x00, 0xFF, 0xFF,
		0x00, 0xFF, 0xFF, 0x00, 0xFF, 0xFF, 0x00, 0xFF, 0xFF, 0x00, 0xFF, 0xFF, 0x00, 0xFF, 0xFF, 0x00,
		0xFF, 0xFF, 0x00, 0xFF, 0xFF, 0x00, 0xFF, 0xFF, 0x00, 0xFF, 0xFF, 0x00, 0xFF, 0xFF, 0x00, 0xFF,
		0xFF, 0x00, 0xFF, 0xFF, 0x00, 0xFF, 0xFF, 0x00, 0xFF, 0xFF, 0x00, 0xFF, 0x5A, 0x92, 0x72, 0x7D,
		0xDF, 0xA7, 0x1F, 0x2E, 0x24, 0xFF, 0x00, 0xFF, 0xFF, 0x00, 0xFF, 0xFF, 0x00, 0xFF, 0xFF, 0x00,
		0xFF, 0xFF, 0x00, 0xFF, 0xFF, 0x00, 0xFF, 0xFF, 0x00, 0xFF, 0xFF, 0x00, 0xFF, 0xFF, 0x00, 0xFF,
		0xFF, 0x00, 0xFF, 0xFF, 0x00, 0xFF, 0xFF, 0x00, 0xFF, 0xFF, 0x00, 0xFF, 0xFF, 0x00, 0xFF, 0xFF,
		0x00, 0xFF, 0xFF, 0x00, 0xFF, 0xFF, 0x00, 0xFF, 0xFF, 0x00, 0xFF, 0xFF, 0x00, 0xFF, 0xFF, 0x00,
		0xFF, 0xFF, 0x00, 0xFF, 0xFF, 0x00, 0xFF, 0xFF, 0x00, 0xFF, 0xFF, 0x00, 0xFF, 0xFF, 0x00, 0xFF,
		0xFF, 0x00, 0xFF, 0xFF, 0x00, 0xFF, 0xFF, 0x00, 0xFF, 0xFF, 0x00, 0xFF, 0xFF, 0x00, 0xFF, 0xFF,
		0x00, 0xFF, 0xFF, 0x00, 0xFF, 0xFF, 0x00, 0xFF, 0xFF, 0x00, 0xFF, 0xFF, 0x00, 0xFF, 0x5A, 0x92,
		0x72, 0x7D, 0xDF, 0xA7, 0x1F, 0x2E, 0x24, 0xFF, 0x00, 0xFF, 0xFF, 0x00, 0xFF, 0xFF, 0x00, 0xFF,
		0xFF, 0x00, 0xFF, 0xFF, 0x00, 0xFF, 0xFF, 0x00, 0xFF, 0xFF, 0x00, 0xFF, 0xFF, 0x00, 0xFF, 0xFF,
		0x00, 0xFF, 0xFF, 0x00, 0xFF, 0xFF, 0x00, 0xFF, 0xFF, 0x00, 0xFF, 0xFF, 0x00, 0xFF, 0xFF, 0x00,
		0xFF, 0xFF, 0x00, 0xFF, 0xFF, 0x00, 0xFF, 0xFF, 0x00, 0xFF, 0xFF, 0x00, 0xFF, 0xFF, 0x00, 0xFF,
		0xFF, 0x00, 0xFF, 0xFF, 0x00, 0xFF, 0xFF, 0x00, 0xFF, 0xFF, 0x00, 0xFF, 0xFF, 0x00, 0xFF, 0xFF,
		0x00, 0xFF, 0xFF, 0x00, 0xFF, 0xFF, 0x00, 0xFF, 0xFF, 0x00, 0xFF, 0xFF, 0x00, 0xFF, 0x5A, 0x92,
		0x72, 0x7D, 0xDF, 0xA7, 0x1F, 0x2E, 0x24, 0xFF, 0x00, 0xFF, 0xFF, 0x00, 0xFF, 0xFF, 0x00, 0xFF,
		0xFF, 0x00, 0xFF, 0xFF, 0x00, 0xFF, 0xFF, 0x00, 0xFF, 0xFF, 0x00, 0xFF, 0xFF, 0x00, 0xFF, 0xFF,
		0x00, 0xFF, 0xFF, 0x00, 0xFF, 0xFF, 0x00, 0xFF, 0xFF, 0x00, 0xFF, 0xFF, 0x00, 0xFF, 0xFF, 0x00,
		0xFF, 0xFF, 0x00, 0xFF, 0xFF, 0x00, 0xFF, 0xFF, 0x00, 0xFF, 0xFF, 0x00, 0xFF, 0xFF, 0x00, 0xFF,
		0xFF, 0x00, 0xFF, 0xFF, 0x00, 0xFF, 0xFF, 0x00, 0xFF, 0xFF, 0x00, 0xFF, 0xFF, 0x00, 0xFF, 0xFF,
		0x00, 0xFF, 0xFF, 0x00, 0xFF, 0xFF, 0x00, 0xFF, 0x5A, 0x92, 0x72, 0x7D, 0xDF, 0xA7, 0x1F, 0x2E,
		0x24, 0xFF, 0x00, 0xFF, 0xFF, 0x00, 0xFF, 0xFF, 0x00, 0xFF, 0xFF, 0x00, 0xFF, 0xFF, 0x00, 0xFF,
		0xFF, 0x00, 0xFF, 0xFF, 0x00, 0xFF, 0xFF, 0x00, 0xFF, 0xFF, 0x00, 0xFF, 0xFF, 0x00, 0xFF, 0xFF,
		0x00, 0xFF, 0xFF, 0x00, 0xFF, 0xFF, 0x00, 0xFF, 0xFF, 0x00, 0xFF, 0xFF, 0x00, 0xFF, 0xFF, 0x00,
		0xFF, 0xFF, 0x00, 0xFF, 0xFF, 0x00, 0xFF, 0xFF, 0x00, 0xFF, 0xFF, 0x00, 0xFF, 0xFF, 0x00, 0xFF,
		0xFF, 0x00, 0xFF, 0xFF, 0x00, 0xFF, 0xFF, 0x00, 0xFF, 0xFF, 0x00, 0xFF, 0xFF, 0x00, 0xFF, 0xFF,
		0x00, 0xFF, 0x5A, 0x92, 0x72, 0x7D, 0xDF, 0xA7, 0x1F, 0x2E, 0x24, 0xFF, 0x00, 0xFF, 0xFF, 0x00,
		0xFF, 0xFF, 0x00, 0xFF, 0xFF, 0x00, 0xFF, 0xFF, 0x00, 0xFF, 0xFF, 0x00, 0xFF, 0xFF, 0x00, 0xFF,
		0xFF, 0x00, 0xFF, 0xFF, 0x00, 0xFF, 0xFF, 0x00, 0xFF, 0xFF, 0x00, 0xFF, 0xFF, 0x00, 0xFF, 0xFF,
		0x00, 0xFF, 0xFF, 0x00, 0xFF, 0xFF, 0x00, 0xFF, 0xFF, 0x00, 0xFF, 0xFF, 0x00, 0xFF, 0xFF, 0x00,
		0xFF, 0xFF, 0x00, 0xFF, 0xFF, 0x00, 0xFF, 0xFF, 0x00, 0xFF, 0xFF, 0x00, 0xFF, 0xFF, 0x00, 0xFF,
		0xFF, 0x00, 0xFF, 0xFF, 0x00, 0xFF, 0xFF, 0x00, 0xFF, 0xFF, 0x00, 0xFF, 0x5A, 0x92, 0x72, 0x7D,
		0xDF, 0xA7, 0x1F, 0x2E, 0x24, 0xFF, 0x00, 0xFF, 0xFF, 0x00, 0xFF, 0xFF, 0x00, 0xFF, 0xFF, 0x00,
		0xFF, 0xFF, 0x00, 0xFF, 0xFF, 0x00, 0xFF, 0xFF, 0x00, 0xFF, 0xFF, 0x00, 0xFF, 0xFF, 0x00, 0xFF,
		0xFF, 0x00, 0xFF, 0xFF, 0x00, 0xFF, 0xFF, 0x00, 0xFF, 0xFF, 0x00, 0xFF, 0xFF, 0x00, 0xFF, 0xFF,
		0x00, 0xFF, 0xFF, 0x00, 0xFF, 0xFF, 0x00, 0xFF, 0xFF, 0x00, 0xFF, 0xFF, 0x00, 0xFF, 0xFF, 0x00,
		0xFF, 0xFF, 0x00, 0xFF, 0x15, 0x22, 0x17, 0x6B, 0xE6, 0x9F, 0x4F, 0x96, 0x6E, 0xE3, 0xD1, 0xBC,
		0xE3, 0xD1, 0xBC, 0xE3, 0xD1, 0xBC, 0xE3, 0xD1, 0xBC, 0x4F, 0x96, 0x6E, 0x6B, 0xE6, 0x9F, 0x15,
		0x22, 0x17, 0x18, 0x20, 0x19, 0xFF, 0x00, 0xFF, 0xFF, 0x00, 0xFF, 0xFF, 0x00, 0xFF, 0xFF, 0x00,
		0xFF, 0xFF, 0x00, 0xFF, 0xFF, 0x00, 0xFF, 0xFF, 0x00, 0xFF, 0xFF, 0x00, 0xFF, 0xFF, 0x00, 0xFF,
		0xFF, 0x00, 0xFF, 0xFF, 0x00, 0xFF, 0xFF, 0x00, 0xFF, 0xFF, 0x00, 0xFF, 0xFF, 0x00, 0xFF, 0xFF,
		0x00, 0xFF, 0xFF, 0x00, 0xFF, 0xFF, 0x00, 0xFF, 0xFF, 0x00, 0xFF, 0xFF, 0x00, 0xFF, 0xFF, 0x00,
		0xFF, 0xFF, 0x00, 0xFF, 0xFF, 0x00, 0xFF, 0xFF, 0x00, 0xFF, 0xFF, 0x00, 0xFF, 0x85, 0xCB, 0xE5,
		0x41, 0xA6, 0xCB, 0x41, 0xA6, 0xCB, 0x41, 0xA6, 0xCB, 0x21, 0x2B, 0x2E, 0xFF, 0x00, 0xFF, 0xFF,
		0x00, 0xFF, 0xFF, 0x00, 0xFF, 0xFF, 0x00, 0xFF, 0xFF, 0x00, 0xFF, 0xFF, 0x00, 0xFF, 0xFF, 0x00,
		0xFF, 0xFF, 0x00, 0xFF, 0xFF, 0x00, 0xFF, 0xFF, 0x00, 0xFF, 0xFF, 0x00, 0xFF, 0xFF, 0x00, 0xFF,
		0xFF, 0x00, 0xFF, 0xFF, 0x00, 0xFF, 0xFF, 0x00, 0xFF, 0xFF, 0x00, 0xFF, 0xFF, 0x00, 0xFF, 0xFF,
		0x00, 0xFF, 0xFF, 0x00, 0xFF, 0xFF, 0x00, 0xFF, 0xFF, 0x00, 0xFF, 0xFF, 0x00, 0xFF, 0xFF, 0x00,
		0xFF, 0xFF, 0x00, 0xFF, 0xFF, 0x00, 0xFF, 0xFF, 0x00, 0xFF, 0x4F, 0x96, 0x6E, 0x6B, 0xE6, 0x9F,
		0x15, 0x22, 0x17, 0xFF, 0x00, 0xFF, 0xFF, 0x00, 0xFF, 0x15, 0x22, 0x17, 0x6B, 0xE6, 0x9F, 0x4F,
		0x96, 0x6E, 0xFF, 0x00, 0xFF, 0xFF, 0x00, 0xFF, 0xFF, 0x00, 0xFF, 0xFF, 0x00, 0xFF, 0xFF, 0x00,
		0xFF, 0xFF, 0x00, 0xFF, 0xFF, 0x00, 0xFF, 0xFF, 0x00, 0xFF, 0xFF, 0x00, 0xFF, 0xFF, 0x00, 0xFF,
		0xFF, 0x00, 0xFF, 0xFF, 0x00, 0xFF, 0xFF, 0x00, 0xFF, 0xFF, 0x00, 0xFF, 0xFF, 0x00, 0xFF, 0x4F,
		0x96, 0x6E, 0x69, 0xE6, 0x80, 0xFF, 0x00, 0xFF, 0xFF, 0x00, 0xFF, 0xFF, 0x00, 0xFF, 0xFF, 0x00,
		0xFF, 0xFF, 0x00, 0xFF, 0xFF, 0x00, 0xFF, 0xFF, 0x00, 0xFF, 0xFF, 0x00, 0xFF, 0xFF, 0x00, 0xFF,
		0xFF, 0x00, 0xFF, 0xFF, 0x00, 0xFF, 0xFF, 0x00, 0xFF, 0xFF, 0x00, 0xFF, 0xFF, 0x00, 0xFF, 0xFF,
		0x00, 0xFF, 0xFF, 0x00, 0xFF, 0xFF, 0x00, 0xFF, 0xFF, 0x00, 0xFF, 0xFF, 0x00, 0xFF, 0xFF, 0x00,
		0xFF, 0xFF, 0x00, 0xFF, 0x69, 0xE6, 0x80, 0x4F, 0x96, 0x6E, 0xFF, 0x00, 0xFF, 0xFF, 0x00, 0xFF,
		0xFF, 0x00, 0xFF, 0xFF, 0x00, 0xFF, 0xFF, 0x00, 0xFF, 0xFF, 0x00, 0xFF, 0xFF, 0x00, 0xFF, 0xFF,
		0x00, 0xFF, 0xFF, 0x00, 0xFF, 0xFF, 0x00, 0xFF, 0xFF, 0x00, 0xFF, 0x4F, 0x96, 0x6E, 0x6B, 0xE6,
		0x9F, 0x15, 0x22, 0x17, 0xFF, 0x00, 0xFF, 0xFF, 0x00, 0xFF, 0xFF, 0x00, 0xFF, 0xFF, 0x00, 0xFF,
		0xFF, 0x00, 0xFF, 0xFF, 0x00, 0xFF, 0xFF, 0x00, 0xFF, 0xFF, 0x00, 0xFF, 0xFF, 0x00, 0xFF, 0xFF,
		0x00, 0xFF, 0xFF, 0x00, 0xFF, 0xFF, 0x00, 0xFF, 0x15, 0x22, 0x17, 0x6B, 0xE6, 0x9F, 0x4F, 0x96,
		0x6E, 0xFF, 0x00, 0xFF, 0xFF, 0x00, 0xFF, 0xFF, 0x00, 0xFF, 0xFF, 0x00, 0xFF, 0xFF, 0x00, 0xFF,
		0xFF, 0x00, 0xFF, 0xFF, 0x00, 0xFF, 0xFF, 0x00, 0xFF, 0xFF, 0x00, 0xFF, 0xFF, 0x00, 0xFF, 0xFF,
		0x00, 0xFF, 0xFF, 0x00, 0xFF, 0xFF, 0x00, 0xFF, 0xFF, 0x00, 0xFF, 0xFF, 0x00, 0xFF, 0xFF, 0x00,
		0xFF, 0xFF, 0x00, 0xFF, 0xFF, 0x00, 0xFF, 0x75, 0x6F, 0x5D, 0x37, 0x41, 0x34, 0x24, 0x31, 0x27,
		0x1F, 0x2E, 0x24, 0x1F, 0x2E, 0x24, 0x1F, 0x2E, 0x24, 0x1F, 0x2E, 0x24, 0x24, 0x31, 0x27, 0x38,
		0x41, 0x34, 0x75, 0x70, 0x5D, 0xFF, 0x00, 0xFF, 0xFF, 0x00, 0xFF, 0xFF, 0x00, 0xFF, 0xFF, 0x00,
		0xFF, 0xFF, 0x00, 0xFF, 0xFF, 0x00, 0xFF, 0xFF, 0x00, 0xFF, 0xFF, 0x00, 0xFF, 0xFF, 0x00, 0xFF,
		0xFF, 0x00, 0xFF, 0xFF, 0x00, 0xFF, 0xFF, 0x00, 0xFF, 0xFF, 0x00, 0xFF, 0xFF, 0x00, 0xFF, 0xFF,
		0x00, 0xFF, 0xFF, 0x00, 0xFF, 0xFF, 0x00, 0xFF, 0x1F, 0x2E, 0x24, 0x1F, 0x2E, 0x24, 0x1F, 0x2E,
		0x24, 0x1F, 0x2E, 0x24, 0x1F, 0x2E, 0x24, 0x1F, 0x2E, 0x24, 0x1F, 0x2E, 0x24, 0x1F, 0x2E, 0x24,
		0x1F, 0x2E, 0x24, 0x1F, 0x2E, 0x24, 0x1F, 0x2E, 0x24, 0x1F, 0x2E, 0x24, 0x1F, 0x2E, 0x24, 0x1F,
		0x2E, 0x24, 0x1F, 0x2E, 0x24, 0x1F, 0x2E, 0x24, 0x1F, 0x2E, 0x24, 0x1F, 0x2E, 0x24, 0x1F, 0x2E,
		0x24, 0x1F, 0x2E, 0x24, 0xFF, 0x00, 0xFF, 0xFF, 0x00, 0xFF, 0xFF, 0x00, 0xFF, 0xFF, 0x00, 0xFF,
		0xFF, 0x00, 0xFF, 0xFF, 0x00, 0xFF, 0xFF, 0x00, 0xFF, 0xFF, 0x00, 0xFF, 0xFF, 0x00, 0xFF, 0xFF,
		0x00, 0xFF, 0xFF, 0x00, 0xFF, 0xFF, 0x00, 0xFF, 0xFF, 0x00, 0xFF, 0xFF, 0x00, 0xFF, 0xFF, 0x00,
		0xFF, 0xFF, 0x00, 0xFF, 0xFF, 0x00, 0xFF, 0xFF, 0x00, 0xFF, 0xFF, 0x00, 0xFF, 0xFF, 0x00, 0xFF,
		0xFF, 0x00, 0xFF, 0xFF, 0x00, 0xFF, 0xFF, 0x00, 0xFF, 0xFF, 0x00, 0xFF, 0xFF, 0x00, 0xFF, 0xFF,
		0x00, 0xFF, 0xFF, 0x00, 0xFF, 0xFF, 0x00, 0xFF, 0xFF, 0x00, 0xFF, 0xFF, 0x00, 0xFF, 0x5A, 0x92,
		0x72, 0x7D, 0xDF, 0xA7, 0x1F, 0x2E, 0x24, 0xFF, 0x00, 0xFF, 0xFF, 0x00, 0xFF, 0xFF, 0x00, 0xFF,
		0xFF, 0x00, 0xFF, 0xFF, 0x00, 0xFF, 0xFF, 0x00, 0xFF, 0xFF, 0x00, 0xFF, 0xFF, 0x00, 0xFF, 0xFF,
		0x00, 0xFF, 0xFF, 0x00, 0xFF, 0xFF, 0x00, 0xFF, 0xFF, 0x00, 0xFF, 0xFF, 0x00, 0xFF, 0xFF, 0x00,
		0xFF, 0xFF, 0x00, 0xFF, 0xFF, 0x00, 0xFF, 0xFF, 0x00, 0xFF, 0xFF, 0x00, 0xFF, 0xFF, 0x00, 0xFF,
		0xFF, 0x00, 0xFF, 0xFF, 0x00, 0xFF, 0xFF, 0x00, 0xFF, 0xFF, 0x00, 0xFF, 0xFF, 0x00, 0xFF, 0xFF,
		0x00, 0xFF, 0xFF, 0x00, 0xFF, 0xFF, 0x00, 0xFF, 0xFF, 0x00, 0xFF, 0xFF, 0x00, 0xFF, 0x5A, 0x92,
		0x72, 0x7D, 0xDF, 0xA7, 0x1F, 0x2E, 0x24, 0xFF, 0x00, 0xFF, 0xFF, 0x00, 0xFF, 0xFF, 0x00, 0xFF,
		0xFF, 0x00, 0xFF, 0xFF, 0x00, 0xFF, 0xFF, 0x00, 0xFF, 0xFF, 0x00, 0xFF, 0xFF, 0x00, 0xFF, 0xFF,
		0x00, 0xFF, 0xFF, 0x00, 0xFF, 0xFF, 0x00, 0xFF, 0xFF, 0x00, 0xFF, 0xFF, 0x00, 0xFF, 0xFF, 0x00,
		0xFF, 0xFF, 0x00, 0xFF, 0xFF, 0x00, 0xFF, 0xFF, 0x00, 0xFF, 0xFF, 0x00, 0xFF, 0xFF, 0x00, 0xFF,
		0xFF, 0x00, 0xFF, 0xFF, 0x00, 0xFF, 0xFF, 0x00, 0xFF, 0xFF, 0x00, 0xFF, 0xFF, 0x00, 0xFF, 0xFF,
		0x00, 0xFF, 0xFF, 0x00, 0xFF, 0xFF, 0x00, 0xFF, 0x5A, 0x92, 0x72, 0x7D, 0xDF, 0xA7, 0x1F, 0x2E,
		0x24, 0xFF, 0x00, 0xFF, 0xFF, 0x00, 0xFF, 0xFF, 0x00, 0xFF, 0xFF, 0x00, 0xFF, 0xFF, 0x00, 0xFF,
		0xFF, 0x00, 0xFF, 0xFF, 0x00, 0xFF, 0xFF, 0x00, 0xFF, 0xFF, 0x00, 0xFF, 0xFF, 0x00, 0xFF, 0xFF,
		0x00, 0xFF, 0xFF, 0x00, 0xFF, 0xFF, 0x00, 0xFF, 0xFF, 0x00, 0xFF, 0xFF, 0x00, 0xFF, 0xFF, 0x00,
		0xFF, 0xFF, 0x00, 0xFF, 0xFF, 0x00, 0xFF, 0xFF, 0x00, 0xFF, 0xFF, 0x00, 0xFF, 0xFF, 0x00, 0xFF,
		0xFF, 0x00, 0xFF, 0xFF, 0x00, 0xFF, 0xFF, 0x00, 0xFF, 0xFF, 0x00, 0xFF, 0xFF, 0x00, 0xFF, 0xFF,
		0x00, 0xFF, 0x5A, 0x92, 0x72, 0x7D, 0xDF, 0xA7, 0x1F, 0x2E, 0x24, 0xFF, 0x00, 0xFF, 0xFF, 0x00,
		0xFF, 0xFF, 0x00, 0xFF, 0xFF, 0x00, 0xFF, 0xFF, 0x00, 0xFF, 0xFF, 0x00, 0xFF, 0xFF, 0x00, 0xFF,
		0xFF, 0x00, 0xFF, 0xFF, 0x00, 0xFF, 0xFF, 0x00, 0xFF, 0xFF, 0x00, 0xFF, 0xFF, 0x00, 0xFF, 0xFF,
		0x00, 0xFF, 0xFF, 0x00, 0xFF, 0xFF, 0x00, 0xFF, 0xFF, 0x00, 0xFF, 0xFF, 0x00, 0xFF, 0xFF, 0x00,
		0xFF, 0xFF, 0x00, 0xFF, 0xFF, 0x00, 0xFF, 0xFF, 0x00, 0xFF, 0xFF, 0x00, 0xFF, 0xFF, 0x00, 0xFF,
		0xFF, 0x00, 0xFF, 0xFF, 0x00, 0xFF, 0xFF, 0x00, 0xFF, 0xFF, 0x00, 0xFF, 0x5A, 0x92, 0x72, 0x7D,
		0xDF, 0xA7, 0x1F, 0x2E, 0x24, 0xFF, 0x00, 0xFF, 0xFF, 0x00, 0xFF, 0xFF, 0x00, 0xFF, 0xFF, 0x00,
		0xFF, 0xFF, 0x00, 0xFF, 0xFF, 0x00, 0xFF, 0xFF, 0x00, 0xFF, 0xFF, 0x00, 0xFF, 0xFF, 0x00, 0xFF,
		0xFF, 0x00, 0xFF, 0xFF, 0x00, 0xFF, 0xFF, 0x00, 0xFF, 0xFF, 0x00, 0xFF, 0xFF, 0x00, 0xFF, 0xFF,
		0x00, 0xFF, 0xFF, 0x00, 0xFF, 0xFF, 0x00, 0xFF, 0xFF, 0x00, 0xFF, 0xFF, 0x00, 0xFF, 0xFF, 0x00,
		0xFF, 0xFF, 0x00, 0xFF, 0xFF, 0x00, 0xFF, 0xFF, 0x00, 0xFF, 0xFF, 0x00, 0xFF, 0xFF, 0x00, 0xFF,
		0xFF, 0x00, 0xFF, 0xFF, 0x00, 0xFF, 0xFF, 0x00, 0xFF, 0xFF, 0x00, 0xFF, 0xFF, 0x00, 0xFF, 0xFF,
		0x00, 0xFF, 0xFF, 0x00, 0xFF, 0xFF, 0x00, 0xFF, 0xFF, 0x00, 0xFF, 0xFF, 0x00, 0xFF, 0x5A, 0x92,
		0x72, 0x7D, 0xDF, 0xA7, 0x1F, 0x2E, 0x24, 0xFF, 0x00, 0xFF, 0xFF, 0x00, 0xFF, 0xFF, 0x00, 0xFF,
		0xFF, 0x00, 0xFF, 0xFF, 0x00, 0xFF, 0xFF, 0x00, 0xFF, 0xFF, 0x00, 0xFF, 0xFF, 0x00, 0xFF, 0xFF,
		0x00, 0xFF, 0xFF, 0x00, 0xFF, 0xFF, 0x00, 0xFF, 0xFF, 0x00, 0xFF, 0xFF, 0x00, 0xFF, 0xFF, 0x00,
		0xFF, 0xFF, 0x00, 0xFF, 0xFF, 0x00, 0xFF, 0xFF, 0x00, 0xFF, 0xFF, 0x00, 0xFF, 0xFF, 0x00, 0xFF,
		0xFF, 0x00, 0xFF, 0xFF, 0x00, 0xFF, 0xFF, 0x00, 0xFF, 0xFF, 0x00, 0xFF, 0xFF, 0x00, 0xFF, 0xFF,
		0x00, 0xFF, 0xFF, 0x00, 0xFF, 0xFF, 0x00, 0xFF, 0xFF, 0x00, 0xFF, 0xFF, 0x00, 0xFF, 0x5A, 0x92,
		0x72, 0x7D, 0xDF, 0xA7, 0x1F, 0x2E, 0x24, 0xFF, 0x00, 0xFF, 0xFF, 0x00, 0xFF, 0xFF, 0x00, 0xFF,
		0xFF, 0x00, 0xFF, 0xFF, 0x00, 0xFF, 0xFF, 0x00, 0xFF, 0xFF, 0x00, 0xFF, 0xFF, 0x00, 0xFF, 0xFF,
		0x00, 0xFF, 0xFF, 0x00, 0xFF, 0xFF, 0x00, 0xFF, 0xFF, 0x00, 0xFF, 0xFF, 0x00, 0xFF, 0xFF, 0x00,
		0xFF, 0xFF, 0x00, 0xFF, 0xFF, 0x00, 0xFF, 0xFF, 0x00, 0xFF, 0xFF, 0x00, 0xFF, 0xFF, 0x00, 0xFF,
		0xFF, 0x00, 0xFF, 0xFF, 0x00, 0xFF, 0xFF, 0x00, 0xFF, 0xFF, 0x00, 0xFF, 0xFF, 0x00, 0xFF, 0xFF,
		0x00, 0xFF, 0xFF, 0x00, 0xFF, 0xFF, 0x00, 0xFF, 0x5A, 0x92, 0x72, 0x7D, 0xDF, 0xA7, 0x1F, 0x2E,
		0x24, 0xFF, 0x00, 0xFF, 0xFF, 0x00, 0xFF, 0xFF, 0x00, 0xFF, 0xFF, 0x00, 0xFF, 0xFF, 0x00, 0xFF,
		0xFF, 0x00, 0xFF, 0xFF, 0x00, 0xFF, 0xFF, 0x00, 0xFF, 0xFF, 0x00, 0xFF, 0xFF, 0x00, 0xFF, 0xFF,
		0x00, 0xFF, 0xFF, 0x00, 0xFF, 0xFF, 0x00, 0xFF, 0xFF, 0x00, 0xFF, 0xFF, 0x00, 0xFF, 0xFF, 0x00,
		0xFF, 0xFF, 0x00, 0xFF, 0xFF, 0x00, 0xFF, 0xFF, 0x00, 0xFF, 0xFF, 0x00, 0xFF, 0xFF, 0x00, 0xFF,
		0xFF, 0x00, 0xFF, 0xFF, 0x00, 0xFF, 0xFF, 0x00, 0xFF, 0xFF, 0x00, 0xFF, 0xFF, 0x00, 0xFF, 0xFF,
		0x00, 0xFF, 0x5A, 0x92, 0x72, 0x7D, 0xDF, 0xA7, 0x1F, 0x2E, 0x24, 0xFF, 0x00, 0xFF, 0xFF, 0x00,
		0xFF, 0xFF, 0x00, 0xFF, 0xFF, 0x00, 0xFF, 0xFF, 0x00, 0xFF, 0xFF, 0x00, 0xFF, 0xFF, 0x00, 0xFF,
		0xFF, 0x00, 0xFF, 0xFF, 0x00, 0xFF, 0xFF, 0x00, 0xFF, 0xFF, 0x00, 0xFF, 0xFF, 0x00, 0xFF, 0xFF,
		0x00, 0xFF, 0xFF, 0x00, 0xFF, 0xFF, 0x00, 0xFF, 0xFF, 0x00, 0xFF, 0xFF, 0x00, 0xFF, 0xFF, 0x00,
		0xFF, 0xFF, 0x00, 0xFF, 0xFF, 0x00, 0xFF, 0xFF, 0x00, 0xFF, 0xFF, 0x00, 0xFF, 0xFF, 0x00, 0xFF,
		0xFF, 0x00, 0xFF, 0xFF, 0x00, 0xFF, 0xFF, 0x00, 0xFF, 0xFF, 0x00, 0xFF, 0x5A, 0x92, 0x72, 0x7D,
		0xDF, 0xA7, 0x1F, 0x2E, 0x24, 0xFF, 0x00, 0xFF, 0xFF, 0x00, 0xFF, 0xFF, 0x00, 0xFF, 0xFF, 0x00,
		0xFF, 0xFF, 0x00, 0xFF, 0xFF, 0x00, 0xFF, 0xFF, 0x00, 0xFF, 0xFF, 0x00, 0xFF, 0xFF, 0x00, 0xFF,
		0xFF, 0x00, 0xFF, 0xFF, 0x00, 0xFF, 0xFF, 0x00, 0xFF, 0xFF, 0x00, 0xFF, 0xFF, 0x00, 0xFF, 0xFF,
		0x00, 0xFF, 0xFF, 0x00, 0xFF, 0xFF, 0x00, 0xFF, 0xFF, 0x00, 0xFF, 0xFF, 0x00, 0xFF, 0xFF, 0x00,
		0xFF, 0x15, 0x22, 0x17, 0x6B, 0xE6, 0x9F, 0x4F, 0x96, 0x6E, 0xE0, 0xCD, 0xB6, 0xDF, 0xCC, 0xB6,
		0xE0, 0xCC, 0xB6, 0xE0, 0xCC, 0xB6, 0xDF, 0xCC, 0xB6, 0xDF, 0xCD, 0xB6, 0x4F, 0x96, 0x6E, 0x6B,
		0xE6, 0x9F, 0x6B, 0xE6, 0x9F, 0x15, 0x22, 0x17, 0xFF, 0x00, 0xFF, 0xFF, 0x00, 0xFF, 0xFF, 0x00,
		0xFF, 0xFF, 0x00, 0xFF, 0xFF, 0x00, 0xFF, 0xFF, 0x00, 0xFF, 0xFF, 0x00, 0xFF, 0xFF, 0x00, 0xFF,
		0xFF, 0x00, 0xFF, 0xFF, 0x00, 0xFF, 0xFF, 0x00, 0xFF, 0xFF, 0x00, 0xFF, 0xFF, 0x00, 0xFF, 0xFF,
		0x00, 0xFF, 0xFF, 0x00, 0xFF, 0xFF, 0x00, 0xFF, 0xFF, 0x00, 0xFF, 0xFF, 0x00, 0xFF, 0xFF, 0x00,
		0xFF, 0xFF, 0x00, 0xFF, 0xFF, 0x00, 0xFF, 0xFF, 0x00, 0xFF, 0xFF, 0x00, 0xFF, 0x85, 0xCB, 0xE5,
		0x41, 0xA6, 0xCB, 0x41, 0xA6, 0xCB, 0x41, 0xA6, 0xCB, 0x21, 0x2B, 0x2E, 0xFF, 0x00, 0xFF, 0xFF,
		0x00, 0xFF, 0xFF, 0x00, 0xFF, 0xFF, 0x00, 0xFF, 0xFF, 0x00, 0xFF, 0xFF, 0x00, 0xFF, 0xFF, 0x00,
		0xFF, 0xFF, 0x00, 0xFF, 0xFF, 0x00, 0xFF, 0xFF, 0x00, 0xFF, 0xFF, 0x00, 0xFF, 0xFF, 0x00, 0xFF,
		0xFF, 0x00, 0xFF, 0xFF, 0x00, 0xFF, 0xFF, 0x00, 0xFF, 0xFF, 0x00, 0xFF, 0xFF, 0x00, 0xFF, 0xFF,
		0x00, 0xFF, 0xFF, 0x00, 0xFF, 0xFF, 0x00, 0xFF, 0xFF, 0x00, 0xFF, 0xFF, 0x00, 0xFF, 0xFF, 0x00,
		0xFF, 0xFF, 0x00, 0xFF, 0xFF, 0x00, 0xFF, 0x4F, 0x96, 0x6E, 0x6B, 0xE6, 0x9F, 0x15, 0x22, 0x17,
		0xFF, 0x00, 0xFF, 0xFF, 0x00, 0xFF, 0xFF, 0x00, 0xFF, 0xFF, 0x00, 0xFF, 0x15, 0x22, 0x17, 0x6B,
		0xE6, 0x9F, 0x4F, 0x96, 0x6E, 0xFF, 0x00, 0xFF, 0xFF, 0x00, 0xFF, 0xFF, 0x00, 0xFF, 0xFF, 0x00,
		0xFF, 0xFF, 0x00, 0xFF, 0xFF, 0x00, 0xFF, 0xFF, 0x00, 0xFF, 0xFF, 0x00, 0xFF, 0xFF, 0x00, 0xFF,
		0xFF, 0x00, 0xFF, 0xFF, 0x00, 0xFF, 0xFF, 0x00, 0xFF, 0xFF, 0x00, 0xFF, 0xFF, 0x00, 0xFF, 0xFF,
		0x00, 0xFF, 0x4F, 0x96, 0x6E, 0x09, 0x24, 0x09, 0xFF, 0x00, 0xFF, 0xFF, 0x00, 0xFF, 0xFF, 0x00,
		0xFF, 0xFF, 0x00, 0xFF, 0xFF, 0x00, 0xFF, 0xFF, 0x00, 0xFF, 0xFF, 0x00, 0xFF, 0xFF, 0x00, 0xFF,
		0xFF, 0x00, 0xFF, 0xFF, 0x00, 0xFF, 0xFF, 0x00, 0xFF, 0xFF, 0x00, 0xFF, 0xFF, 0x00, 0xFF, 0xFF,
		0x00, 0xFF, 0xFF, 0x00, 0xFF, 0xFF, 0x00, 0xFF, 0xFF, 0x00, 0xFF, 0xFF, 0x00, 0xFF, 0xFF, 0x00,
		0xFF, 0x09, 0x24, 0x09, 0x69, 0xE6, 0x80, 0x4F, 0x96, 0x6E, 0xFF, 0x00, 0xFF, 0xFF, 0x00, 0xFF,
		0xFF, 0x00, 0xFF, 0xFF, 0x00, 0xFF, 0xFF, 0x00, 0xFF, 0xFF, 0x00, 0xFF, 0xFF, 0x00, 0xFF, 0xFF,
		0x00, 0xFF, 0xFF, 0x00, 0xFF, 0xFF, 0x00, 0xFF, 0xFF, 0x00, 0xFF, 0x4F, 0x96, 0x6E, 0x6B, 0xE6,
		0x9F, 0x15, 0x22, 0x17, 0xFF, 0x00, 0xFF, 0xFF, 0x00, 0xFF, 0xFF, 0x00, 0xFF, 0xFF, 0x00, 0xFF,
		0xFF, 0x00, 0xFF, 0xFF, 0x00, 0xFF, 0xFF, 0x00, 0xFF, 0xFF, 0x00, 0xFF, 0xFF, 0x00, 0xFF, 0xFF,
		0x00, 0xFF, 0xFF, 0x00, 0xFF, 0xFF, 0x00, 0xFF, 0x15, 0x22, 0x17, 0x6B, 0xE6, 0x9F, 0x4F, 0x96,
		0x6E, 0xFF, 0x00, 0xFF, 0xFF, 0x00, 0xFF, 0xFF, 0x00, 0xFF, 0xFF, 0x00, 0xFF, 0xFF, 0x00, 0xFF,
		0xFF, 0x00, 0xFF, 0xFF, 0x00, 0xFF, 0xFF, 0x00, 0xFF, 0xFF, 0x00, 0xFF, 0xFF, 0x00, 0xFF, 0xFF,
		0x00, 0xFF, 0xFF, 0x00, 0xFF, 0xFF, 0x00, 0xFF, 0xFF, 0x00, 0xFF, 0xFF, 0x00, 0xFF, 0xFF, 0x00,
		0xFF, 0x91, 0x84, 0x6D, 0x31, 0x3C, 0x30, 0x32, 0x63, 0x45, 0x4A, 0xA7, 0x70, 0x5A, 0xD6, 0x8F,
		0x61, 0xE8, 0x9A, 0x61, 0xEA, 0x9B, 0x61, 0xEA, 0x9B, 0x61, 0xE8, 0x9A, 0x5A, 0xD6, 0x8F, 0x4A,
		0xA7, 0x70, 0x32, 0x63, 0x45, 0x31, 0x3C, 0x30, 0x91, 0x84, 0x6D, 0xFF, 0x00, 0xFF, 0xFF, 0x00,
		0xFF, 0xFF, 0x00, 0xFF, 0xFF, 0x00, 0xFF, 0xFF, 0x00, 0xFF, 0xFF, 0x00, 0xFF, 0xFF, 0x00, 0xFF,
		0xFF, 0x00, 0xFF, 0xFF, 0x00, 0xFF, 0xFF, 0x00, 0xFF, 0xFF, 0x00, 0xFF, 0xFF, 0x00, 0xFF, 0xFF,
		0x00, 0xFF, 0xFF, 0x00, 0xFF, 0xFF, 0x00, 0xFF, 0x1F, 0x2E, 0x24, 0x61, 0xEA, 0x9B, 0x61, 0xEA,
		0x9B, 0x61, 0xEA, 0x9B, 0x61, 0xEA, 0x9B, 0x61, 0xEA, 0x9B, 0x61, 0xEA, 0x9B, 0x61, 0xEA, 0x9B,
		0x61, 0xEA, 0x9B, 0x61, 0xEA, 0x9B, 0x61, 0xEA, 0x9B, 0x61, 0xEA, 0x9B, 0x61, 0xEA, 0x9B, 0x61,
		0xEA, 0x9B, 0x61, 0xEA, 0x9B, 0x61, 0xEA, 0x9B, 0x61, 0xEA, 0x9B, 0x61, 0xEA, 0x9B, 0x61, 0xEA,
		0x9B, 0x1F, 0x2E, 0x24, 0xFF, 0x00, 0xFF, 0xFF, 0x00, 0xFF, 0xFF, 0x00, 0xFF, 0xFF, 0x00, 0xFF,
		0xFF, 0x00, 0xFF, 0xFF, 0x00, 0xFF, 0xFF, 0x00, 0xFF, 0xFF, 0x00, 0xFF, 0xFF, 0x00, 0xFF, 0xFF,
		0x00, 0xFF, 0xFF, 0x00, 0xFF, 0xFF, 0x00, 0xFF, 0xFF, 0x00, 0xFF, 0xFF, 0x00, 0xFF, 0xFF, 0x00,
		0xFF, 0xFF, 0x00, 0xFF, 0xFF, 0x00, 0xFF, 0xFF, 0x00, 0xFF, 0xFF, 0x00, 0xFF, 0xFF, 0x00, 0xFF,
		0xFF, 0x00, 0xFF, 0xFF, 0x00, 0xFF, 0xFF, 0x00, 0xFF, 0xFF, 0x00, 0xFF, 0xFF, 0x00, 0xFF, 0xFF,
		0x00, 0xFF, 0xFF, 0x00, 0xFF, 0xFF, 0x00, 0xFF, 0xFF, 0x00, 0xFF, 0xFF, 0x00, 0xFF, 0x5A, 0x92,
		0x72, 0x7D, 0xDF, 0xA7, 0x1F, 0x2E, 0x24, 0xFF, 0x00, 0xFF, 0xFF, 0x00, 0xFF, 0xFF, 0x00, 0xFF,
		0xFF, 0x00, 0xFF, 0xFF, 0x00, 0xFF, 0xFF, 0x00, 0xFF, 0xFF, 0x00, 0xFF, 0xFF, 0x00, 0xFF, 0xFF,
		0x00, 0xFF, 0xFF, 0x00, 0xFF, 0xFF, 0x00, 0xFF, 0xFF, 0x00, 0xFF, 0xFF, 0x00, 0xFF, 0xFF, 0x00,
		0xFF, 0xFF, 0x00, 0xFF, 0xFF, 0x00, 0xFF, 0xFF, 0x00, 0xFF, 0xFF, 0x00, 0xFF, 0xFF, 0x00, 0xFF,
		0xFF, 0x00, 0xFF, 0xFF, 0x00, 0xFF, 0xFF, 0x00, 0xFF, 0xFF, 0x00, 0xFF, 0xFF, 0x00, 0xFF, 0xFF,
		0x00, 0xFF, 0xFF, 0x00, 0xFF, 0xFF, 0x00, 0xFF, 0xFF, 0x00, 0xFF, 0xFF, 0x00, 0xFF, 0x5A, 0x92,
		0x72, 0x7D, 0xDF, 0xA7, 0x1F, 0x2E, 0x24, 0xFF, 0x00, 0xFF, 0xFF, 0x00, 0xFF, 0xFF, 0x00, 0xFF,
		0xFF, 0x00, 0xFF, 0xFF, 0x00, 0xFF, 0xFF, 0x00, 0xFF, 0xFF, 0x00, 0xFF, 0xFF, 0x00, 0xFF, 0xFF,
		0x00, 0xFF, 0xFF, 0x00, 0xFF, 0xFF, 0x00, 0xFF, 0xFF, 0x00, 0xFF, 0xFF, 0x00, 0xFF, 0xFF, 0x00,
		0xFF, 0xFF, 0x00, 0xFF, 0xFF, 0x00, 0xFF, 0xFF, 0x00, 0xFF, 0xFF, 0x00, 0xFF, 0xFF, 0x00, 0xFF,
		0xFF, 0x00, 0xFF, 0xFF, 0x00, 0xFF, 0xFF, 0x00, 0xFF, 0xFF, 0x00, 0xFF, 0xFF, 0x00, 0xFF, 0xFF,
		0x00, 0xFF, 0xFF, 0x00, 0xFF, 0xFF, 0x00, 0xFF, 0x5A, 0x92, 0x72, 0x7D, 0xDF, 0xA7, 0x1F, 0x2E,
		0x24, 0xFF, 0x00, 0xFF, 0xFF, 0x00, 0xFF, 0xFF, 0x00, 0xFF, 0xFF, 0x00, 0xFF, 0xFF, 0x00, 0xFF,
		0xFF, 0x00, 0xFF, 0xFF, 0x00, 0xFF, 0xFF, 0x00, 0xFF, 0xFF, 0x00, 0xFF, 0xFF, 0x00, 0xFF, 0xFF,
		0x00, 0xFF, 0xFF, 0x00, 0xFF, 0xFF, 0x00, 0xFF, 0xFF, 0x00, 0xFF, 0xFF, 0x00, 0xFF, 0xFF, 0x00,
		0xFF, 0xFF, 0x00, 0xFF, 0xFF, 0x00, 0xFF, 0xFF, 0x00, 0xFF, 0xFF, 0x00, 0xFF, 0xFF, 0x00, 0xFF,
		0xFF, 0x00, 0xFF, 0xFF, 0x00, 0xFF, 0xFF, 0x00, 0xFF, 0xFF, 0x00, 0xFF, 0xFF, 0x00, 0xFF, 0xFF,
		0x00, 0xFF, 0x5A, 0x92, 0x72, 0x7D, 0xDF, 0xA7, 0x1F, 0x2E, 0x24, 0xFF, 0x00, 0xFF, 0xFF, 0x00,
		0xFF, 0xFF, 0x00, 0xFF, 0xFF, 0x00, 0xFF, 0xFF, 0x00, 0xFF, 0xFF, 0x00, 0xFF, 0xFF, 0x00, 0xFF,
		0xFF, 0x00, 0xFF, 0xFF, 0x00, 0xFF, 0xFF, 0x00, 0xFF, 0xFF, 0x00, 0xFF, 0xFF, 0x00, 0xFF, 0xFF,
		0x00, 0xFF, 0xFF, 0x00, 0xFF, 0xFF, 0x00, 0xFF, 0xFF, 0x00, 0xFF, 0xFF, 0x00, 0xFF, 0xFF, 0x00,
		0xFF, 0xFF, 0x00, 0xFF, 0xFF, 0x00, 0xFF, 0xFF, 0x00, 0xFF, 0xFF, 0x00, 0xFF, 0xFF, 0x00, 0xFF,
		0xFF, 0x00, 0xFF, 0xFF, 0x00, 0xFF, 0xFF, 0x00, 0xFF, 0xFF, 0x00, 0xFF, 0x5A, 0x92, 0x72, 0x7D,
		0xDF, 0xA7, 0x1F, 0x2E, 0x24, 0xFF, 0x00, 0xFF, 0xFF, 0x00, 0xFF, 0xFF, 0x00, 0xFF, 0xFF, 0x00,
		0xFF, 0xFF, 0x00, 0xFF, 0xFF, 0x00, 0xFF, 0xFF, 0x00, 0xFF, 0xFF, 0x00, 0xFF, 0xFF, 0x00, 0xFF,
		0xFF, 0x00, 0xFF, 0xFF, 0x00, 0xFF, 0xFF, 0x00, 0xFF, 0xFF, 0x00, 0xFF, 0xFF, 0x00, 0xFF, 0xFF,
		0x00, 0xFF, 0xFF, 0x00, 0xFF, 0xFF, 0x00, 0xFF, 0xFF, 0x00, 0xFF, 0xFF, 0x00, 0xFF, 0xFF, 0x00,
		0xFF, 0xFF, 0x00, 0xFF, 0xFF, 0x00, 0xFF, 0xFF, 0x00, 0xFF, 0xFF, 0x00, 0xFF, 0xFF, 0x00, 0xFF,
		0xFF, 0x00, 0xFF, 0xFF, 0x00, 0xFF, 0xFF, 0x00, 0xFF, 0xFF, 0x00, 0xFF, 0xFF, 0x00, 0xFF, 0xFF,
		0x00, 0xFF, 0xFF, 0x00, 0xFF, 0xFF, 0x00, 0xFF, 0xFF, 0x00, 0xFF, 0xFF, 0x00, 0xFF, 0x5A, 0x92,
		0x72, 0x7D, 0xDF, 0xA7, 0x1F, 0x2E, 0x24, 0xFF, 0x00, 0xFF, 0xFF, 0x00, 0xFF, 0xFF, 0x00, 0xFF,
		0xFF, 0x00, 0xFF, 0xFF, 0x00, 0xFF, 0xFF, 0x00, 0xFF, 0xFF, 0x00, 0xFF, 0xFF, 0x00, 0xFF, 0xFF,
		0x00, 0xFF, 0xFF, 0x00, 0xFF, 0xFF, 0x00, 0xFF, 0xFF, 0x00, 0xFF, 0xFF, 0x00, 0xFF, 0xFF, 0x00,
		0xFF, 0xFF, 0x00, 0xFF, 0xFF, 0x00, 0xFF, 0xFF, 0x00, 0xFF, 0xFF, 0x00, 0xFF, 0xFF, 0x00, 0xFF,
		0xFF, 0x00, 0xFF, 0xFF, 0x00, 0xFF, 0xFF, 0x00, 0xFF, 0xFF, 0x00, 0xFF, 0xFF, 0x00, 0xFF, 0xFF,
		0x00, 0xFF, 0xFF, 0x00, 0xFF, 0xFF, 0x00, 0xFF, 0xFF, 0x00, 0xFF, 0xFF, 0x00, 0xFF, 0x5A, 0x92,
		0x72, 0x7D, 0xDF, 0xA7, 0x1F, 0x2E, 0x24, 0xFF, 0x00, 0xFF, 0xFF, 0x00, 0xFF, 0xFF, 0x00, 0xFF,
		0xFF, 0x00, 0xFF, 0xFF, 0x00, 0xFF, 0xFF, 0x00, 0xFF, 0xFF, 0x00, 0xFF, 0xFF, 0x00, 0xFF, 0xFF,
		0x00, 0xFF, 0xFF, 0x00, 0xFF, 0xFF, 0x00, 0xFF, 0xFF, 0x00, 0xFF, 0xFF, 0x00, 0xFF, 0xFF, 0x00,
		0xFF, 0xFF, 0x00, 0xFF, 0xFF, 0x00, 0xFF, 0xFF, 0x00, 0xFF, 0xFF, 0x00, 0xFF, 0xFF, 0x00, 0xFF,
		0xFF, 0x00, 0xFF, 0xFF, 0x00, 0xFF, 0xFF, 0x00, 0xFF, 0xFF, 0x00, 0xFF, 0xFF, 0x00, 0xFF, 0xFF,
		0x00, 0xFF, 0xFF, 0x00, 0xFF, 0xFF, 0x00, 0xFF, 0x5A, 0x92, 0x72, 0x7D, 0xDF, 0xA7, 0x1F, 0x2E,
		0x24, 0xFF, 0x00, 0xFF, 0xFF, 0x00, 0xFF, 0xFF, 0x00, 0xFF, 0xFF, 0x00, 0xFF, 0xFF, 0x00, 0xFF,
		0xFF, 0x00, 0xFF, 0xFF, 0x00, 0xFF, 0xFF, 0x00, 0xFF, 0xFF, 0x00, 0xFF, 0xFF, 0x00, 0xFF, 0xFF,
		0x00, 0xFF, 0xFF, 0x00, 0xFF, 0xFF, 0x00, 0xFF, 0xFF, 0x00, 0xFF, 0xFF, 0x00, 0xFF, 0xFF, 0x00,
		0xFF, 0xFF, 0x00, 0xFF, 0xFF, 0x00, 0xFF, 0xFF, 0x00, 0xFF, 0xFF, 0x00, 0xFF, 0xFF, 0x00, 0xFF,
		0xFF, 0x00, 0xFF, 0xFF, 0x00, 0xFF, 0xFF, 0x00, 0xFF, 0xFF, 0x00, 0xFF, 0xFF, 0x00, 0xFF, 0xFF,
		0x00, 0xFF, 0x5A, 0x92, 0x72, 0x7D, 0xDF, 0xA7, 0x1F, 0x2E, 0x24, 0xFF, 0x00, 0xFF, 0xFF, 0x00,
		0xFF, 0xFF, 0x00, 0xFF, 0xFF, 0x00, 0xFF, 0xFF, 0x00, 0xFF, 0xFF, 0x00, 0xFF, 0xFF, 0x00, 0xFF,
		0xFF, 0x00, 0xFF, 0xFF, 0x00, 0xFF, 0xFF, 0x00, 0xFF, 0xFF, 0x00, 0xFF, 0xFF, 0x00, 0xFF, 0xFF,
		0x00, 0xFF, 0xFF, 0x00, 0xFF, 0xFF, 0x00, 0xFF, 0xFF, 0x00, 0xFF, 0xFF, 0x00, 0xFF, 0xFF, 0x00,
		0xFF, 0xFF, 0x00, 0xFF, 0xFF, 0x00, 0xFF, 0xFF, 0x00, 0xFF, 0xFF, 0x00, 0xFF, 0xFF, 0x00, 0xFF,
		0xFF, 0x00, 0xFF, 0xFF, 0x00, 0xFF, 0xFF, 0x00, 0xFF, 0xFF, 0x00, 0xFF, 0x5A, 0x92, 0x72, 0x7D,
		0xDF, 0xA7, 0x1F, 0x2E, 0x24, 0xFF, 0x00, 0xFF, 0xFF, 0x00, 0xFF, 0xFF, 0x00, 0xFF, 0xFF, 0x00,
		0xFF, 0xFF, 0x00, 0xFF, 0xFF, 0x00, 0xFF, 0xFF, 0x00, 0xFF, 0xFF, 0x00, 0xFF, 0xFF, 0x00, 0xFF,
		0xFF, 0x00, 0xFF, 0xFF, 0x00, 0xFF, 0xFF, 0x00, 0xFF, 0xFF, 0x00, 0xFF, 0xFF, 0x00, 0xFF, 0xFF,
		0x00, 0xFF, 0xFF, 0x00, 0xFF, 0xFF, 0x00, 0xFF, 0xFF, 0x00, 0xFF, 0xFF, 0x00, 0xFF, 0x15, 0x22,
		0x17, 0x6B, 0xE6, 0x9F, 0x4F, 0x96, 0x6E, 0xDC, 0xC8, 0xB0, 0xDB, 0xC7, 0xB0, 0xDC, 0xC8, 0xB0,
		0xDC, 0xC8, 0xB0, 0xDC, 0xC8, 0xB0, 0xDC, 0xC7, 0xB0, 0xDC, 0xC7, 0xB0, 0xDC, 0xC7, 0xAF, 0x4F,
		0x96, 0x6E, 0x4F, 0x96, 0x6E, 0x6B, 0xE6, 0x9F, 0x15, 0x22, 0x17, 0xFF, 0x00, 0xFF, 0xFF, 0x00,
		0xFF, 0xFF, 0x00, 0xFF, 0xFF, 0x00, 0xFF, 0xFF, 0x00, 0xFF, 0xFF, 0x00, 0xFF, 0xFF, 0x00, 0xFF,
		0xFF, 0x00, 0xFF, 0xFF, 0x00, 0xFF, 0xFF, 0x00, 0xFF, 0xFF, 0x00, 0xFF, 0xFF, 0x00, 0xFF, 0xFF,
		0x00, 0xFF, 0xFF, 0x00, 0xFF, 0xFF, 0x00, 0xFF, 0xFF, 0x00, 0xFF, 0xFF, 0x00, 0xFF, 0xFF, 0x00,
		0xFF, 0xFF, 0x00, 0xFF, 0xFF, 0x00, 0xFF, 0xFF, 0x00, 0xFF, 0xFF, 0x00, 0xFF, 0x85, 0xCB, 0xE5,
		0x41, 0xA6, 0xCB, 0x41, 0xA6, 0xCB, 0x41, 0xA6, 0xCB, 0x21, 0x2B, 0x2E, 0xFF, 0x00, 0xFF, 0xFF,
		0x00, 0xFF, 0xFF, 0x00, 0xFF, 0xFF, 0x00, 0xFF, 0xFF, 0x00, 0xFF, 0xFF, 0x00, 0xFF, 0xFF, 0x00,
		0xFF, 0xFF, 0x00, 0xFF, 0xFF, 0x00, 0xFF, 0xFF, 0x00, 0xFF, 0xFF, 0x00, 0xFF, 0xFF, 0x00, 0xFF,
		0xFF, 0x00, 0xFF, 0xFF, 0x00, 0xFF, 0xFF, 0x00, 0xFF, 0xFF, 0x00, 0xFF, 0xFF, 0x00, 0xFF, 0xFF,
		0x00, 0xFF, 0xFF, 0x00, 0xFF, 0xFF, 0x00, 0xFF, 0xFF, 0x00, 0xFF, 0xFF, 0x00, 0xFF, 0xFF, 0x00,
		0xFF, 0xFF, 0x00, 0xFF, 0xFF, 0x00, 0xFF, 0x4F, 0x96, 0x6E, 0x6B, 0xE6, 0x9F, 0x15, 0x22, 0x17,
		0xFF, 0x00, 0xFF, 0xFF, 0x00, 0xFF, 0xFF, 0x00, 0xFF, 0xFF, 0x00, 0xFF, 0x15, 0x22, 0x17, 0x6B,
		0xE6, 0x9F, 0x4F, 0x96, 0x6E, 0xFF, 0x00, 0xFF, 0xFF, 0x00, 0xFF, 0xFF, 0x00, 0xFF, 0xFF, 0x00,
		0xFF, 0xFF, 0x00, 0xFF, 0xFF, 0x00, 0xFF, 0xFF, 0x00, 0xFF, 0xFF, 0x00, 0xFF, 0xFF, 0x00, 0xFF,
		0xFF, 0x00, 0xFF, 0xFF, 0x00, 0xFF, 0xFF, 0x00, 0xFF, 0xFF, 0x00, 0xFF, 0xFF, 0x00, 0xFF, 0xFF,
		0x00, 0xFF, 0x4F, 0x96, 0x6E, 0x69, 0xE6, 0x80, 0xFF, 0x00, 0xFF, 0xFF, 0x00, 0xFF, 0xFF, 0x00,
		0xFF, 0xFF, 0x00, 0xFF, 0xFF, 0x00, 0xFF, 0xFF, 0x00, 0xFF, 0x09, 0x24, 0x09, 0x09, 0x24, 0x09,
		0x09, 0x24, 0x09, 0x09, 0x24, 0x09, 0x09, 0x24, 0x09, 0x09, 0x24, 0x09, 0x09, 0x24, 0x09, 0xFF,
		0x00, 0xFF, 0xFF, 0x00, 0xFF, 0xFF, 0x00, 0xFF, 0xFF, 0x00, 0xFF, 0xFF, 0x00, 0xFF, 0xFF, 0x00,
		0xFF, 0x69, 0xE6, 0x80, 0x4F, 0x96, 0x6E, 0xFF, 0x00, 0xFF, 0xFF, 0x00, 0xFF, 0xFF, 0x00, 0xFF,
		0xFF, 0x00, 0xFF, 0xFF, 0x00, 0xFF, 0xFF, 0x00, 0xFF, 0xFF, 0x00, 0xFF, 0xFF, 0x00, 0xFF, 0xFF,
		0x00, 0xFF, 0xFF, 0x00, 0xFF, 0xFF, 0x00, 0xFF, 0xFF, 0x00, 0xFF, 0xFF, 0x00, 0xFF, 0x4F, 0x96,
		0x6E, 0x6B, 0xE6, 0x9F, 0x15, 0x22, 0x17, 0xFF, 0x00, 0xFF, 0xFF, 0x00, 0xFF, 0xFF, 0x00, 0xFF,
		0xFF, 0x00, 0xFF, 0xFF, 0x00, 0xFF, 0xFF, 0x00, 0xFF, 0xFF, 0x00, 0xFF, 0xFF, 0x00, 0xFF, 0xFF,
		0x00, 0xFF, 0xFF, 0x00, 0xFF, 0x15, 0x22, 0x17, 0x6B, 0xE6, 0x9F, 0x4F, 0x96, 0x6E, 0xFF, 0x00,
		0xFF, 0xFF, 0x00, 0xFF, 0xFF, 0x00, 0xFF, 0xFF, 0x00, 0xFF, 0xFF, 0x00, 0xFF, 0xFF, 0x00, 0xFF,
		0xFF, 0x00, 0xFF, 0xFF, 0x00, 0xFF, 0xFF, 0x00, 0xFF, 0xFF, 0x00, 0xFF, 0xFF, 0x00, 0xFF, 0xFF,
		0x00, 0xFF, 0xFF, 0x00, 0xFF, 0xFF, 0x00, 0xFF, 0xFF, 0x00, 0xFF, 0xFF, 0x00, 0xFF, 0x76, 0x6E,
		0x59, 0x2F, 0x52, 0x3B, 0x4D, 0xB0, 0x77, 0x61, 0xE8, 0x9A, 0x61, 0xEA, 0x9B, 0x61, 0xEA, 0x9B,
		0x61, 0xEA, 0x9B, 0x61, 0xEA, 0x9B, 0x61, 0xEA, 0x9B, 0x61, 0xEA, 0x9B, 0x61, 0xEA, 0x9B, 0x61,
		0xEA, 0x9B, 0x61, 0xE8, 0x9A, 0x4D, 0xB0, 0x77, 0x2F, 0x52, 0x3B, 0x76, 0x6E, 0x59, 0xFF, 0x00,
		0xFF, 0xFF, 0x00, 0xFF, 0xFF, 0x00, 0xFF, 0xFF, 0x00, 0xFF, 0xFF, 0x00, 0xFF, 0xFF, 0x00, 0xFF,
		0xFF, 0x00, 0xFF, 0xFF, 0x00, 0xFF, 0xFF, 0x00, 0xFF, 0xFF, 0x00, 0xFF, 0xFF, 0x00, 0xFF, 0xFF,
		0x00, 0xFF, 0xFF, 0x00, 0xFF, 0xFF, 0x00, 0xFF, 0x1F, 0x2E, 0x24, 0x61, 0xEA, 0x9B, 0x61, 0xEA,
		0x9B, 0x61, 0xEA, 0x9B, 0x61, 0xEA, 0x9B, 0x61, 0xEA, 0x9B, 0x61, 0xEA, 0x9B, 0x61, 0xEA, 0x9B,
		0x61, 0xEA, 0x9B, 0x61, 0xEA, 0x9B, 0x61, 0xEA, 0x9B, 0x61, 0xEA, 0x9B, 0x61, 0xEA, 0x9B, 0x61,
		0xEA, 0x9B, 0x61, 0xEA, 0x9B, 0x61, 0xEA, 0x9B, 0x61, 0xEA, 0x9B, 0x61, 0xEA, 0x9B, 0x61, 0xEA,
		0x9B, 0x1F, 0x2E, 0x24, 0xFF, 0x00, 0xFF, 0xFF, 0x00, 0xFF, 0xFF, 0x00, 0xFF, 0xFF, 0x00, 0xFF,
		0xFF, 0x00, 0xFF, 0xFF, 0x00, 0xFF, 0xFF, 0x00, 0xFF, 0xFF, 0x00, 0xFF, 0xFF, 0x00, 0xFF, 0xFF,
		0x00, 0xFF, 0xFF, 0x00, 0xFF, 0xFF, 0x00, 0xFF, 0xFF, 0x00, 0xFF, 0xFF, 0x00, 0xFF, 0xFF, 0x00,
		0xFF, 0xFF, 0x00, 0xFF, 0xFF, 0x00, 0xFF, 0xFF, 0x00, 0xFF, 0xFF, 0x00, 0xFF, 0xFF, 0x00, 0xFF,
		0xFF, 0x00, 0xFF, 0xFF, 0x00, 0xFF, 0xFF, 0x00, 0xFF, 0xFF, 0x00, 0xFF, 0xFF, 0x00, 0xFF, 0xFF,
		0x00, 0xFF, 0xFF, 0x00, 0xFF, 0xFF, 0x00, 0xFF, 0xFF, 0x00, 0xFF, 0xFF, 0x00, 0xFF, 0x5A, 0x92,
		0x72, 0x7D, 0xDF, 0xA7, 0x1F, 0x2E, 0x24, 0xFF, 0x00, 0xFF, 0xFF, 0x00, 0xFF, 0xFF, 0x00, 0xFF,
		0xFF, 0x00, 0xFF, 0xFF, 0x00, 0xFF, 0xFF, 0x00, 0xFF, 0xFF, 0x00, 0xFF, 0xFF, 0x00, 0xFF, 0xFF,
		0x00, 0xFF, 0xFF, 0x00, 0xFF, 0xFF, 0x00, 0xFF, 0xFF, 0x00, 0xFF, 0xFF, 0x00, 0xFF, 0xFF, 0x00,
		0xFF, 0xFF, 0x00, 0xFF, 0xFF, 0x00, 0xFF, 0xFF, 0x00, 0xFF, 0xFF, 0x00, 0xFF, 0xFF, 0x00, 0xFF,
		0xFF, 0x00, 0xFF, 0xFF, 0x00, 0xFF, 0xFF, 0x00, 0xFF, 0xFF, 0x00, 0xFF, 0xFF, 0x00, 0xFF, 0xFF,
		0x00, 0xFF, 0xFF, 0x00, 0xFF, 0xFF, 0x00, 0xFF, 0xFF, 0x00, 0xFF, 0xFF, 0x00, 0xFF, 0x5A, 0x92,
		0x72, 0x7D, 0xDF, 0xA7, 0x1F, 0x2E, 0x24, 0xFF, 0x00, 0xFF, 0xFF, 0x00, 0xFF, 0xFF, 0x00, 0xFF,
		0xFF, 0x00, 0xFF, 0xFF, 0x00, 0xFF, 0xFF, 0x00, 0xFF, 0xFF, 0x00, 0xFF, 0xFF, 0x00, 0xFF, 0xFF,
		0x00, 0xFF, 0xFF, 0x00, 0xFF, 0xFF, 0x00, 0xFF, 0xFF, 0x00, 0xFF, 0xFF, 0x00, 0xFF, 0xFF, 0x00,
		0xFF, 0xFF, 0x00, 0xFF, 0xFF, 0x00, 0xFF, 0xFF, 0x00, 0xFF, 0xFF, 0x00, 0xFF, 0xFF, 0x00, 0xFF,
		0xFF, 0x00, 0xFF, 0xFF, 0x00, 0xFF, 0xFF, 0x00, 0xFF, 0xFF, 0x00, 0xFF, 0xFF, 0x00, 0xFF, 0xFF,
		0x00, 0xFF, 0xFF, 0x00, 0xFF, 0xFF, 0x00, 0xFF, 0x5A, 0x92, 0x72, 0x7D, 0xDF, 0xA7, 0x1F, 0x2E,
		0x24, 0xFF, 0x00, 0xFF, 0xFF, 0x00, 0xFF, 0xFF, 0x00, 0xFF, 0xFF, 0x00, 0xFF, 0xFF, 0x00, 0xFF,
		0xFF, 0x00, 0xFF, 0xFF, 0x00, 0xFF, 0xFF, 0x00, 0xFF, 0xFF, 0x00, 0xFF, 0xFF, 0x00, 0xFF, 0xFF,
		0x00, 0xFF, 0xFF, 0x00, 0xFF, 0xFF, 0x00, 0xFF, 0xFF, 0x00, 0xFF, 0xFF, 0x00, 0xFF, 0xFF, 0x00,
		0xFF, 0xFF, 0x00, 0xFF, 0xFF, 0x00, 0xFF, 0xFF, 0x00, 0xFF, 0xFF, 0x00, 0xFF, 0xFF, 0x00, 0xFF,
		0xFF, 0x00, 0xFF, 0xFF, 0x00, 0xFF, 0xFF, 0x00, 0xFF, 0xFF, 0x00, 0xFF, 0xFF, 0x00, 0xFF, 0xFF,
		0x00, 0xFF, 0x5A, 0x92, 0x72, 0x7D, 0xDF, 0xA7, 0x1F, 0x2E, 0x24, 0xFF, 0x00, 0xFF, 0xFF, 0x00,
		0xFF, 0xFF, 0x00, 0xFF, 0xFF, 0x00, 0xFF, 0xFF, 0x00, 0xFF, 0xFF, 0x00, 0xFF, 0xFF, 0x00, 0xFF,
		0xFF, 0x00, 0xFF, 0xFF, 0x00, 0xFF, 0xFF, 0x00, 0xFF, 0xFF, 0x00, 0xFF, 0xFF, 0x00, 0xFF, 0xFF,
		0x00, 0xFF, 0xFF, 0x00, 0xFF, 0xFF, 0x00, 0xFF, 0xFF, 0x00, 0xFF, 0xFF, 0x00, 0xFF, 0xFF, 0x00,
		0xFF, 0xFF, 0x00, 0xFF, 0xFF, 0x00, 0xFF, 0xFF, 0x00, 0xFF, 0xFF, 0x00, 0xFF, 0xFF, 0x00, 0xFF,
		0xFF, 0x00, 0xFF, 0xFF, 0x00, 0xFF, 0xFF, 0x00, 0xFF, 0xFF, 0x00, 0xFF, 0x5A, 0x92, 0x72, 0x7D,
		0xDF, 0xA7, 0x1F, 0x2E, 0x24, 0xFF, 0x00, 0xFF, 0xFF, 0x00, 0xFF, 0xFF, 0x00, 0xFF, 0xFF, 0x00,
		0xFF, 0xFF, 0x00, 0xFF, 0xFF, 0x00, 0xFF, 0xFF, 0x00, 0xFF, 0xFF, 0x00, 0xFF, 0xFF, 0x00, 0xFF,
		0xFF, 0x00, 0xFF, 0xFF, 0x00, 0xFF, 0xFF, 0x00, 0xFF, 0xFF, 0x00, 0xFF, 0xFF, 0x00, 0xFF, 0xFF,
		0x00, 0xFF, 0xFF, 0x00, 0xFF, 0xFF, 0x00, 0xFF, 0xFF, 0x00, 0xFF, 0xFF, 0x00, 0xFF, 0xFF, 0x00,
		0xFF, 0xFF, 0x00, 0xFF, 0xFF, 0x00, 0xFF, 0xFF, 0x00, 0xFF, 0xFF, 0x00, 0xFF, 0xFF, 0x00, 0xFF,
		0xFF, 0x00, 0xFF, 0xFF, 0x00, 0xFF, 0xFF, 0x00, 0xFF, 0xFF, 0x00, 0xFF, 0xFF, 0x00, 0xFF, 0xFF,
		0x00, 0xFF, 0xFF, 0x00, 0xFF, 0xFF, 0x00, 0xFF, 0xFF, 0x00, 0xFF, 0xFF, 0x00, 0xFF, 0x5A, 0x92,
		0x72, 0x7D, 0xDF, 0xA7, 0x1F, 0x2E, 0x24, 0xFF, 0x00, 0xFF, 0xFF, 0x00, 0xFF, 0xFF, 0x00, 0xFF,
		0xFF, 0x00, 0xFF, 0xFF, 0x00, 0xFF, 0xFF, 0x00, 0xFF, 0xFF, 0x00, 0xFF, 0xFF, 0x00, 0xFF, 0xFF,
		0x00, 0xFF, 0xFF, 0x00, 0xFF, 0xFF, 0x00, 0xFF, 0xFF, 0x00, 0xFF, 0xFF, 0x00, 0xFF, 0xFF, 0x00,
		0xFF, 0xFF, 0x00, 0xFF, 0xFF, 0x00, 0xFF, 0xFF, 0x00, 0xFF, 0xFF, 0x00, 0xFF, 0xFF, 0x00, 0xFF,
		0xFF, 0x00, 0xFF, 0xFF, 0x00, 0xFF, 0xFF, 0x00, 0xFF, 0xFF, 0x00, 0xFF, 0xFF, 0x00, 0xFF, 0xFF,
		0x00, 0xFF, 0xFF, 0x00, 0xFF, 0xFF, 0x00, 0xFF, 0xFF, 0x00, 0xFF, 0xFF, 0x00, 0xFF, 0x5A, 0x92,
		0x72, 0x7D, 0xDF, 0xA7, 0x1F, 0x2E, 0x24, 0xFF, 0x00, 0xFF, 0xFF, 0x00, 0xFF, 0xFF, 0x00, 0xFF,
		0xFF, 0x00, 0xFF, 0xFF, 0x00, 0xFF, 0xFF, 0x00, 0xFF, 0xFF, 0x00, 0xFF, 0xFF, 0x00, 0xFF, 0xFF,
		0x00, 0xFF, 0xFF, 0x00, 0xFF, 0xFF, 0x00, 0xFF, 0xFF, 0x00, 0xFF, 0xFF, 0x00, 0xFF, 0xFF, 0x00,
		0xFF, 0xFF, 0x00, 0xFF, 0xFF, 0x00, 0xFF, 0xFF, 0x00, 0xFF, 0xFF, 0x00, 0xFF, 0xFF, 0x00, 0xFF,
		0xFF, 0x00, 0xFF, 0xFF, 0x00, 0xFF, 0xFF, 0x00, 0xFF, 0xFF, 0x00, 0xFF, 0xFF, 0x00, 0xFF, 0xFF,
		0x00, 0xFF, 0xFF, 0x00, 0xFF, 0xFF, 0x00, 0xFF, 0x5A, 0x92, 0x72, 0x7D, 0xDF, 0xA7, 0x1F, 0x2E,
		0x24, 0xFF, 0x00, 0xFF, 0xFF, 0x00, 0xFF, 0xFF, 0x00, 0xFF, 0xFF, 0x00, 0xFF, 0xFF, 0x00, 0xFF,
		0xFF, 0x00, 0xFF, 0xFF, 0x00, 0xFF, 0xFF, 0x00, 0xFF, 0xFF, 0x00, 0xFF, 0xFF, 0x00, 0xFF, 0xFF,
		0x00, 0xFF, 0xFF, 0x00, 0xFF, 0xFF, 0x00, 0xFF, 0xFF, 0x00, 0xFF, 0xFF, 0x00, 0xFF, 0xFF, 0x00,
		0xFF, 0xFF, 0x00, 0xFF, 0xFF, 0x00, 0xFF, 0xFF, 0x00, 0xFF, 0xFF, 0x00, 0xFF, 0xFF, 0x00, 0xFF,
		0xFF, 0x00, 0xFF, 0xFF, 0x00, 0xFF, 0xFF, 0x00, 0xFF, 0xFF, 0x00, 0xFF, 0xFF, 0x00, 0xFF, 0xFF,
		0x00, 0xFF, 0x5A, 0x92, 0x72, 0x7D, 0xDF, 0xA7, 0x1F, 0x2E, 0x24, 0xFF, 0x00, 0xFF, 0xFF, 0x00,
		0xFF, 0xFF, 0x00, 0xFF, 0xFF, 0x00, 0xFF, 0xFF, 0x00, 0xFF, 0xFF, 0x00, 0xFF, 0xFF, 0x00, 0xFF,
		0xFF, 0x00, 0xFF, 0xFF, 0x00, 0xFF, 0xFF, 0x00, 0xFF, 0xFF, 0x00, 0xFF, 0xFF, 0x00, 0xFF, 0xFF,
		0x00, 0xFF, 0xFF, 0x00, 0xFF, 0xFF, 0x00, 0xFF, 0xFF, 0x00, 0xFF, 0xFF, 0x00, 0xFF, 0xFF, 0x00,
		0xFF, 0xFF, 0x00, 0xFF, 0xFF, 0x00, 0xFF, 0xFF, 0x00, 0xFF, 0xFF, 0x00, 0xFF, 0xFF, 0x00, 0xFF,
		0xFF, 0x00, 0xFF, 0xFF, 0x00, 0xFF, 0xFF, 0x00, 0xFF, 0xFF, 0x00, 0xFF, 0x5A, 0x92, 0x72, 0x7D,
		0xDF, 0xA7, 0x1F, 0x2E, 0x24, 0xFF, 0x00, 0xFF, 0xFF, 0x00, 0xFF, 0xFF, 0x00, 0xFF, 0xFF, 0x00,
		0xFF, 0xFF, 0x00, 0xFF, 0xFF, 0x00, 0xFF, 0xFF, 0x00, 0xFF, 0xFF, 0x00, 0xFF, 0xFF, 0x00, 0xFF,
		0xFF, 0x00, 0xFF, 0xFF, 0x00, 0xFF, 0xFF, 0x00, 0xFF, 0xFF, 0x00, 0xFF, 0xFF, 0x00, 0xFF, 0xFF,
		0x00, 0xFF, 0xFF, 0x00, 0xFF, 0xFF, 0x00, 0xFF, 0xFF, 0x00, 0xFF, 0x15, 0x22, 0x17, 0x6B, 0xE6,
		0x9F, 0x4F, 0x96, 0x6E, 0xD8, 0xC2, 0xAA, 0xD8, 0xC2, 0xAA, 0xD8, 0xC2, 0xAA, 0xD8, 0xC3, 0xAA,
		0xD8, 0xC2, 0xAB, 0xD8, 0xC2, 0xAA, 0xD8, 0xC3, 0xAA, 0xD8, 0xC3, 0xAA, 0xD9, 0xC3, 0xAA, 0xD8,
		0xC2, 0xAA, 0xD8, 0xC2, 0xAA, 0x4F, 0x96, 0x6E, 0x6B, 0xE6, 0x9F, 0x15, 0x22, 0x17, 0x18, 0x20,
		0x19, 0xFF, 0x00, 0xFF, 0xFF, 0x00, 0xFF, 0xFF, 0x00, 0xFF, 0xFF, 0x00, 0xFF, 0xFF, 0x00, 0xFF,
		0xFF, 0x00, 0xFF, 0xFF, 0x00, 0xFF, 0xFF, 0x00, 0xFF, 0xFF, 0x00, 0xFF, 0xFF, 0x00, 0xFF, 0xFF,
		0x00, 0xFF, 0xFF, 0x00, 0xFF, 0xFF, 0x00, 0xFF, 0xFF, 0x00, 0xFF, 0xFF, 0x00, 0xFF, 0xFF, 0x00,
		0xFF, 0xFF, 0x00, 0xFF, 0xFF, 0x00, 0xFF, 0xFF, 0x00, 0xFF, 0xFF, 0x00, 0xFF, 0x85, 0xCB, 0xE5,
		0x41, 0xA6, 0xCB, 0x41, 0xA6, 0xCB, 0x41, 0xA6, 0xCB, 0x21, 0x2B, 0x2E, 0xFF, 0x00, 0xFF, 0xFF,
		0x00, 0xFF, 0xFF, 0x00, 0xFF, 0xFF, 0x00, 0xFF, 0xFF, 0x00, 0xFF, 0xFF, 0x00, 0xFF, 0xFF, 0x00,
		0xFF, 0xFF, 0x00, 0xFF, 0xFF, 0x00, 0xFF, 0xFF, 0x00, 0xFF, 0xFF, 0x00, 0xFF, 0xFF, 0x00, 0xFF,
		0xFF, 0x00, 0xFF, 0xFF, 0x00, 0xFF, 0xFF, 0x00, 0xFF, 0xFF, 0x00, 0xFF, 0xFF, 0x00, 0xFF, 0xFF,
		0x00, 0xFF, 0xFF, 0x00, 0xFF, 0xFF, 0x00, 0xFF, 0xFF, 0x00, 0xFF, 0xFF, 0x00, 0xFF, 0xFF, 0x00,
		0xFF, 0xFF, 0x00, 0xFF, 0x4F, 0x96, 0x6E, 0x6B, 0xE6, 0x9F, 0x15, 0x22, 0x17, 0xFF, 0x00, 0xFF,
		0xFF, 0x00, 0xFF, 0xFF, 0x00, 0xFF, 0xFF, 0x00, 0xFF, 0xFF, 0x00, 0xFF, 0xFF, 0x00, 0xFF, 0x15,
		0x22, 0x17, 0x6B, 0xE6, 0x9F, 0x4F, 0x96, 0x6E, 0xFF, 0x00, 0xFF, 0xFF, 0x00, 0xFF, 0xFF, 0x00,
		0xFF, 0xFF, 0x00, 0xFF, 0xFF, 0x00, 0xFF, 0xFF, 0x00, 0xFF, 0xFF, 0x00, 0xFF, 0xFF, 0x00, 0xFF,
		0xFF, 0x00, 0xFF, 0xFF, 0x00, 0xFF, 0xFF, 0x00, 0xFF, 0xFF, 0x00, 0xFF, 0xFF, 0x00, 0xFF, 0xFF,
		0x00, 0xFF, 0x4F, 0x96, 0x6E, 0x69, 0xE6, 0x80, 0x09, 0x24, 0x09, 0xFF, 0x00, 0xFF, 0xFF, 0x00,
		0xFF, 0xFF, 0x00, 0xFF, 0xFF, 0x00, 0xFF, 0x09, 0x24, 0x09, 0x69, 0xE6, 0x80, 0x69, 0xE6, 0x80,
		0x69, 0xE6, 0x80, 0x69, 0xE6, 0x80, 0x69, 0xE6, 0x80, 0x69, 0xE6, 0x80, 0x69, 0xE6, 0x80, 0x09,
		0x24, 0x09, 0xFF, 0x00, 0xFF, 0xFF, 0x00, 0xFF, 0xFF, 0x00, 0xFF, 0xFF, 0x00, 0xFF, 0x09, 0x24,
		0x09, 0x69, 0xE6, 0x80, 0x4F, 0x96, 0x6E, 0xFF, 0x00, 0xFF, 0xFF, 0x00, 0xFF, 0xFF, 0x00, 0xFF,
		0xFF, 0x00, 0xFF, 0xFF, 0x00, 0xFF, 0xFF, 0x00, 0xFF, 0xFF, 0x00, 0xFF, 0xFF, 0x00, 0xFF, 0xFF,
		0x00, 0xFF, 0xFF, 0x00, 0xFF, 0xFF, 0x00, 0xFF, 0xFF, 0x00, 0xFF, 0xFF, 0x00, 0xFF, 0x4F, 0x96,
		0x6E, 0x6B, 0xE6, 0x9F, 0x15, 0x22, 0x17, 0xFF, 0x00, 0xFF, 0xFF, 0x00, 0xFF, 0xFF, 0x00, 0xFF,
		0xFF, 0x00, 0xFF, 0xFF, 0x00, 0xFF, 0xFF, 0x00, 0xFF, 0xFF, 0x00, 0xFF, 0xFF, 0x00, 0xFF, 0xFF,
		0x00, 0xFF, 0xFF, 0x00, 0xFF, 0x15, 0x22, 0x17, 0x6B, 0xE6, 0x9F, 0x4F, 0x96, 0x6E, 0xFF, 0x00,
		0xFF, 0xFF, 0x00, 0xFF, 0xFF, 0x00, 0xFF, 0xFF, 0x00, 0xFF, 0xFF, 0x00, 0xFF, 0xFF, 0x00, 0xFF,
		0xFF, 0x00, 0xFF, 0xFF, 0x00, 0xFF, 0xFF, 0x00, 0xFF, 0xFF, 0x00, 0xFF, 0xFF, 0x00, 0xFF, 0xFF,
		0x00, 0xFF, 0xFF, 0x00, 0xFF, 0xFF, 0x00, 0xFF, 0xFF, 0x00, 0xFF, 0x8D, 0x7E, 0x65, 0x2F, 0x51,
		0x3B, 0x58, 0xD1, 0x8C, 0x61, 0xEA, 0x9B, 0x61, 0xEA, 0x9B, 0x61, 0xEA, 0x9B, 0x61, 0xEA, 0x9B,
		0x61, 0xEA, 0x9B, 0x61, 0xEA, 0x9B, 0x61, 0xEA, 0x9B, 0x61, 0xEA, 0x9B, 0x61, 0xEA, 0x9B, 0x61,
		0xEA, 0x9B, 0x61, 0xEA, 0x9B, 0x61, 0xEA, 0x9B, 0x58, 0xD1, 0x8C, 0x2F, 0x51, 0x3B, 0x8D, 0x7E,
		0x65, 0xFF, 0x00, 0xFF, 0xFF, 0x00, 0xFF, 0xFF, 0x00, 0xFF, 0xFF, 0x00, 0xFF, 0xFF, 0x00, 0xFF,
		0xFF, 0x00, 0xFF, 0xFF, 0x00, 0xFF, 0xFF, 0x00, 0xFF, 0xFF, 0x00, 0xFF, 0xFF, 0x00, 0xFF, 0xFF,
		0x00, 0xFF, 0xFF, 0x00, 0xFF, 0xFF, 0x00, 0xFF, 0x1F, 0x2E, 0x24, 0x61, 0xEA, 0x9B, 0x61, 0xEA,
		0x9B, 0x61, 0xEA, 0x9B, 0x61, 0xEA, 0x9B, 0x61, 0xEA, 0x9B, 0x61, 0xEA, 0x9B, 0x61, 0xEA, 0x9B,
		0x61, 0xEA, 0x9B, 0x61, 0xEA, 0x9B, 0x61, 0xEA, 0x9B, 0x61, 0xEA, 0x9B, 0x61, 0xEA, 0x9B, 0x61,
		0xEA, 0x9B, 0x61, 0xEA, 0x9B, 0x61, 0xEA, 0x9B, 0x61, 0xEA, 0x9B, 0x61, 0xEA, 0x9B, 0x61, 0xEA,
		0x9B, 0x1F, 0x2E, 0x24, 0xFF, 0x00, 0xFF, 0xFF, 0x00, 0xFF, 0xFF, 0x00, 0xFF, 0xFF, 0x00, 0xFF,
		0xFF, 0x00, 0xFF, 0xFF, 0x00, 0xFF, 0xFF, 0x00, 0xFF, 0xFF, 0x00, 0xFF, 0xFF, 0x00, 0xFF, 0xFF,
		0x00, 0xFF, 0xFF, 0x00, 0xFF, 0xFF, 0x00, 0xFF, 0xFF, 0x00, 0xFF, 0xFF, 0x00, 0xFF, 0xFF, 0x00,
		0xFF, 0xFF, 0x00, 0xFF, 0xFF, 0x00, 0xFF, 0xFF, 0x00, 0xFF, 0xFF, 0x00, 0xFF, 0xFF, 0x00, 0xFF,
		0xFF, 0x00, 0xFF, 0xFF, 0x00, 0xFF, 0xFF, 0x00, 0xFF, 0xFF, 0x00, 0xFF, 0xFF, 0x00, 0xFF, 0xFF,
		0x00, 0xFF, 0xFF, 0x00, 0xFF, 0xFF, 0x00, 0xFF, 0xFF, 0x00, 0xFF, 0xFF, 0x00, 0xFF, 0x5A, 0x92,
		0x72, 0x7D, 0xDF, 0xA7, 0x1F, 0x2E, 0x24, 0xFF, 0x00, 0xFF, 0xFF, 0x00, 0xFF, 0xFF, 0x00, 0xFF,
		0xFF, 0x00, 0xFF, 0xFF, 0x00, 0xFF, 0xFF, 0x00, 0xFF, 0xFF, 0x00, 0xFF, 0xFF, 0x00, 0xFF, 0xFF,
		0x00, 0xFF, 0xFF, 0x00, 0xFF, 0xFF, 0x00, 0xFF, 0xFF, 0x00, 0xFF, 0xFF, 0x00, 0xFF, 0xFF, 0x00,
		0xFF, 0xFF, 0x00, 0xFF, 0xFF, 0x00, 0xFF, 0xFF, 0x00, 0xFF, 0xFF, 0x00, 0xFF, 0xFF, 0x00, 0xFF,
		0xFF, 0x00, 0xFF, 0xFF, 0x00, 0xFF, 0xFF, 0x00, 0xFF, 0xFF, 0x00, 0xFF, 0xFF, 0x00, 0xFF, 0xFF,
		0x00, 0xFF, 0xFF, 0x00, 0xFF, 0xFF, 0x00, 0xFF, 0xFF, 0x00, 0xFF, 0xFF, 0x00, 0xFF, 0x5A, 0x92,
		0x72, 0x7D, 0xDF, 0xA7, 0x1F, 0x2E, 0x24, 0xFF, 0x00, 0xFF, 0xFF, 0x00, 0xFF, 0xFF, 0x00, 0xFF,
		0xFF, 0x00, 0xFF, 0xFF, 0x00, 0xFF, 0xFF, 0x00, 0xFF, 0xFF, 0x00, 0xFF, 0xFF, 0x00, 0xFF, 0xFF,
		0x00, 0xFF, 0xFF, 0x00, 0xFF, 0xFF, 0x00, 0xFF, 0xFF, 0x00, 0xFF, 0xFF, 0x00, 0xFF, 0xFF, 0x00,
		0xFF, 0xFF, 0x00, 0xFF, 0xFF, 0x00, 0xFF, 0xFF, 0x00, 0xFF, 0xFF, 0x00, 0xFF, 0xFF, 0x00, 0xFF,
		0xFF, 0x00, 0xFF, 0xFF, 0x00, 0xFF, 0xFF, 0x00, 0xFF, 0xFF, 0x00, 0xFF, 0xFF, 0x00, 0xFF, 0xFF,
		0x00, 0xFF, 0xFF, 0x00, 0xFF, 0xFF, 0x00, 0xFF, 0x5A, 0x92, 0x72, 0x7D, 0xDF, 0xA7, 0x1F, 0x2E,
		0x24, 0xFF, 0x00, 0xFF, 0xFF, 0x00, 0xFF, 0xFF, 0x00, 0xFF, 0xFF, 0x00, 0xFF, 0xFF, 0x00, 0xFF,
		0xFF, 0x00, 0xFF, 0xFF, 0x00, 0xFF, 0xFF, 0x00, 0xFF, 0xFF, 0x00, 0xFF, 0xFF, 0x00, 0xFF, 0xFF,
		0x00, 0xFF, 0xFF, 0x00, 0xFF, 0xFF, 0x00, 0xFF, 0xFF, 0x00, 0xFF, 0xFF, 0x00, 0xFF, 0xFF, 0x00,
		0xFF, 0xFF, 0x00, 0xFF, 0xFF, 0x00, 0xFF, 0xFF, 0x00, 0xFF, 0xFF, 0x00, 0xFF, 0xFF, 0x00, 0xFF,
		0xFF, 0x00, 0xFF, 0xFF, 0x00, 0xFF, 0xFF, 0x00, 0xFF, 0xFF, 0x00, 0xFF, 0xFF, 0x00, 0xFF, 0xFF,
		0x00, 0xFF, 0x5A, 0x92, 0x72, 0x7D, 0xDF, 0xA7, 0x1F, 0x2E, 0x24, 0xFF, 0x00, 0xFF, 0xFF, 0x00,
		0xFF, 0xFF, 0x00, 0xFF, 0xFF, 0x00, 0xFF, 0xFF, 0x00, 0xFF, 0xFF, 0x00, 0xFF, 0xFF, 0x00, 0xFF,
		0xFF, 0x00, 0xFF, 0xFF, 0x00, 0xFF, 0xFF, 0x00, 0xFF, 0xFF, 0x00, 0xFF, 0xFF, 0x00, 0xFF, 0xFF,
		0x00, 0xFF, 0xFF, 0x00, 0xFF, 0xFF, 0x00, 0xFF, 0xFF, 0x00, 0xFF, 0xFF, 0x00, 0xFF, 0xFF, 0x00,
		0xFF, 0xFF, 0x00, 0xFF, 0xFF, 0x00, 0xFF, 0xFF, 0x00, 0xFF, 0xFF, 0x00, 0xFF, 0xFF, 0x00, 0xFF,
		0xFF, 0x00, 0xFF, 0xFF, 0x00, 0xFF, 0xFF, 0x00, 0xFF, 0xFF, 0x00, 0xFF, 0x5A, 0x92, 0x72, 0x7D,
		0xDF, 0xA7, 0x1F, 0x2E, 0x24, 0xFF, 0x00, 0xFF, 0xFF, 0x00, 0xFF, 0xFF, 0x00, 0xFF, 0xFF, 0x00,
		0xFF, 0xFF, 0x00, 0xFF, 0xFF, 0x00, 0xFF, 0xFF, 0x00, 0xFF, 0xFF, 0x00, 0xFF, 0xFF, 0x00, 0xFF,
		0xFF, 0x00, 0xFF, 0xFF, 0x00, 0xFF, 0xFF, 0x00, 0xFF, 0xFF, 0x00, 0xFF, 0xFF, 0x00, 0xFF, 0xFF,
		0x00, 0xFF, 0xFF, 0x00, 0xFF, 0xFF, 0x00, 0xFF, 0xFF, 0x00, 0xFF, 0xFF, 0x00, 0xFF, 0xFF, 0x00,
		0xFF, 0xFF, 0x00, 0xFF, 0xFF, 0x00, 0xFF, 0xFF, 0x00, 0xFF, 0xFF, 0x00, 0xFF, 0xFF, 0x00, 0xFF,
		0xFF, 0x00, 0xFF, 0xFF, 0x00, 0xFF, 0xFF, 0x00, 0xFF, 0xFF, 0x00, 0xFF, 0xFF, 0x00, 0xFF, 0xFF,
		0x00, 0xFF, 0xFF, 0x00, 0xFF, 0xFF, 0x00, 0xFF, 0xFF, 0x00, 0xFF, 0xFF, 0x00, 0xFF, 0x5A, 0x92,
		0x72, 0x7D, 0xDF, 0xA7, 0x1F, 0x2E, 0x24, 0xFF, 0x00, 0xFF, 0xFF, 0x00, 0xFF, 0xFF, 0x00, 0xFF,
		0xFF, 0x00, 0xFF, 0xFF, 0x00, 0xFF, 0xFF, 0x00, 0xFF, 0xFF, 0x00, 0xFF, 0xFF, 0x00, 0xFF, 0xFF,
		0x00, 0xFF, 0xFF, 0x00, 0xFF, 0xFF, 0x00, 0xFF, 0xFF, 0x00, 0xFF, 0xFF, 0x00, 0xFF, 0xFF, 0x00,
		0xFF, 0xFF, 0x00, 0xFF, 0xFF, 0x00, 0xFF, 0xFF, 0x00, 0xFF, 0xFF, 0x00, 0xFF, 0xFF, 0x00, 0xFF,
		0xFF, 0x00, 0xFF, 0xFF, 0x00, 0xFF, 0xFF, 0x00, 0xFF, 0xFF, 0x00, 0xFF, 0xFF, 0x00, 0xFF, 0xFF,
		0x00, 0xFF, 0xFF, 0x00, 0xFF, 0xFF, 0x00, 0xFF, 0xFF, 0x00, 0xFF, 0xFF, 0x00, 0xFF, 0x5A, 0x92,
		0x72, 0x7D, 0xDF, 0xA7, 0x1F, 0x2E, 0x24, 0xFF, 0x00, 0xFF, 0xFF, 0x00, 0xFF, 0xFF, 0x00, 0xFF,
		0xFF, 0x00, 0xFF, 0xFF, 0x00, 0xFF, 0xFF, 0x00, 0xFF, 0xFF, 0x00, 0xFF, 0xFF, 0x00, 0xFF, 0xFF,
		0x00, 0xFF, 0xFF, 0x00, 0xFF, 0xFF, 0x00, 0xFF, 0xFF, 0x00, 0xFF, 0xFF, 0x00, 0xFF, 0xFF, 0x00,
		0xFF, 0xFF, 0x00, 0xFF, 0xFF, 0x00, 0xFF, 0xFF, 0x00, 0xFF, 0xFF, 0x00, 0xFF, 0xFF, 0x00, 0xFF,
		0xFF, 0x00, 0xFF, 0xFF, 0x00, 0xFF, 0xFF, 0x00, 0xFF, 0xFF, 0x00, 0xFF, 0xFF, 0x00, 0xFF, 0xFF,
		0x00, 0xFF, 0xFF, 0x00, 0xFF, 0xFF, 0x00, 0xFF, 0x5A, 0x92, 0x72, 0x7D, 0xDF, 0xA7, 0x1F, 0x2E,
		0x24, 0xFF, 0x00, 0xFF, 0xFF, 0x00, 0xFF, 0xFF, 0x00, 0xFF, 0xFF, 0x00, 0xFF, 0xFF, 0x00, 0xFF,
		0xFF, 0x00, 0xFF, 0xFF, 0x00, 0xFF, 0xFF, 0x00, 0xFF, 0xFF, 0x00, 0xFF, 0xFF, 0x00, 0xFF, 0xFF,
		0x00, 0xFF, 0xFF, 0x00, 0xFF, 0xFF, 0x00, 0xFF, 0xFF, 0x00, 0xFF, 0xFF, 0x00, 0xFF, 0xFF, 0x00,
		0xFF, 0xFF, 0x00, 0xFF, 0xFF, 0x00, 0xFF, 0xFF, 0x00, 0xFF, 0xFF, 0x00, 0xFF, 0xFF, 0x00, 0xFF,
		0xFF, 0x00, 0xFF, 0xFF, 0x00, 0xFF, 0xFF, 0x00, 0xFF, 0xFF, 0x00, 0xFF, 0xFF, 0x00, 0xFF, 0xFF,
		0x00, 0xFF, 0x5A, 0x92, 0x72, 0x7D, 0xDF, 0xA7, 0x1F, 0x2E, 0x24, 0xFF, 0x00, 0xFF, 0xFF, 0x00,
		0xFF, 0xFF, 0x00, 0xFF, 0xFF, 0x00, 0xFF, 0xFF, 0x00, 0xFF, 0xFF, 0x00, 0xFF, 0xFF, 0x00, 0xFF,
		0xFF, 0x00, 0xFF, 0xFF, 0x00, 0xFF, 0xFF, 0x00, 0xFF, 0xFF, 0x00, 0xFF, 0xFF, 0x00, 0xFF, 0xFF,
		0x00, 0xFF, 0xFF, 0x00, 0xFF, 0xFF, 0x00, 0xFF, 0xFF, 0x00, 0xFF, 0xFF, 0x00, 0xFF, 0xFF, 0x00,
		0xFF, 0xFF, 0x00, 0xFF, 0xFF, 0x00, 0xFF, 0xFF, 0x00, 0xFF, 0xFF, 0x00, 0xFF, 0xFF, 0x00, 0xFF,
		0xFF, 0x00, 0xFF, 0xFF, 0x00, 0xFF, 0xFF, 0x00, 0xFF, 0xFF, 0x00, 0xFF, 0x5A, 0x92, 0x72, 0x7D,
		0xDF, 0xA7, 0x1F, 0x2E, 0x24, 0xFF, 0x00, 0xFF, 0xFF, 0x00, 0xFF, 0xFF, 0x00, 0xFF, 0xFF, 0x00,
		0xFF, 0xFF, 0x00, 0xFF, 0xFF, 0x00, 0xFF, 0xFF, 0x00, 0xFF, 0xFF, 0x00, 0xFF, 0xFF, 0x00, 0xFF,
		0xFF, 0x00, 0xFF, 0xFF, 0x00, 0xFF, 0xFF, 0x00, 0xFF, 0xFF, 0x00, 0xFF, 0xFF, 0x00, 0xFF, 0xFF,
		0x00, 0xFF, 0xFF, 0x00, 0xFF, 0xFF, 0x00, 0xFF, 0x00, 0x00, 0x00, 0x6B, 0xE6, 0x9F, 0x4F, 0x96,
		0x6E, 0xD4, 0xBD, 0xA4, 0xD4, 0xBD, 0xA4, 0xD5, 0xBE, 0xA5, 0xD5, 0xBD, 0xA4, 0xD4, 0xBD, 0xA4,
		0xD5, 0xBD, 0xA4, 0xD5, 0xBD, 0xA4, 0xD4, 0xBE, 0xA5, 0xD4, 0xBE, 0xA4, 0xD5, 0xBE, 0xA5, 0xD4,
		0xBD, 0xA4, 0xD5, 0xBD, 0xA4, 0xD4, 0xBD, 0xA4, 0x4F, 0x96, 0x6E, 0x6B, 0xE6, 0x9F, 0x6B, 0xE6,
		0x9F, 0x15, 0x22, 0x17, 0xFF, 0x00, 0xFF, 0xFF, 0x00, 0xFF, 0xFF, 0x00, 0xFF, 0xFF, 0x00, 0xFF,
		0xFF, 0x00, 0xFF, 0xFF, 0x00, 0xFF, 0xFF, 0x00, 0xFF, 0xFF, 0x00, 0xFF, 0xFF, 0x00, 0xFF, 0xFF,
		0x00, 0xFF, 0xFF, 0x00, 0xFF, 0xFF, 0x00, 0xFF, 0xFF, 0x00, 0xFF, 0xFF, 0x00, 0xFF, 0xFF, 0x00,
		0xFF, 0xFF, 0x00, 0xFF, 0xFF, 0x00, 0xFF, 0xFF, 0x00, 0xFF, 0xFF, 0x00, 0xFF, 0x85, 0xCB, 0xE5,
		0x41, 0xA6, 0xCB, 0x41, 0xA6, 0xCB, 0x41, 0xA6, 0xCB, 0x21, 0x2B, 0x2E, 0xFF, 0x00, 0xFF, 0xFF,
		0x00, 0xFF, 0xFF, 0x00, 0xFF, 0xFF, 0x00, 0xFF, 0xFF, 0x00, 0xFF, 0xFF, 0x00, 0xFF, 0xFF, 0x00,
		0xFF, 0xFF, 0x00, 0xFF, 0xFF, 0x00, 0xFF, 0xFF, 0x00, 0xFF, 0xFF, 0x00, 0xFF, 0xFF, 0x00, 0xFF,
		0xFF, 0x00, 0xFF, 0xFF, 0x00, 0xFF, 0xFF, 0x00, 0xFF, 0xFF, 0x00, 0xFF, 0xFF, 0x00, 0xFF, 0xFF,
		0x00, 0xFF, 0xFF, 0x00, 0xFF, 0xFF, 0x00, 0xFF, 0xFF, 0x00, 0xFF, 0xFF, 0x00, 0xFF, 0xFF, 0x00,
		0xFF, 0xFF, 0x00, 0xFF, 0x4F, 0x96, 0x6E, 0x6B, 0xE6, 0x9F, 0x15, 0x22, 0x17, 0xFF, 0x00, 0xFF,
		0xFF, 0x00, 0xFF, 0xFF, 0x00, 0xFF, 0xFF, 0x00, 0xFF, 0xFF, 0x00, 0xFF, 0xFF, 0x00, 0xFF, 0x15,
		0x22, 0x17, 0x6B, 0xE6, 0x9F, 0x4F, 0x96, 0x6E, 0xFF, 0x00, 0xFF, 0xFF, 0x00, 0xFF, 0xFF, 0x00,
		0xFF, 0xFF, 0x00, 0xFF, 0xFF, 0x00, 0xFF, 0xFF, 0x00, 0xFF, 0xFF, 0x00, 0xFF, 0xFF, 0x00, 0xFF,
		0xFF, 0x00, 0xFF, 0xFF, 0x00, 0xFF, 0xFF, 0x00, 0xFF, 0xFF, 0x00, 0xFF, 0xFF, 0x00, 0xFF, 0xFF,
		0x00, 0xFF, 0xFF, 0x00, 0xFF, 0x4F, 0x96, 0x6E, 0x69, 0xE6, 0x80, 0x09, 0x24, 0x09, 0x09, 0x24,
		0x09, 0x09, 0x24, 0x09, 0x09, 0x24, 0x09, 0x69, 0xE6, 0x80, 0x69, 0xE6, 0x80, 0x69, 0xE6, 0x80,
		0x4F, 0x96, 0x6E, 0x4F, 0x96, 0x6E, 0x4F, 0x96, 0x6E, 0x69, 0xE6, 0x80, 0x69, 0xE6, 0x80, 0x69,
		0xE6, 0x80, 0x09, 0x24, 0x09, 0x09, 0x24, 0x09, 0x09, 0x24, 0x09, 0x09, 0x24, 0x09, 0x69, 0xE6,
		0x80, 0x4F, 0x96, 0x6E, 0xFF, 0x00, 0xFF, 0xFF, 0x00, 0xFF, 0xFF, 0x00, 0xFF, 0xFF, 0x00, 0xFF,
		0xFF, 0x00, 0xFF, 0xFF, 0x00, 0xFF, 0xFF, 0x00, 0xFF, 0xFF, 0x00, 0xFF, 0xFF, 0x00, 0xFF, 0xFF,
		0x00, 0xFF, 0xFF, 0x00, 0xFF, 0xFF, 0x00, 0xFF, 0xFF, 0x00, 0xFF, 0xFF, 0x00, 0xFF, 0xFF, 0x00,
		0xFF, 0x4F, 0x96, 0x6E, 0x6B, 0xE6, 0x9F, 0x15, 0x22, 0x17, 0x15, 0x22, 0x17, 0x15, 0x22, 0x17,
		0x15, 0x22, 0x17, 0x15, 0x22, 0x17, 0x15, 0x22, 0x17, 0x15, 0x22, 0x17, 0x15, 0x22, 0x17, 0x15,
		0x22, 0x17, 0x15, 0x22, 0x17, 0x6B, 0xE6, 0x9F, 0x4F, 0x96, 0x6E, 0xFF, 0x00, 0xFF, 0xFF, 0x00,
		0xFF, 0xFF, 0x00, 0xFF, 0xFF, 0x00, 0xFF, 0xFF, 0x00, 0xFF, 0xFF, 0x00, 0xFF, 0xFF, 0x00, 0xFF,
		0xFF, 0x00, 0xFF, 0xFF, 0x00, 0xFF, 0xFF, 0x00, 0xFF, 0xFF, 0x00, 0xFF, 0xFF, 0x00, 0xFF, 0xFF,
		0x00, 0xFF, 0xFF, 0x00, 0xFF, 0xFF, 0x00, 0xFF, 0xFF, 0x00, 0xFF, 0x30, 0x3A, 0x2E, 0x4D, 0xB0,
		0x77, 0x61, 0xEA, 0x9B, 0x61, 0xEA, 0x9B, 0x61, 0xEA, 0x9B, 0x61, 0xEA, 0x9B, 0x61, 0xEA, 0x9B,
		0x61, 0xEA, 0x9B, 0x61, 0xEA, 0x9B, 0x61, 0xEA, 0x9B, 0x61, 0xEA, 0x9B, 0x61, 0xEA, 0x9B, 0x61,
		0xEA, 0x9B, 0x61, 0xEA, 0x9B, 0x61, 0xEA, 0x9B, 0x61, 0xEA, 0x9B, 0x4D, 0xB0, 0x77, 0x30, 0x3A,
		0x2E, 0xFF, 0x00, 0xFF, 0xFF, 0x00, 0xFF, 0xFF, 0x00, 0xFF, 0xFF, 0x00, 0xFF, 0xFF, 0x00, 0xFF,
		0xFF, 0x00, 0xFF, 0xFF, 0x00, 0xFF, 0xFF, 0x00, 0xFF, 0xFF, 0x00, 0xFF, 0xFF, 0x00, 0xFF, 0xFF,
		0x00, 0xFF, 0xFF, 0x00, 0xFF, 0xFF, 0x00, 0xFF, 0x1F, 0x2E, 0x24, 0x61, 0xEA, 0x9B, 0x61, 0xEA,
		0x9B, 0x61, 0xEA, 0x9B, 0x61, 0xEA, 0x9B, 0x61, 0xEA, 0x9B, 0x61, 0xEA, 0x9B, 0x61, 0xEA, 0x9B,
		0x61, 0xEA, 0x9B, 0x61, 0xEA, 0x9B, 0x61, 0xEA, 0x9B, 0x61, 0xEA, 0x9B, 0x61, 0xEA, 0x9B, 0x61,
		0xEA, 0x9B, 0x61, 0xEA, 0x9B, 0x61, 0xEA, 0x9B, 0x61, 0xEA, 0x9B, 0x61, 0xEA, 0x9B, 0x61, 0xEA,
		0x9B, 0x1F, 0x2E, 0x24, 0xFF, 0x00, 0xFF, 0xFF, 0x00, 0xFF, 0xFF, 0x00, 0xFF, 0xFF, 0x00, 0xFF,
		0xFF, 0x00, 0xFF, 0xFF, 0x00, 0xFF, 0xFF, 0x00, 0xFF, 0xFF, 0x00, 0xFF, 0xFF, 0x00, 0xFF, 0xFF,
		0x00, 0xFF, 0xFF, 0x00, 0xFF, 0xFF, 0x00, 0xFF, 0xFF, 0x00, 0xFF, 0xFF, 0x00, 0xFF, 0xFF, 0x00,
		0xFF, 0xFF, 0x00, 0xFF, 0xFF, 0x00, 0xFF, 0xFF, 0x00, 0xFF, 0xFF, 0x00, 0xFF, 0xFF, 0x00, 0xFF,
		0xFF, 0x00, 0xFF, 0xFF, 0x00, 0xFF, 0xFF, 0x00, 0xFF, 0xFF, 0x00, 0xFF, 0xFF, 0x00, 0xFF, 0xFF,
		0x00, 0xFF, 0xFF, 0x00, 0xFF, 0xFF, 0x00, 0xFF, 0xFF, 0x00, 0xFF, 0xFF, 0x00, 0xFF, 0x5A, 0x92,
		0x72, 0x7D, 0xDF, 0xA7, 0x1F, 0x2E, 0x24, 0xFF, 0x00, 0xFF, 0xFF, 0x00, 0xFF, 0xFF, 0x00, 0xFF,
		0xFF, 0x00, 0xFF, 0xFF, 0x00, 0xFF, 0xFF, 0x00, 0xFF, 0xFF, 0x00, 0xFF, 0xFF, 0x00, 0xFF, 0xFF,
		0x00, 0xFF, 0xFF, 0x00, 0xFF, 0xFF, 0x00, 0xFF, 0xFF, 0x00, 0xFF, 0xFF, 0x00, 0xFF, 0xFF, 0x00,
		0xFF, 0xFF, 0x00, 0xFF, 0xFF, 0x00, 0xFF, 0xFF, 0x00, 0xFF, 0xFF, 0x00, 0xFF, 0xFF, 0x00, 0xFF,
		0xFF, 0x00, 0xFF, 0xFF, 0x00, 0xFF, 0xFF, 0x00, 0xFF, 0xFF, 0x00, 0xFF, 0xFF, 0x00, 0xFF, 0xFF,
		0x00, 0xFF, 0xFF, 0x00, 0xFF, 0xFF, 0x00, 0xFF, 0xFF, 0x00, 0xFF, 0xFF, 0x00, 0xFF, 0x5A, 0x92,
		0x72, 0x7D, 0xDF, 0xA7, 0x1F, 0x2E, 0x24, 0xFF, 0x00, 0xFF, 0xFF, 0x00, 0xFF, 0xFF, 0x00, 0xFF,
		0xFF, 0x00, 0xFF, 0xFF, 0x00, 0xFF, 0xFF, 0x00, 0xFF, 0xFF, 0x00, 0xFF, 0xFF, 0x00, 0xFF, 0xFF,
		0x00, 0xFF, 0xFF, 0x00, 0xFF, 0xFF, 0x00, 0xFF, 0xFF, 0x00, 0xFF, 0xFF, 0x00, 0xFF, 0xFF, 0x00,
		0xFF, 0xFF, 0x00, 0xFF, 0xFF, 0x00, 0xFF, 0xFF, 0x00, 0xFF, 0xFF, 0x00, 0xFF, 0xFF, 0x00, 0xFF,
		0xFF, 0x00, 0xFF, 0xFF, 0x00, 0xFF, 0xFF, 0x00, 0xFF, 0xFF, 0x00, 0xFF, 0xFF, 0x00, 0xFF, 0xFF,
		0x00, 0xFF, 0xFF, 0x00, 0xFF, 0xFF, 0x00, 0xFF, 0x5A, 0x92, 0x72, 0x7D, 0xDF, 0xA7, 0x1F, 0x2E,
		0x24, 0xFF, 0x00, 0xFF, 0xFF, 0x00, 0xFF, 0xFF, 0x00, 0xFF, 0xFF, 0x00, 0xFF, 0xFF, 0x00, 0xFF,
		0xFF, 0x00, 0xFF, 0xFF, 0x00, 0xFF, 0xFF, 0x00, 0xFF, 0xFF, 0x00, 0xFF, 0xFF, 0x00, 0xFF, 0xFF,
		0x00, 0xFF, 0xFF, 0x00, 0xFF, 0xFF, 0x00, 0xFF, 0xFF, 0x00, 0xFF, 0xFF, 0x00, 0xFF, 0xFF, 0x00,
		0xFF, 0xFF, 0x00, 0xFF, 0xFF, 0x00, 0xFF, 0xFF, 0x00, 0xFF, 0xFF, 0x00, 0xFF, 0xFF, 0x00, 0xFF,
		0xFF, 0x00, 0xFF, 0xFF, 0x00, 0xFF, 0xFF, 0x00, 0xFF, 0xFF, 0x00, 0xFF, 0xFF, 0x00, 0xFF, 0xFF,
		0x00, 0xFF, 0x5A, 0x92, 0x72, 0x7D, 0xDF, 0xA7, 0x1F, 0x2E, 0x24, 0xFF, 0x00, 0xFF, 0xFF, 0x00,
		0xFF, 0xFF, 0x00, 0xFF, 0xFF, 0x00, 0xFF, 0xFF, 0x00, 0xFF, 0xFF, 0x00, 0xFF, 0xFF, 0x00, 0xFF,
		0xFF, 0x00, 0xFF, 0xFF, 0x00, 0xFF, 0xFF, 0x00, 0xFF, 0xFF, 0x00, 0xFF, 0xFF, 0x00, 0xFF, 0xFF,
		0x00, 0xFF, 0xFF, 0x00, 0xFF, 0xFF, 0x00, 0xFF, 0xFF, 0x00, 0xFF, 0xFF, 0x00, 0xFF, 0xFF, 0x00,
		0xFF, 0xFF, 0x00, 0xFF, 0xFF, 0x00, 0xFF, 0xFF, 0x00, 0xFF, 0xFF, 0x00, 0xFF, 0xFF, 0x00, 0xFF,
		0xFF, 0x00, 0xFF, 0xFF, 0x00, 0xFF, 0xFF, 0x00, 0xFF, 0xFF, 0x00, 0xFF, 0x5A, 0x92, 0x72, 0x7D,
		0xDF, 0xA7, 0x1F, 0x2E, 0x24, 0xFF, 0x00, 0xFF, 0xFF, 0x00, 0xFF, 0xFF, 0x00, 0xFF, 0xFF, 0x00,
		0xFF, 0xFF, 0x00, 0xFF, 0xFF, 0x00, 0xFF, 0xFF, 0x00, 0xFF, 0xFF, 0x00, 0xFF, 0xFF, 0x00, 0xFF,
		0xFF, 0x00, 0xFF, 0xFF, 0x00, 0xFF, 0xFF, 0x00, 0xFF, 0xFF, 0x00, 0xFF, 0xFF, 0x00, 0xFF, 0xFF,
		0x00, 0xFF, 0xFF, 0x00, 0xFF, 0xFF, 0x00, 0xFF, 0xFF, 0x00, 0xFF, 0xFF, 0x00, 0xFF, 0xFF, 0x00,
		0xFF, 0xFF, 0x00, 0xFF, 0xFF, 0x00, 0xFF, 0xFF, 0x00, 0xFF, 0xFF, 0x00, 0xFF, 0xFF, 0x00, 0xFF,
		0xFF, 0x00, 0xFF, 0xFF, 0x00, 0xFF, 0xFF, 0x00, 0xFF, 0xFF, 0x00, 0xFF, 0xFF, 0x00, 0xFF, 0xFF,
		0x00, 0xFF, 0xFF, 0x00, 0xFF, 0xFF, 0x00, 0xFF, 0xFF, 0x00, 0xFF, 0xFF, 0x00, 0xFF, 0x5A, 0x92,
		0x72, 0x7D, 0xDF, 0xA7, 0x1F, 0x2E, 0x24, 0xFF, 0x00, 0xFF, 0xFF, 0x00, 0xFF, 0xFF, 0x00, 0xFF,
		0xFF, 0x00, 0xFF, 0xFF, 0x00, 0xFF, 0xFF, 0x00, 0xFF, 0xFF, 0x00, 0xFF, 0xFF, 0x00, 0xFF, 0xFF,
		0x00, 0xFF, 0xFF, 0x00, 0xFF, 0xFF, 0x00, 0xFF, 0xFF, 0x00, 0xFF, 0xFF, 0x00, 0xFF, 0xFF, 0x00,
		0xFF, 0xFF, 0x00, 0xFF, 0xFF, 0x00, 0xFF, 0xFF, 0x00, 0xFF, 0xFF, 0x00, 0xFF, 0xFF, 0x00, 0xFF,
		0xFF, 0x00, 0xFF, 0xFF, 0x00, 0xFF, 0xFF, 0x00, 0xFF, 0xFF, 0x00, 0xFF, 0xFF, 0x00, 0xFF, 0xFF,
		0x00, 0xFF, 0xFF, 0x00, 0xFF, 0xFF, 0x00, 0xFF, 0xFF, 0x00, 0xFF, 0xFF, 0x00, 0xFF, 0x5A, 0x92,
		0x72, 0x7D, 0xDF, 0xA7, 0x1F, 0x2E, 0x24, 0xFF, 0x00, 0xFF, 0xFF, 0x00, 0xFF, 0xFF, 0x00, 0xFF,
		0xFF, 0x00, 0xFF, 0xFF, 0x00, 0xFF, 0xFF, 0x00, 0xFF, 0xFF, 0x00, 0xFF, 0xFF, 0x00, 0xFF, 0xFF,
		0x00, 0xFF, 0xFF, 0x00, 0xFF, 0xFF, 0x00, 0xFF, 0xFF, 0x00, 0xFF, 0xFF, 0x00, 0xFF, 0xFF, 0x00,
		0xFF, 0xFF, 0x00, 0xFF, 0xFF, 0x00, 0xFF, 0xFF, 0x00, 0xFF, 0xFF, 0x00, 0xFF, 0xFF, 0x00, 0xFF,
		0xFF, 0x00, 0xFF, 0xFF, 0x00, 0xFF, 0xFF, 0x00, 0xFF, 0xFF, 0x00, 0xFF, 0xFF, 0x00, 0xFF, 0xFF,
		0x00, 0xFF, 0xFF, 0x00, 0xFF, 0xFF, 0x00, 0xFF, 0x5A, 0x92, 0x72, 0x7D, 0xDF, 0xA7, 0x1F, 0x2E,
		0x24, 0xFF, 0x00, 0xFF, 0xFF, 0x00, 0xFF, 0xFF, 0x00, 0xFF, 0xFF, 0x00, 0xFF, 0xFF, 0x00, 0xFF,
		0xFF, 0x00, 0xFF, 0xFF, 0x00, 0xFF, 0xFF, 0x00, 0xFF, 0xFF, 0x00, 0xFF, 0xFF, 0x00, 0xFF, 0xFF,
		0x00, 0xFF, 0xFF, 0x00, 0xFF, 0xFF, 0x00, 0xFF, 0xFF, 0x00, 0xFF, 0xFF, 0x00, 0xFF, 0xFF, 0x00,
		0xFF, 0xFF, 0x00, 0xFF, 0xFF, 0x00, 0xFF, 0xFF, 0x00, 0xFF, 0xFF, 0x00, 0xFF, 0xFF, 0x00, 0xFF,
		0xFF, 0x00, 0xFF, 0xFF, 0x00, 0xFF, 0xFF, 0x00, 0xFF, 0xFF, 0x00, 0xFF, 0xFF, 0x00, 0xFF, 0xFF,
		0x00, 0xFF, 0x5A, 0x92, 0x72, 0x7D, 0xDF, 0xA7, 0x1F, 0x2E, 0x24, 0xFF, 0x00, 0xFF, 0xFF, 0x00,
		0xFF, 0xFF, 0x00, 0xFF, 0xFF, 0x00, 0xFF, 0xFF, 0x00, 0xFF, 0xFF, 0x00, 0xFF, 0xFF, 0x00, 0xFF,
		0xFF, 0x00, 0xFF, 0xFF, 0x00, 0xFF, 0xFF, 0x00, 0xFF, 0xFF, 0x00, 0xFF, 0xFF, 0x00, 0xFF, 0xFF,
		0x00, 0xFF, 0xFF, 0x00, 0xFF, 0xFF, 0x00, 0xFF, 0xFF, 0x00, 0xFF, 0xFF, 0x00, 0xFF, 0xFF, 0x00,
		0xFF, 0xFF, 0x00, 0xFF, 0xFF, 0x00, 0xFF, 0xFF, 0x00, 0xFF, 0xFF, 0x00, 0xFF, 0xFF, 0x00, 0xFF,
		0xFF, 0x00, 0xFF, 0xFF, 0x00, 0xFF, 0xFF, 0x00, 0xFF, 0xFF, 0x00, 0xFF, 0x5A, 0x92, 0x72, 0x7D,
		0xDF, 0xA7, 0x1F, 0x2E, 0x24, 0xFF, 0x00, 0xFF, 0xFF, 0x00, 0xFF, 0xFF, 0x00, 0xFF, 0xFF, 0x00,
		0xFF, 0xFF, 0x00, 0xFF, 0xFF, 0x00, 0xFF, 0xFF, 0x00, 0xFF, 0xFF, 0x00, 0xFF, 0xFF, 0x00, 0xFF,
		0xFF, 0x00, 0xFF, 0xFF, 0x00, 0xFF, 0xFF, 0x00, 0xFF, 0xFF, 0x00, 0xFF, 0xFF, 0x00, 0xFF, 0xFF,
		0x00, 0xFF, 0xFF, 0x00, 0xFF, 0x15, 0x22, 0x17, 0x6B, 0xE6, 0x9F, 0x4F, 0x96, 0x6E, 0xD1, 0xB9,
		0x9E, 0xD0, 0xB8, 0x9E, 0xD1, 0xB8, 0x9D, 0xD1, 0xB9, 0x9D, 0xD1, 0xB9, 0x9E, 0xD1, 0xB8, 0x9D,
		0xD1, 0xB8, 0x9E, 0xD1, 0xB8, 0x9E, 0xD0, 0xB8, 0x9D, 0xD1, 0xB8, 0x9E, 0xD0, 0xB9, 0x9E, 0xD1,
		0xB8, 0x9E, 0xD1, 0xB9, 0x9D, 0xD1, 0xB8, 0x9E, 0xD1, 0xB8, 0x9D, 0x4F, 0x96, 0x6E, 0x4F, 0x96,
		0x6E, 0x6B, 0xE6, 0x9F, 0x15, 0x22, 0x17, 0xFF, 0x00, 0xFF, 0xFF, 0x00, 0xFF, 0xFF, 0x00, 0xFF,
		0xFF, 0x00, 0xFF, 0xFF, 0x00, 0xFF, 0xFF, 0x00, 0xFF, 0xFF, 0x00, 0xFF, 0xFF, 0x00, 0xFF, 0xFF,
		0x00, 0xFF, 0xFF, 0x00, 0xFF, 0xFF, 0x00, 0xFF, 0xFF, 0x00, 0xFF, 0xFF, 0x00, 0xFF, 0xFF, 0x00,
		0xFF, 0x85, 0xCB, 0xE5, 0x85, 0xCB, 0xE5, 0x85, 0xCB, 0xE5, 0x85, 0xCB, 0xE5, 0x85, 0xCB, 0xE5,
		0x41, 0xA6, 0xCB, 0x41, 0xA6, 0xCB, 0x41, 0xA6, 0xCB, 0x21, 0x2B, 0x2E, 0x21, 0x2B, 0x2E, 0x21,
		0x2B, 0x2E, 0x21, 0x2B, 0x2E, 0x21, 0x2B, 0x2E, 0xFF, 0x00, 0xFF, 0xFF, 0x00, 0xFF, 0xFF, 0x00,
		0xFF, 0xFF, 0x00, 0xFF, 0xFF, 0x00, 0xFF, 0xFF, 0x00, 0xFF, 0xFF, 0x00, 0xFF, 0xFF, 0x00, 0xFF,
		0xFF, 0x00, 0xFF, 0xFF, 0x00, 0xFF, 0xFF, 0x00, 0xFF, 0xFF, 0x00, 0xFF, 0xFF, 0x00, 0xFF, 0xFF,
		0x00, 0xFF, 0xFF, 0x00, 0xFF, 0xFF, 0x00, 0xFF, 0xFF, 0x00, 0xFF, 0xFF, 0x00, 0xFF, 0xFF, 0x00,
		0xFF, 0x4F, 0x96, 0x6E, 0x6B, 0xE6, 0x9F, 0x15, 0x22, 0x17, 0xFF, 0x00, 0xFF, 0xFF, 0x00, 0xFF,
		0xFF, 0x00, 0xFF, 0xFF, 0x00, 0xFF, 0xFF, 0x00, 0xFF, 0xFF, 0x00, 0xFF, 0xFF, 0x00, 0xFF, 0xFF,
		0x00, 0xFF, 0x15, 0x22, 0x17, 0x6B, 0xE6, 0x9F, 0x4F, 0x96, 0x6E, 0xFF, 0x00, 0xFF, 0xFF, 0x00,
		0xFF, 0xFF, 0x00, 0xFF, 0xFF, 0x00, 0xFF, 0xFF, 0x00, 0xFF, 0xFF, 0x00, 0xFF, 0xFF, 0x00, 0xFF,
		0xFF, 0x00, 0xFF, 0xFF, 0x00, 0xFF, 0xFF, 0x00, 0xFF, 0xFF, 0x00, 0xFF, 0xFF, 0x00, 0xFF, 0xFF,
		0x00, 0xFF, 0xFF, 0x00, 0xFF, 0x4F, 0x96, 0x6E, 0x69, 0xE6, 0x80, 0x69, 0xE6, 0x80, 0x69, 0xE6,
		0x80, 0x69, 0xE6, 0x80, 0x69, 0xE6, 0x80, 0x69, 0xE6, 0x80, 0x4F, 0x96, 0x6E, 0x4F, 0x96, 0x6E,
		0xFF, 0x00, 0xFF, 0xFF, 0x00, 0xFF, 0xFF, 0x00, 0xFF, 0x4F, 0x96, 0x6E, 0x4F, 0x96, 0x6E, 0x69,
		0xE6, 0x80, 0x69, 0xE6, 0x80, 0x69, 0xE6, 0x80, 0x69, 0xE6, 0x80, 0x69, 0xE6, 0x80, 0x69, 0xE6,
		0x80, 0x4F, 0x96, 0x6E, 0xFF, 0x00, 0xFF, 0xFF, 0x00, 0xFF, 0xFF, 0x00, 0xFF, 0xFF, 0x00, 0xFF,
		0xFF, 0x00, 0xFF, 0xFF, 0x00, 0xFF, 0xFF, 0x00, 0xFF, 0xFF, 0x00, 0xFF, 0xFF, 0x00, 0xFF, 0xFF,
		0x00, 0xFF, 0xFF, 0x00, 0xFF, 0xFF, 0x00, 0xFF, 0xFF, 0x00, 0xFF, 0xFF, 0x00, 0xFF, 0xFF, 0x00,
		0xFF, 0x4F, 0x96, 0x6E, 0x6B, 0xE6, 0x9F, 0x6B, 0xE6, 0x9F, 0x6B, 0xE6, 0x9F, 0x6B, 0xE6, 0x9F,
		0x6B, 0xE6, 0x9F, 0x6B, 0xE6, 0x9F, 0x6B, 0xE6, 0x9F, 0x6B, 0xE6, 0x9F, 0x6B, 0xE6, 0x9F, 0x6B,
		0xE6, 0x9F, 0x6B, 0xE6, 0x9F, 0x8B, 0xD9, 0xAC, 0x4F, 0x96, 0x6E, 0xFF, 0x00, 0xFF, 0xFF, 0x00,
		0xFF, 0xFF, 0x00, 0xFF, 0xFF, 0x00, 0xFF, 0xFF, 0x00, 0xFF, 0xFF, 0x00, 0xFF, 0xFF, 0x00, 0xFF,
		0xFF, 0x00, 0xFF, 0xFF, 0x00, 0xFF, 0xFF, 0x00, 0xFF, 0xFF, 0x00, 0xFF, 0xFF, 0x00, 0xFF, 0xFF,
		0x00, 0xFF, 0xFF, 0x00, 0xFF, 0xFF, 0x00, 0xFF, 0x6C, 0x63, 0x4D, 0x32, 0x63, 0x45, 0x61, 0xE8,
		0x9A, 0x61, 0xEA, 0x9B, 0x61, 0xEA, 0x9B, 0x61, 0xEA, 0x9B, 0x61, 0xEA, 0x9B, 0x61, 0xEA, 0x9B,
		0x61, 0xEA, 0x9B, 0x61, 0xEA, 0x9B, 0x61, 0xEA, 0x9B, 0x61, 0xEA, 0x9B, 0x61, 0xEA, 0x9B, 0x61,
		0xEA, 0x9B, 0x61, 0xEA, 0x9B, 0x61, 0xEA, 0x9B, 0x61, 0xEA, 0x9B, 0x61, 0xE8, 0x9A, 0x32, 0x63,
		0x45, 0x6C, 0x64, 0x4E, 0xFF, 0x00, 0xFF, 0xFF, 0x00, 0xFF, 0xFF, 0x00, 0xFF, 0xFF, 0x00, 0xFF,
		0xFF, 0x00, 0xFF, 0xFF, 0x00, 0xFF, 0xFF, 0x00, 0xFF, 0xFF, 0x00, 0xFF, 0xFF, 0x00, 0xFF, 0xFF,
		0x00, 0xFF, 0xFF, 0x00, 0xFF, 0xFF, 0x00, 0xFF, 0x1F, 0x2E, 0x24, 0x61, 0xEA, 0x9B, 0x61, 0xEA,
		0x9B, 0x61, 0xEA, 0x9B, 0x61, 0xEA, 0x9B, 0x61, 0xEA, 0x9B, 0x61, 0xEA, 0x9B, 0x61, 0xEA, 0x9B,
		0x61, 0xEA, 0x9B, 0x61, 0xEA, 0x9B, 0x61, 0xEA, 0x9B, 0x61, 0xEA, 0x9B, 0x61, 0xEA, 0x9B, 0x61,
		0xEA, 0x9B, 0x61, 0xEA, 0x9B, 0x61, 0xEA, 0x9B, 0x61, 0xEA, 0x9B, 0x61, 0xEA, 0x9B, 0x61, 0xEA,
		0x9B, 0x1F, 0x2E, 0x24, 0xFF, 0x00, 0xFF, 0xFF, 0x00, 0xFF, 0xFF, 0x00, 0xFF, 0xFF, 0x00, 0xFF,
		0xFF, 0x00, 0xFF, 0xFF, 0x00, 0xFF, 0xFF, 0x00, 0xFF, 0xFF, 0x00, 0xFF, 0xFF, 0x00, 0xFF, 0xFF,
		0x00, 0xFF, 0xFF, 0x00, 0xFF, 0xFF, 0x00, 0xFF, 0xFF, 0x00, 0xFF, 0xFF, 0x00, 0xFF, 0xFF, 0x00,
		0xFF, 0xFF, 0x00, 0xFF, 0xFF, 0x00, 0xFF, 0xFF, 0x00, 0xFF, 0xFF, 0x00, 0xFF, 0xFF, 0x00, 0xFF,
		0xFF, 0x00, 0xFF, 0xFF, 0x00, 0xFF, 0xFF, 0x00, 0xFF, 0xFF, 0x00, 0xFF, 0xFF, 0x00, 0xFF, 0xFF,
		0x00, 0xFF, 0xFF, 0x00, 0xFF, 0xFF, 0x00, 0xFF, 0xFF, 0x00, 0xFF, 0xFF, 0x00, 0xFF, 0x5A, 0x92,
		0x72, 0x7D, 0xDF, 0xA7, 0x1F, 0x2E, 0x24, 0xFF, 0x00, 0xFF, 0xFF, 0x00, 0xFF, 0xFF, 0x00, 0xFF,
		0xFF, 0x00, 0xFF, 0xFF, 0x00, 0xFF, 0xFF, 0x00, 0xFF, 0xFF, 0x00, 0xFF, 0xFF, 0x00, 0xFF, 0xFF,
		0x00, 0xFF, 0xFF, 0x00, 0xFF, 0xFF, 0x00, 0xFF, 0xFF, 0x00, 0xFF, 0xFF, 0x00, 0xFF, 0xFF, 0x00,
		0xFF, 0xFF, 0x00, 0xFF, 0xFF, 0x00, 0xFF, 0xFF, 0x00, 0xFF, 0xFF, 0x00, 0xFF, 0xFF, 0x00, 0xFF,
		0xFF, 0x00, 0xFF, 0xFF, 0x00, 0xFF, 0xFF, 0x00, 0xFF, 0xFF, 0x00, 0xFF, 0xFF, 0x00, 0xFF, 0xFF,
		0x00, 0xFF, 0xFF, 0x00, 0xFF, 0xFF, 0x00, 0xFF, 0xFF, 0x00, 0xFF, 0xFF, 0x00, 0xFF, 0x5A, 0x92,
		0x72, 0x7D, 0xDF, 0xA7, 0x1F, 0x2E, 0x24, 0xFF, 0x00, 0xFF, 0xFF, 0x00, 0xFF, 0xFF, 0x00, 0xFF,
		0xFF, 0x00, 0xFF, 0xFF, 0x00, 0xFF, 0xFF, 0x00, 0xFF, 0xFF, 0x00, 0xFF, 0xFF, 0x00, 0xFF, 0xFF,
		0x00, 0xFF, 0xFF, 0x00, 0xFF, 0xFF, 0x00, 0xFF, 0xFF, 0x00, 0xFF, 0xFF, 0x00, 0xFF, 0xFF, 0x00,
		0xFF, 0xFF, 0x00, 0xFF, 0xFF, 0x00, 0xFF, 0xFF, 0x00, 0xFF, 0xFF, 0x00, 0xFF, 0xFF, 0x00, 0xFF,
		0xFF, 0x00, 0xFF, 0xFF, 0x00, 0xFF, 0xFF, 0x00, 0xFF, 0xFF, 0x00, 0xFF, 0xFF, 0x00, 0xFF, 0xFF,
		0x00, 0xFF, 0xFF, 0x00, 0xFF, 0xFF, 0x00, 0xFF, 0x5A, 0x92, 0x72, 0x7D, 0xDF, 0xA7, 0x1F, 0x2E,
		0x24, 0xFF, 0x00, 0xFF, 0xFF, 0x00, 0xFF, 0xFF, 0x00, 0xFF, 0xFF, 0x00, 0xFF, 0xFF, 0x00, 0xFF,
		0xFF, 0x00, 0xFF, 0xFF, 0x00, 0xFF, 0xFF, 0x00, 0xFF, 0xFF, 0x00, 0xFF, 0xFF, 0x00, 0xFF, 0xFF,
		0x00, 0xFF, 0xFF, 0x00, 0xFF, 0xFF, 0x00, 0xFF, 0xFF, 0x00, 0xFF, 0xFF, 0x00, 0xFF, 0xFF, 0x00,
		0xFF, 0xFF, 0x00, 0xFF, 0xFF, 0x00, 0xFF, 0xFF, 0x00, 0xFF, 0xFF, 0x00, 0xFF, 0xFF, 0x00, 0xFF,
		0xFF, 0x00, 0xFF, 0xFF, 0x00, 0xFF, 0xFF, 0x00, 0xFF, 0xFF, 0x00, 0xFF, 0xFF, 0x00, 0xFF, 0xFF,
		0x00, 0xFF, 0x5A, 0x92, 0x72, 0x7D, 0xDF, 0xA7, 0x1F, 0x2E, 0x24, 0xFF, 0x00, 0xFF, 0xFF, 0x00,
		0xFF, 0xFF, 0x00, 0xFF, 0xFF, 0x00, 0xFF, 0xFF, 0x00, 0xFF, 0xFF, 0x00, 0xFF, 0xFF, 0x00, 0xFF,
		0xFF, 0x00, 0xFF, 0xFF, 0x00, 0xFF, 0xFF, 0x00, 0xFF, 0xFF, 0x00, 0xFF, 0xFF, 0x00, 0xFF, 0xFF,
		0x00, 0xFF, 0xFF, 0x00, 0xFF, 0xFF, 0x00, 0xFF, 0xFF, 0x00, 0xFF, 0xFF, 0x00, 0xFF, 0xFF, 0x00,
		0xFF, 0xFF, 0x00, 0xFF, 0xFF, 0x00, 0xFF, 0xFF, 0x00, 0xFF, 0xFF, 0x00, 0xFF, 0xFF, 0x00, 0xFF,
		0xFF, 0x00, 0xFF, 0x75, 0x6F, 0x5D, 0x37, 0x41, 0x34, 0x24, 0x31, 0x27, 0x1F, 0x2E, 0x24, 0x1F,
		0x2E, 0x24, 0x1F, 0x2E, 0x24, 0x24, 0x31, 0x27, 0x38, 0x41, 0x34, 0x75, 0x70, 0x5D, 0xFF, 0x00,
		0xFF, 0xFF, 0x00, 0xFF, 0xFF, 0x00, 0xFF, 0xFF, 0x00, 0xFF, 0xFF, 0x00, 0xFF, 0xFF, 0x00, 0xFF,
		0xFF, 0x00, 0xFF, 0xFF, 0x00, 0xFF, 0xFF, 0x00, 0xFF, 0xFF, 0x00, 0xFF, 0xFF, 0x00, 0xFF, 0xFF,
		0x00, 0xFF, 0xFF, 0x00, 0xFF, 0xFF, 0x00, 0xFF, 0xFF, 0x00, 0xFF, 0xFF, 0x00, 0xFF, 0xFF, 0x00,
		0xFF, 0xFF, 0x00, 0xFF, 0xFF, 0x00, 0xFF, 0xFF, 0x00, 0xFF, 0xFF, 0x00, 0xFF, 0xFF, 0x00, 0xFF,
		0xFF, 0x00, 0xFF, 0xFF, 0x00, 0xFF, 0xFF, 0x00, 0xFF, 0xFF, 0x00, 0xFF, 0xFF, 0x00, 0xFF, 0xFF,
		0x00, 0xFF, 0xFF, 0x00, 0xFF, 0xFF, 0x00, 0xFF, 0xFF, 0x00, 0xFF, 0xFF, 0x00, 0xFF, 0x5A, 0x92,
		0x72, 0x7D, 0xDF, 0xA7, 0x1F, 0x2E, 0x24, 0xFF, 0x00, 0xFF, 0xFF, 0x00, 0xFF, 0xFF, 0x00, 0xFF,
		0xFF, 0x00, 0xFF, 0xFF, 0x00, 0xFF, 0xFF, 0x00, 0xFF, 0xFF, 0x00, 0xFF, 0xFF, 0x00, 0xFF, 0xFF,
		0x00, 0xFF, 0xFF, 0x00, 0xFF, 0xFF, 0x00, 0xFF, 0xFF, 0x00, 0xFF, 0xFF, 0x00, 0xFF, 0xFF, 0x00,
		0xFF, 0xFF, 0x00, 0xFF, 0xFF, 0x00, 0xFF, 0xFF, 0x00, 0xFF, 0xFF, 0x00, 0xFF, 0xFF, 0x00, 0xFF,
		0xFF, 0x00, 0xFF, 0xFF, 0x00, 0xFF, 0xFF, 0x00, 0xFF, 0xFF, 0x00, 0xFF, 0xFF, 0x00, 0xFF, 0xFF,
		0x00, 0xFF, 0xFF, 0x00, 0xFF, 0xFF, 0x00, 0xFF, 0xFF, 0x00, 0xFF, 0xFF, 0x00, 0xFF, 0x5A, 0x92,
		0x72, 0x7D, 0xDF, 0xA7, 0x1F, 0x2E, 0x24, 0xFF, 0x00, 0xFF, 0xFF, 0x00, 0xFF, 0xFF, 0x00, 0xFF,
		0xFF, 0x00, 0xFF, 0xFF, 0x00, 0xFF, 0xFF, 0x00, 0xFF, 0xFF, 0x00, 0xFF, 0xFF, 0x00, 0xFF, 0xFF,
		0x00, 0xFF, 0xFF, 0x00, 0xFF, 0xFF, 0x00, 0xFF, 0xFF, 0x00, 0xFF, 0xFF, 0x00, 0xFF, 0xFF, 0x00,
		0xFF, 0xFF, 0x00, 0xFF, 0xFF, 0x00, 0xFF, 0xFF, 0x00, 0xFF, 0xFF, 0x00, 0xFF, 0xFF, 0x00, 0xFF,
		0xFF, 0x00, 0xFF, 0xFF, 0x00, 0xFF, 0xFF, 0x00, 0xFF, 0xFF, 0x00, 0xFF, 0xFF, 0x00, 0xFF, 0xFF,
		0x00, 0xFF, 0xFF, 0x00, 0xFF, 0xFF, 0x00, 0xFF, 0x5A, 0x92, 0x72, 0x7D, 0xDF, 0xA7, 0x1F, 0x2E,
		0x24, 0xFF, 0x00, 0xFF, 0xFF, 0x00, 0xFF, 0xFF, 0x00, 0xFF, 0xFF, 0x00, 0xFF, 0xFF, 0x00, 0xFF,
		0xFF, 0x00, 0xFF, 0xFF, 0x00, 0xFF, 0xFF, 0x00, 0xFF, 0xFF, 0x00, 0xFF, 0xFF, 0x00, 0xFF, 0xFF,
		0x00, 0xFF, 0xFF, 0x00, 0xFF, 0xFF, 0x00, 0xFF, 0xFF, 0x00, 0xFF, 0xFF, 0x00, 0xFF, 0xFF, 0x00,
		0xFF, 0xFF, 0x00, 0xFF, 0xFF, 0x00, 0xFF, 0xFF, 0x00, 0xFF, 0xFF, 0x00, 0xFF, 0xFF, 0x00, 0xFF,
		0xFF, 0x00, 0xFF, 0xFF, 0x00, 0xFF, 0xFF, 0x00, 0xFF, 0xFF, 0x00, 0xFF, 0xFF, 0x00, 0xFF, 0xFF,
		0x00, 0xFF, 0x5A, 0x92, 0x72, 0x7D, 0xDF, 0xA7, 0x1F, 0x2E, 0x24, 0xFF, 0x00, 0xFF, 0xFF, 0x00,
		0xFF, 0xFF, 0x00, 0xFF, 0xFF, 0x00, 0xFF, 0xFF, 0x00, 0xFF, 0xFF, 0x00, 0xFF, 0xFF, 0x00, 0xFF,
		0xFF, 0x00, 0xFF, 0xFF, 0x00, 0xFF, 0xFF, 0x00, 0xFF, 0xFF, 0x00, 0xFF, 0xFF, 0x00, 0xFF, 0xFF,
		0x00, 0xFF, 0xFF, 0x00, 0xFF, 0xFF, 0x00, 0xFF, 0xFF, 0x00, 0xFF, 0xFF, 0x00, 0xFF, 0xFF, 0x00,
		0xFF, 0xFF, 0x00, 0xFF, 0x1F, 0x2E, 0x24, 0x1F, 0x2E, 0x24, 0x1F, 0x2E, 0x24, 0x1F, 0x2E, 0x24,
		0x1F, 0x2E, 0x24, 0x1F, 0x2E, 0x24, 0x1F, 0x2E, 0x24, 0x1F, 0x2E, 0x24, 0x1F, 0x2E, 0x24, 0x1F,
		0x2E, 0x24, 0x1F, 0x2E, 0x24, 0x1F, 0x2E, 0x24, 0x1F, 0x2E, 0x24, 0x1F, 0x2E, 0x24, 0x1F, 0x2E,
		0x24, 0x1F, 0x2E, 0x24, 0x1F, 0x2E, 0x24, 0x1F, 0x2E, 0x24, 0x1F, 0x2E, 0x24, 0xFF, 0x00, 0xFF,
		0xFF, 0x00, 0xFF, 0xFF, 0x00, 0xFF, 0xFF, 0x00, 0xFF, 0xFF, 0x00, 0xFF, 0xFF, 0x00, 0xFF, 0xFF,
		0x00, 0xFF, 0x15, 0x22, 0x17, 0x15, 0x22, 0x17, 0x4F, 0x96, 0x6E, 0xCD, 0xB3, 0x98, 0xCD, 0xB3,
		0x98, 0xCD, 0xB3, 0x98, 0xCD, 0xB3, 0x98, 0xCD, 0xB3, 0x98, 0xCD, 0xB3, 0x98, 0xCD, 0xB3, 0x98,
		0xCD, 0xB3, 0x98, 0xCD, 0xB3, 0x98, 0xCD, 0xB3, 0x98, 0xCD, 0xB3, 0x98, 0xCD, 0xB3, 0x98, 0xCD,
		0xB3, 0x98, 0xCD, 0xB3, 0x98, 0xCD, 0xB3, 0x98, 0xCD, 0xB3, 0x98, 0xCD, 0xB3, 0x98, 0xCD, 0xB3,
		0x98, 0x4F, 0x96, 0x6E, 0x6B, 0xE6, 0x9F, 0x15, 0x22, 0x17, 0xFF, 0x00, 0xFF, 0xFF, 0x00, 0xFF,
		0xFF, 0x00, 0xFF, 0xFF, 0x00, 0xFF, 0xFF, 0x00, 0xFF, 0xFF, 0x00, 0xFF, 0x15, 0x22, 0x17, 0x15,
		0x22, 0x17, 0x15, 0x22, 0x17, 0x15, 0x22, 0x17, 0x15, 0x22, 0x17, 0x15, 0x22, 0x17, 0xFF, 0x00,
		0xFF, 0x80, 0x80, 0x80, 0x85, 0xCB, 0xE5, 0x41, 0xA6, 0xCB, 0x41, 0xA6, 0xCB, 0x41, 0xA6, 0xCB,
		0x41, 0xA6, 0xCB, 0x41, 0xA6, 0xCB, 0x41, 0xA6, 0xCB, 0x41, 0xA6, 0xCB, 0x41, 0xA6, 0xCB, 0x41,
		0xA6, 0xCB, 0x41, 0xA6, 0xCB, 0x00, 0x00, 0x00, 0xFF, 0x00, 0xFF, 0xFF, 0x00, 0xFF, 0x15, 0x22,
		0x17, 0x15, 0x22, 0x17, 0x15, 0x22, 0x17, 0x15, 0x22, 0x17, 0x15, 0x22, 0x17, 0x15, 0x22, 0x17,
		0xFF, 0x00, 0xFF, 0xFF, 0x00, 0xFF, 0xFF, 0x00, 0xFF, 0xFF, 0x00, 0xFF, 0xFF, 0x00, 0xFF, 0xFF,
		0x00, 0xFF, 0xFF, 0x00, 0xFF, 0xFF, 0x00, 0xFF, 0xFF, 0x00, 0xFF, 0xFF, 0x00, 0xFF, 0xFF, 0x00,
		0xFF, 0x4F, 0x96, 0x6E, 0x6B, 0xE6, 0x9F, 0x15, 0x22, 0x17, 0xFF, 0x00, 0xFF, 0xFF, 0x00, 0xFF,
		0xFF, 0x00, 0xFF, 0xFF, 0x00, 0xFF, 0xFF, 0x00, 0xFF, 0xFF, 0x00, 0xFF, 0xFF, 0x00, 0xFF, 0xFF,
		0x00, 0xFF, 0x15, 0x22, 0x17, 0x6B, 0xE6, 0x9F, 0x4F, 0x96, 0x6E, 0xFF, 0x00, 0xFF, 0xFF, 0x00,
		0xFF, 0xFF, 0x00, 0xFF, 0xFF, 0x00, 0xFF, 0xFF, 0x00, 0xFF, 0xFF, 0x00, 0xFF, 0xFF, 0x00, 0xFF,
		0xFF, 0x00, 0xFF, 0xFF, 0x00, 0xFF, 0xFF, 0x00, 0xFF, 0xFF, 0x00, 0xFF, 0xFF, 0x00, 0xFF, 0xFF,
		0x00, 0xFF, 0xFF, 0x00, 0xFF, 0x4F, 0x96, 0x6E, 0x4F, 0x96, 0x6E, 0x4F, 0x96, 0x6E, 0x4F, 0x96,
		0x6E, 0x4F, 0x96, 0x6E, 0x4F, 0x96, 0x6E, 0x4F, 0x96, 0x6E, 0xFF, 0x00, 0xFF, 0xFF, 0x00, 0xFF,
		0xFF, 0x00, 0xFF, 0xFF, 0x00, 0xFF, 0xFF, 0x00, 0xFF, 0xFF, 0x00, 0xFF, 0xFF, 0x00, 0xFF, 0x4F,
		0x96, 0x6E, 0x4F, 0x96, 0x6E, 0x4F, 0x96, 0x6E, 0x4F, 0x96, 0x6E, 0x4F, 0x96, 0x6E, 0x4F, 0x96,
		0x6E, 0x4F, 0x96, 0x6E, 0xFF, 0x00, 0xFF, 0xFF, 0x00, 0xFF, 0xFF, 0x00, 0xFF, 0xFF, 0x00, 0xFF,
		0xFF, 0x00, 0xFF, 0xFF, 0x00, 0xFF, 0xFF, 0x00, 0xFF, 0xFF, 0x00, 0xFF, 0xFF, 0x00, 0xFF, 0xFF,
		0x00, 0xFF, 0xFF, 0x00, 0xFF, 0xFF, 0x00, 0xFF, 0xFF, 0x00, 0xFF, 0xFF, 0x00, 0xFF, 0xFF, 0x00,
		0xFF, 0xFF, 0x00, 0xFF, 0x4F, 0x96, 0x6E, 0x4F, 0x96, 0x6E, 0x4F, 0x96, 0x6E, 0x4F, 0x96, 0x6E,
		0x4F, 0x96, 0x6E, 0x4F, 0x96, 0x6E, 0x4F, 0x96, 0x6E, 0x4F, 0x96, 0x6E, 0x4F, 0x96, 0x6E, 0x4F,
		0x96, 0x6E, 0x4F, 0x96, 0x6E, 0x4F, 0x96, 0x6E, 0xFF, 0x00, 0xFF, 0xFF, 0x00, 0xFF, 0xFF, 0x00,
		0xFF, 0xFF, 0x00, 0xFF, 0xFF, 0x00, 0xFF, 0xFF, 0x00, 0xFF, 0xFF, 0x00, 0xFF, 0xFF, 0x00, 0xFF,
		0xFF, 0x00, 0xFF, 0xFF, 0x00, 0xFF, 0xFF, 0x00, 0xFF, 0xFF, 0x00, 0xFF, 0xFF, 0x00, 0xFF, 0xFF,
		0x00, 0xFF, 0xFF, 0x00, 0xFF, 0xFF, 0x00, 0xFF, 0x34, 0x3D, 0x2F, 0x4A, 0xA7, 0x70, 0x61, 0xEA,
		0x9B, 0x61, 0xEA, 0x9B, 0x61, 0xEA, 0x9B, 0x61, 0xEA, 0x9B, 0x61, 0xEA, 0x9B, 0x61, 0xEA, 0x9B,
		0x61, 0xEA, 0x9B, 0x61, 0xEA, 0x9B, 0x61, 0xEA, 0x9B, 0x61, 0xEA, 0x9B, 0x61, 0xEA, 0x9B, 0x61,
		0xEA, 0x9B, 0x61, 0xEA, 0x9B, 0x61, 0xEA, 0x9B, 0x61, 0xEA, 0x9B, 0x61, 0xEA, 0x9B, 0x4A, 0xA7,
		0x70, 0x34, 0x3C, 0x2F, 0xFF, 0x00, 0xFF, 0xFF, 0x00, 0xFF, 0xFF, 0x00, 0xFF, 0xFF, 0x00, 0xFF,
		0xFF, 0x00, 0xFF, 0xFF, 0x00, 0xFF, 0xFF, 0x00, 0xFF, 0xFF, 0x00, 0xFF, 0xFF, 0x00, 0xFF, 0xFF,
		0x00, 0xFF, 0xFF, 0x00, 0xFF, 0xFF, 0x00, 0xFF, 0x1F, 0x2E, 0x24, 0x61, 0xEA, 0x9B, 0x61, 0xEA,
		0x9B, 0x61, 0xEA, 0x9B, 0x61, 0xEA, 0x9B, 0x61, 0xEA, 0x9B, 0x61, 0xEA, 0x9B, 0x61, 0xEA, 0x9B,
		0x61, 0xEA, 0x9B, 0x61, 0xEA, 0x9B, 0x61, 0xEA, 0x9B, 0x61, 0xEA, 0x9B, 0x61, 0xEA, 0x9B, 0x61,
		0xEA, 0x9B, 0x61, 0xEA, 0x9B, 0x61, 0xEA, 0x9B, 0x61, 0xEA, 0x9B, 0x61, 0xEA, 0x9B, 0x61, 0xEA,
		0x9B, 0x1F, 0x2E, 0x24, 0xFF, 0x00, 0xFF, 0xFF, 0x00, 0xFF, 0xFF, 0x00, 0xFF, 0xFF, 0x00, 0xFF,
		0xFF, 0x00, 0xFF, 0xFF, 0x00, 0xFF, 0xFF, 0x00, 0xFF, 0xFF, 0x00, 0xFF, 0xFF, 0x00, 0xFF, 0xFF,
		0x00, 0xFF, 0xFF, 0x00, 0xFF, 0xFF, 0x00, 0xFF, 0xFF, 0x00, 0xFF, 0xFF, 0x00, 0xFF, 0xFF, 0x00,
		0xFF, 0xFF, 0x00, 0xFF, 0xFF, 0x00, 0xFF, 0xFF, 0x00, 0xFF, 0xFF, 0x00, 0xFF, 0xFF, 0x00, 0xFF,
		0xFF, 0x00, 0xFF, 0xFF, 0x00, 0xFF, 0xFF, 0x00, 0xFF, 0xFF, 0x00, 0xFF, 0xFF, 0x00, 0xFF, 0xFF,
		0x00, 0xFF, 0xFF, 0x00, 0xFF, 0xFF, 0x00, 0xFF, 0xFF, 0x00, 0xFF, 0xFF, 0x00, 0xFF, 0x5A, 0x92,
		0x72, 0x7D, 0xDF, 0xA7, 0x1F, 0x2E, 0x24, 0xFF, 0x00, 0xFF, 0xFF, 0x00, 0xFF, 0xFF, 0x00, 0xFF,
		0xFF, 0x00, 0xFF, 0xFF, 0x00, 0xFF, 0xFF, 0x00, 0xFF, 0xFF, 0x00, 0xFF, 0xFF, 0x00, 0xFF, 0xFF,
		0x00, 0xFF, 0xFF, 0x00, 0xFF, 0xFF, 0x00, 0xFF, 0xFF, 0x00, 0xFF, 0xFF, 0x00, 0xFF, 0xFF, 0x00,
		0xFF, 0xFF, 0x00, 0xFF, 0xFF, 0x00, 0xFF, 0xFF, 0x00, 0xFF, 0xFF, 0x00, 0xFF, 0xFF, 0x00, 0xFF,
		0xFF, 0x00, 0xFF, 0xFF, 0x00, 0xFF, 0xFF, 0x00, 0xFF, 0xFF, 0x00, 0xFF, 0xFF, 0x00, 0xFF, 0xFF,
		0x00, 0xFF, 0xFF, 0x00, 0xFF, 0xFF, 0x00, 0xFF, 0xFF, 0x00, 0xFF, 0xFF, 0x00, 0xFF, 0x5A, 0x92,
		0x72, 0x7D, 0xDF, 0xA7, 0x1F, 0x2E, 0x24, 0xFF, 0x00, 0xFF, 0xFF, 0x00, 0xFF, 0xFF, 0x00, 0xFF,
		0xFF, 0x00, 0xFF, 0xFF, 0x00, 0xFF, 0xFF, 0x00, 0xFF, 0xFF, 0x00, 0xFF, 0xFF, 0x00, 0xFF, 0xFF,
		0x00, 0xFF, 0xFF, 0x00, 0xFF, 0xFF, 0x00, 0xFF, 0xFF, 0x00, 0xFF, 0xFF, 0x00, 0xFF, 0xFF, 0x00,
		0xFF, 0xFF, 0x00, 0xFF, 0xFF, 0x00, 0xFF, 0xFF, 0x00, 0xFF, 0xFF, 0x00, 0xFF, 0xFF, 0x00, 0xFF,
		0xFF, 0x00, 0xFF, 0xFF, 0x00, 0xFF, 0xFF, 0x00, 0xFF, 0xFF, 0x00, 0xFF, 0xFF, 0x00, 0xFF, 0xFF,
		0x00, 0xFF, 0xFF, 0x00, 0xFF, 0xFF, 0x00, 0xFF, 0x5A, 0x92, 0x72, 0x7D, 0xDF, 0xA7, 0x1F, 0x2E,
		0x24, 0xFF, 0x00, 0xFF, 0xFF, 0x00, 0xFF, 0xFF, 0x00, 0xFF, 0xFF, 0x00, 0xFF, 0xFF, 0x00, 0xFF,
		0xFF, 0x00, 0xFF, 0xFF, 0x00, 0xFF, 0xFF, 0x00, 0xFF, 0xFF, 0x00, 0xFF, 0xFF, 0x00, 0xFF, 0xFF,
		0x00, 0xFF, 0xFF, 0x00, 0xFF, 0xFF, 0x00, 0xFF, 0xFF, 0x00, 0xFF, 0xFF, 0x00, 0xFF, 0xFF, 0x00,
		0xFF, 0xFF, 0x00, 0xFF, 0xFF, 0x00, 0xFF, 0xFF, 0x00, 0xFF, 0xFF, 0x00, 0xFF, 0xFF, 0x00, 0xFF,
		0xFF, 0x00, 0xFF, 0xFF, 0x00, 0xFF, 0xFF, 0x00, 0xFF, 0xFF, 0x00, 0xFF, 0xFF, 0x00, 0xFF, 0xFF,
		0x00, 0xFF, 0x5A, 0x92, 0x72, 0x7D, 0xDF, 0xA7, 0x1F, 0x2E, 0x24, 0xFF, 0x00, 0xFF, 0xFF, 0x00,
		0xFF, 0xFF, 0x00, 0xFF, 0xFF, 0x00, 0xFF, 0xFF, 0x00, 0xFF, 0xFF, 0x00, 0xFF, 0xFF, 0x00, 0xFF,
		0xFF, 0x00, 0xFF, 0xFF, 0x00, 0xFF, 0xFF, 0x00, 0xFF, 0xFF, 0x00, 0xFF, 0xFF, 0x00, 0xFF, 0xFF,
		0x00, 0xFF, 0xFF, 0x00, 0xFF, 0xFF, 0x00, 0xFF, 0xFF, 0x00, 0xFF, 0xFF, 0x00, 0xFF, 0xFF, 0x00,
		0xFF, 0xFF, 0x00, 0xFF, 0xFF, 0x00, 0xFF, 0xFF, 0x00, 0xFF, 0xFF, 0x00, 0xFF, 0x91, 0x84, 0x6D,
		0x31, 0x3C, 0x30, 0x32, 0x63, 0x45, 0x4A, 0xA7, 0x70, 0x5A, 0xD6, 0x8F, 0x61, 0xE8, 0x9A, 0x61,
		0xEA, 0x9B, 0x61, 0xE8, 0x9A, 0x5A, 0xD6, 0x8F, 0x4A, 0xA7, 0x70, 0x32, 0x63, 0x45, 0x31, 0x3C,
		0x30, 0x91, 0x84, 0x6D, 0xFF, 0x00, 0xFF, 0xFF, 0x00, 0xFF, 0xFF, 0x00, 0xFF, 0xFF, 0x00, 0xFF,
		0xFF, 0x00, 0xFF, 0xFF, 0x00, 0xFF, 0xFF, 0x00, 0xFF, 0xFF, 0x00, 0xFF, 0xFF, 0x00, 0xFF, 0xFF,
		0x00, 0xFF, 0xFF, 0x00, 0xFF, 0xFF, 0x00, 0xFF, 0xFF, 0x00, 0xFF, 0xFF, 0x00, 0xFF, 0xFF, 0x00,
		0xFF, 0xFF, 0x00, 0xFF, 0xFF, 0x00, 0xFF, 0xFF, 0x00, 0xFF, 0xFF, 0x00, 0xFF, 0xFF, 0x00, 0xFF,
		0xFF, 0x00, 0xFF, 0xFF, 0x00, 0xFF, 0xFF, 0x00, 0xFF, 0xFF, 0x00, 0xFF, 0xFF, 0x00, 0xFF, 0xFF,
		0x00, 0xFF, 0xFF, 0x00, 0xFF, 0xFF, 0x00, 0xFF, 0xFF, 0x00, 0xFF, 0xFF, 0x00, 0xFF, 0x5A, 0x92,
		0x72, 0x7D, 0xDF, 0xA7, 0x1F, 0x2E, 0x24, 0xFF, 0x00, 0xFF, 0xFF, 0x00, 0xFF, 0xFF, 0x00, 0xFF,
		0xFF, 0x00, 0xFF, 0xFF, 0x00, 0xFF, 0xFF, 0x00, 0xFF, 0xFF, 0x00, 0xFF, 0xFF, 0x00, 0xFF, 0xFF,
		0x00, 0xFF, 0xFF, 0x00, 0xFF, 0xFF, 0x00, 0xFF, 0xFF, 0x00, 0xFF, 0xFF, 0x00, 0xFF, 0xFF, 0x00,
		0xFF, 0xFF, 0x00, 0xFF, 0xFF, 0x00, 0xFF, 0xFF, 0x00, 0xFF, 0xFF, 0x00, 0xFF, 0xFF, 0x00, 0xFF,
		0xFF, 0x00, 0xFF, 0xFF, 0x00, 0xFF, 0xFF, 0x00, 0xFF, 0xFF, 0x00, 0xFF, 0xFF, 0x00, 0xFF, 0xFF,
		0x00, 0xFF, 0xFF, 0x00, 0xFF, 0xFF, 0x00, 0xFF, 0xFF, 0x00, 0xFF, 0xFF, 0x00, 0xFF, 0x5A, 0x92,
		0x72, 0x7D, 0xDF, 0xA7, 0x1F, 0x2E, 0x24, 0xFF, 0x00, 0xFF, 0xFF, 0x00, 0xFF, 0xFF, 0x00, 0xFF,
		0xFF, 0x00, 0xFF, 0xFF, 0x00, 0xFF, 0xFF, 0x00, 0xFF, 0xFF, 0x00, 0xFF, 0xFF, 0x00, 0xFF, 0xFF,
		0x00, 0xFF, 0xFF, 0x00, 0xFF, 0xFF, 0x00, 0xFF, 0xFF, 0x00, 0xFF, 0xFF, 0x00, 0xFF, 0xFF, 0x00,
		0xFF, 0xFF, 0x00, 0xFF, 0xFF, 0x00, 0xFF, 0xFF, 0x00, 0xFF, 0xFF, 0x00, 0xFF, 0xFF, 0x00, 0xFF,
		0xFF, 0x00, 0xFF, 0xFF, 0x00, 0xFF, 0xFF, 0x00, 0xFF, 0xFF, 0x00, 0xFF, 0xFF, 0x00, 0xFF, 0xFF,
		0x00, 0xFF, 0xFF, 0x00, 0xFF, 0xFF, 0x00, 0xFF, 0x5A, 0x92, 0x72, 0x7D, 0xDF, 0xA7, 0x1F, 0x2E,
		0x24, 0xFF, 0x00, 0xFF, 0xFF, 0x00, 0xFF, 0xFF, 0x00, 0xFF, 0xFF, 0x00, 0xFF, 0xFF, 0x00, 0xFF,
		0xFF, 0x00, 0xFF, 0xFF, 0x00, 0xFF, 0xFF, 0x00, 0xFF, 0xFF, 0x00, 0xFF, 0xFF, 0x00, 0xFF, 0xFF,
		0x00, 0xFF, 0xFF, 0x00, 0xFF, 0xFF, 0x00, 0xFF, 0xFF, 0x00, 0xFF, 0xFF, 0x00, 0xFF, 0xFF, 0x00,
		0xFF, 0xFF, 0x00, 0xFF, 0xFF, 0x00, 0xFF, 0xFF, 0x00, 0xFF, 0xFF, 0x00, 0xFF, 0xFF, 0x00, 0xFF,
		0xFF, 0x00, 0xFF, 0xFF, 0x00, 0xFF, 0xFF, 0x00, 0xFF, 0xFF, 0x00, 0xFF, 0xFF, 0x00, 0xFF, 0xFF,
		0x00, 0xFF, 0x5A, 0x92, 0x72, 0x7D, 0xDF, 0xA7, 0x1F, 0x2E, 0x24, 0xFF, 0x00, 0xFF, 0xFF, 0x00,
		0xFF, 0xFF, 0x00, 0xFF, 0xFF, 0x00, 0xFF, 0xFF, 0x00, 0xFF, 0xFF, 0x00, 0xFF, 0xFF, 0x00, 0xFF,
		0xFF, 0x00, 0xFF, 0xFF, 0x00, 0xFF, 0xFF, 0x00, 0xFF, 0xFF, 0x00, 0xFF, 0xFF, 0x00, 0xFF, 0xFF,
		0x00, 0xFF, 0xFF, 0x00, 0xFF, 0xFF, 0x00, 0xFF, 0xFF, 0x00, 0xFF, 0xFF, 0x00, 0xFF, 0xFF, 0x00,
		0xFF, 0xFF, 0x00, 0xFF, 0x1F, 0x2E, 0x24, 0x61, 0xEA, 0x9B, 0x61, 0xEA, 0x9B, 0x61, 0xEA, 0x9B,
		0x61, 0xEA, 0x9B, 0x61, 0xEA, 0x9B, 0x61, 0xEA, 0x9B, 0x61, 0xEA, 0x9B, 0x61, 0xEA, 0x9B, 0x61,
		0xEA, 0x9B, 0x61, 0xEA, 0x9B, 0x61, 0xEA, 0x9B, 0x61, 0xEA, 0x9B, 0x61, 0xEA, 0x9B, 0x61, 0xEA,
		0x9B, 0x61, 0xEA, 0x9B, 0x61, 0xEA, 0x9B, 0x61, 0xEA, 0x9B, 0x1F, 0x2E, 0x24, 0xFF, 0x00, 0xFF,
		0xFF, 0x00, 0xFF, 0xFF, 0x00, 0xFF, 0xFF, 0x00, 0xFF, 0xFF, 0x00, 0xFF, 0xFF, 0x00, 0xFF, 0x4F,
		0x96, 0x6E, 0x6B, 0xE6, 0x9F, 0x6B, 0xE6, 0x9F, 0x15, 0x22, 0x17, 0x15, 0x22, 0x17, 0xC9, 0xAE,
		0x91, 0xC9, 0xAD, 0x91, 0xC9, 0xAE, 0x91, 0xCA, 0xAE, 0x91, 0xCA, 0xAD, 0x91, 0xC9, 0xAE, 0x91,
		0xCA, 0xAE, 0x92, 0xC9, 0xAE, 0x91, 0xCA, 0xAE, 0x91, 0xCA, 0xAE, 0x92, 0xC9, 0xAE, 0x91, 0xCA,
		0xAE, 0x92, 0xCA, 0xAE, 0x92, 0xC9, 0xAE, 0x91, 0xC9, 0xAD, 0x91, 0xCA, 0xAD, 0x92, 0xC9, 0xAE,
		0x91, 0x15, 0x22, 0x17, 0x15, 0x22, 0x17, 0x6B, 0xE6, 0x9F, 0x4F, 0x96, 0x6E, 0xFF, 0x00, 0xFF,
		0xFF, 0x00, 0xFF, 0xFF, 0x00, 0xFF, 0xFF, 0x00, 0xFF, 0xFF, 0x00, 0xFF, 0x6B, 0xE6, 0x9F, 0x6B,
		0xE6, 0x9F, 0x6B, 0xE6, 0x9F, 0x6B, 0xE6, 0x9F, 0x6B, 0xE6, 0x9F, 0x15, 0x22, 0x17, 0xFF, 0x00,
		0xFF, 0xFF, 0x00, 0xFF, 0x80, 0x80, 0x80, 0x85, 0xCB, 0xE5, 0x41, 0xA6, 0xCB, 0x41, 0xA6, 0xCB,
		0x41, 0xA6, 0xCB, 0x41, 0xA6, 0xCB, 0x41, 0xA6, 0xCB, 0x41, 0xA6, 0xCB, 0x41, 0xA6, 0xCB, 0x41,
		0xA6, 0xCB, 0x21, 0x2B, 0x2E, 0xFF, 0x00, 0xFF, 0xFF, 0x00, 0xFF, 0xFF, 0x00, 0xFF, 0x15, 0x22,
		0x17, 0x6B, 0xE6, 0x9F, 0x6B, 0xE6, 0x9F, 0x6B, 0xE6, 0x9F, 0x6B, 0xE6, 0x9F, 0x6B, 0xE6, 0x9F,
		0xFF, 0x00, 0xFF, 0xFF, 0x00, 0xFF, 0xFF, 0x00, 0xFF, 0xFF, 0x00, 0xFF, 0xFF, 0x00, 0xFF, 0xFF,
		0x00, 0xFF, 0xFF, 0x00, 0xFF, 0xFF, 0x00, 0xFF, 0xFF, 0x00, 0xFF, 0xFF, 0x00, 0xFF, 0x4F, 0x96,
		0x6E, 0x6B, 0xE6, 0x9F, 0x15, 0x22, 0x17, 0xFF, 0x00, 0xFF, 0xFF, 0x00, 0xFF, 0xFF, 0x00, 0xFF,
		0xFF, 0x00, 0xFF, 0xFF, 0x00, 0xFF, 0xFF, 0x00, 0xFF, 0xFF, 0x00, 0xFF, 0xFF, 0x00, 0xFF, 0xFF,
		0x00, 0xFF, 0xFF, 0x00, 0xFF, 0x15, 0x22, 0x17, 0x6B, 0xE6, 0x9F, 0x4F, 0x96, 0x6E, 0xFF, 0x00,
		0xFF, 0xFF, 0x00, 0xFF, 0xFF, 0x00, 0xFF, 0xFF, 0x00, 0xFF, 0xFF, 0x00, 0xFF, 0xFF, 0x00, 0xFF,
		0xFF, 0x00, 0xFF, 0xFF, 0x00, 0xFF, 0xFF, 0x00, 0xFF, 0xFF, 0x00, 0xFF, 0xFF, 0x00, 0xFF, 0xFF,
		0x00, 0xFF, 0xFF, 0x00, 0xFF, 0xFF, 0x00, 0xFF, 0xFF, 0x00, 0xFF, 0xFF, 0x00, 0xFF, 0xFF, 0x00,
		0xFF, 0xFF, 0x00, 0xFF, 0xFF, 0x00, 0xFF, 0xFF, 0x00, 0xFF, 0xFF, 0x00, 0xFF, 0xFF, 0x00, 0xFF,
		0xFF, 0x00, 0xFF, 0xFF, 0x00, 0xFF, 0xFF, 0x00, 0xFF, 0xFF, 0x00, 0xFF, 0xFF, 0x00, 0xFF, 0xFF,
		0x00, 0xFF, 0xFF, 0x00, 0xFF, 0xFF, 0x00, 0xFF, 0xFF, 0x00, 0xFF, 0xFF, 0x00, 0xFF, 0xFF, 0x00,
		0xFF, 0xFF, 0x00, 0xFF, 0xFF, 0x00, 0xFF, 0xFF, 0x00, 0xFF, 0xFF, 0x00, 0xFF, 0xFF, 0x00, 0xFF,
		0xFF, 0x00, 0xFF, 0xFF, 0x00, 0xFF, 0xFF, 0x00, 0xFF, 0xFF, 0x00, 0xFF, 0xFF, 0x00, 0xFF, 0xFF,
		0x00, 0xFF, 0xFF, 0x00, 0xFF, 0xFF, 0x00, 0xFF, 0xFF, 0x00, 0xFF, 0xFF, 0x00, 0xFF, 0xFF, 0x00,
		0xFF, 0xFF, 0x00, 0xFF, 0xFF, 0x00, 0xFF, 0xFF, 0x00, 0xFF, 0xFF, 0x00, 0xFF, 0xFF, 0x00, 0xFF,
		0xFF, 0x00, 0xFF, 0xFF, 0x00, 0xFF, 0xFF, 0x00, 0xFF, 0xFF, 0x00, 0xFF, 0xFF, 0x00, 0xFF, 0xFF,
		0x00, 0xFF, 0xFF, 0x00, 0xFF, 0xFF, 0x00, 0xFF, 0xFF, 0x00, 0xFF, 0xFF, 0x00, 0xFF, 0xFF, 0x00,
		0xFF, 0xFF, 0x00, 0xFF, 0xFF, 0x00, 0xFF, 0xFF, 0x00, 0xFF, 0xFF, 0x00, 0xFF, 0xFF, 0x00, 0xFF,
		0xFF, 0x00, 0xFF, 0xFF, 0x00, 0xFF, 0xFF, 0x00, 0xFF, 0xFF, 0x00, 0xFF, 0xFF, 0x00, 0xFF, 0xFF,
		0x00, 0xFF, 0xFF, 0x00, 0xFF, 0xFF, 0x00, 0xFF, 0x23, 0x30, 0x26, 0x5A, 0xD6, 0x8F, 0x61, 0xEA,
		0x9B, 0x61, 0xEA, 0x9B, 0x61, 0xEA, 0x9B, 0x61, 0xEA, 0x9B, 0x61, 0xEA, 0x9B, 0x61, 0xEA, 0x9B,
		0x61, 0xEA, 0x9B, 0x61, 0xEA, 0x9B, 0x61, 0xEA, 0x9B, 0x61, 0xEA, 0x9B, 0x61, 0xEA, 0x9B, 0x61,
		0xEA, 0x9B, 0x61, 0xEA, 0x9B, 0x61, 0xEA, 0x9B, 0x61, 0xEA, 0x9B, 0x61, 0xEA, 0x9B, 0x5A, 0xD6,
		0x8F, 0x23, 0x30, 0x26, 0xFF, 0x00, 0xFF, 0xFF, 0x00, 0xFF, 0xFF, 0x00, 0xFF, 0xFF, 0x00, 0xFF,
		0xFF, 0x00, 0xFF, 0xFF, 0x00, 0xFF, 0xFF, 0x00, 0xFF, 0xFF, 0x00, 0xFF, 0xFF, 0x00, 0xFF, 0xFF,
		0x00, 0xFF, 0xFF, 0x00, 0xFF, 0xFF, 0x00, 0xFF, 0x1F, 0x2E, 0x24, 0x61, 0xEA, 0x9B, 0x61, 0xEA,
		0x9B, 0x61, 0xEA, 0x9B, 0x61, 0xEA, 0x9B, 0x61, 0xEA, 0x9B, 0x61, 0xEA, 0x9B, 0x61, 0xEA, 0x9B,
		0x61, 0xEA, 0x9B, 0x61, 0xEA, 0x9B, 0x61, 0xEA, 0x9B, 0x61, 0xEA, 0x9B, 0x61, 0xEA, 0x9B, 0x61,
		0xEA, 0x9B, 0x61, 0xEA, 0x9B, 0x61, 0xEA, 0x9B, 0x61, 0xEA, 0x9B, 0x61, 0xEA, 0x9B, 0x61, 0xEA,
		0x9B, 0x1F, 0x2E, 0x24, 0xFF, 0x00, 0xFF, 0xFF, 0x00, 0xFF, 0xFF, 0x00, 0xFF, 0xFF, 0x00, 0xFF,
		0xFF, 0x00, 0xFF, 0xFF, 0x00, 0xFF, 0xFF, 0x00, 0xFF, 0xFF, 0x00, 0xFF, 0xFF, 0x00, 0xFF, 0xFF,
		0x00, 0xFF, 0xFF, 0x00, 0xFF, 0xFF, 0x00, 0xFF, 0xFF, 0x00, 0xFF, 0xFF, 0x00, 0xFF, 0xFF, 0x00,
		0xFF, 0xFF, 0x00, 0xFF, 0xFF, 0x00, 0xFF, 0xFF, 0x00, 0xFF, 0xFF, 0x00, 0xFF, 0xFF, 0x00, 0xFF,
		0xFF, 0x00, 0xFF, 0xFF, 0x00, 0xFF, 0xFF, 0x00, 0xFF, 0xFF, 0x00, 0xFF, 0xFF, 0x00, 0xFF, 0xFF,
		0x00, 0xFF, 0xFF, 0x00, 0xFF, 0xFF, 0x00, 0xFF, 0xFF, 0x00, 0xFF, 0xFF, 0x00, 0xFF, 0x5A, 0x92,
		0x72, 0x7D, 0xDF, 0xA7, 0x1F, 0x2E, 0x24, 0xFF, 0x00, 0xFF, 0xFF, 0x00, 0xFF, 0xFF, 0x00, 0xFF,
		0xFF, 0x00, 0xFF, 0xFF, 0x00, 0xFF, 0xFF, 0x00, 0xFF, 0xFF, 0x00, 0xFF, 0xFF, 0x00, 0xFF, 0xFF,
		0x00, 0xFF, 0xFF, 0x00, 0xFF, 0xFF, 0x00, 0xFF, 0xFF, 0x00, 0xFF, 0xFF, 0x00, 0xFF, 0xFF, 0x00,
		0xFF, 0xFF, 0x00, 0xFF, 0xFF, 0x00, 0xFF, 0xFF, 0x00, 0xFF, 0xFF, 0x00, 0xFF, 0xFF, 0x00, 0xFF,
		0xFF, 0x00, 0xFF, 0xFF, 0x00, 0xFF, 0xFF, 0x00, 0xFF, 0xFF, 0x00, 0xFF, 0xFF, 0x00, 0xFF, 0xFF,
		0x00, 0xFF, 0xFF, 0x00, 0xFF, 0xFF, 0x00, 0xFF, 0xFF, 0x00, 0xFF, 0xFF, 0x00, 0xFF, 0x5A, 0x92,
		0x72, 0x7D, 0xDF, 0xA7, 0x1F, 0x2E, 0x24, 0xFF, 0x00, 0xFF, 0xFF, 0x00, 0xFF, 0xFF, 0x00, 0xFF,
		0xFF, 0x00, 0xFF, 0xFF, 0x00, 0xFF, 0xFF, 0x00, 0xFF, 0xFF, 0x00, 0xFF, 0xFF, 0x00, 0xFF, 0xFF,
		0x00, 0xFF, 0xFF, 0x00, 0xFF, 0xFF, 0x00, 0xFF, 0xFF, 0x00, 0xFF, 0xFF, 0x00, 0xFF, 0xFF, 0x00,
		0xFF, 0xFF, 0x00, 0xFF, 0xFF, 0x00, 0xFF, 0xFF, 0x00, 0xFF, 0xFF, 0x00, 0xFF, 0xFF, 0x00, 0xFF,
		0xFF, 0x00, 0xFF, 0xFF, 0x00, 0xFF, 0xFF, 0x00, 0xFF, 0xFF, 0x00, 0xFF, 0xFF, 0x00, 0xFF, 0xFF,
		0x00, 0xFF, 0xFF, 0x00, 0xFF, 0xFF, 0x00, 0xFF, 0x5A, 0x92, 0x72, 0x7D, 0xDF, 0xA7, 0x1F, 0x2E,
		0x24, 0xFF, 0x00, 0xFF, 0xFF, 0x00, 0xFF, 0xFF, 0x00, 0xFF, 0xFF, 0x00, 0xFF, 0xFF, 0x00, 0xFF,
		0xFF, 0x00, 0xFF, 0xFF, 0x00, 0xFF, 0xFF, 0x00, 0xFF, 0xFF, 0x00, 0xFF, 0xFF, 0x00, 0xFF, 0xFF,
		0x00, 0xFF, 0xFF, 0x00, 0xFF, 0xFF, 0x00, 0xFF, 0xFF, 0x00, 0xFF, 0xFF, 0x00, 0xFF, 0xFF, 0x00,
		0xFF, 0xFF, 0x00, 0xFF, 0xFF, 0x00, 0xFF, 0xFF, 0x00, 0xFF, 0xFF, 0x00, 0xFF, 0xFF, 0x00, 0xFF,
		0xFF, 0x00, 0xFF, 0xFF, 0x00, 0xFF, 0xFF, 0x00, 0xFF, 0xFF, 0x00, 0xFF, 0xFF, 0x00, 0xFF, 0xFF,
		0x00, 0xFF, 0x5A, 0x92, 0x72, 0x7D, 0xDF, 0xA7, 0x1F, 0x2E, 0x24, 0xFF, 0x00, 0xFF, 0xFF, 0x00,
		0xFF, 0xFF, 0x00, 0xFF, 0xFF, 0x00, 0xFF, 0xFF, 0x00, 0xFF, 0xFF, 0x00, 0xFF, 0xFF, 0x00, 0xFF,
		0xFF, 0x00, 0xFF, 0xFF, 0x00, 0xFF, 0xFF, 0x00, 0xFF, 0xFF, 0x00, 0xFF, 0xFF, 0x00, 0xFF, 0xFF,
		0x00, 0xFF, 0xFF, 0x00, 0xFF, 0xFF, 0x00, 0xFF, 0xFF, 0x00, 0xFF, 0xFF, 0x00, 0xFF, 0xFF, 0x00,
		0xFF, 0xFF, 0x00, 0xFF, 0xFF, 0x00, 0xFF, 0xFF, 0x00, 0xFF, 0x76, 0x6E, 0x59, 0x2F, 0x52, 0x3B,
		0x4D, 0xB0, 0x77, 0x61, 0xE8, 0x9A, 0x61, 0xEA, 0x9B, 0x61, 0xEA, 0x9B, 0x61, 0xEA, 0x9B, 0x61,
		0xEA, 0x9B, 0x61, 0xEA, 0x9B, 0x61, 0xEA, 0x9B, 0x61, 0xEA, 0x9B, 0x61, 0xE8, 0x9A, 0x4D, 0xB0,
		0x77, 0x2F, 0x52, 0x3B, 0x76, 0x6E, 0x59, 0xFF, 0x00, 0xFF, 0xFF, 0x00, 0xFF, 0xFF, 0x00, 0xFF,
		0xFF, 0x00, 0xFF, 0xFF, 0x00, 0xFF, 0xFF, 0x00, 0xFF, 0xFF, 0x00, 0xFF, 0xFF, 0x00, 0xFF, 0xFF,
		0x00, 0xFF, 0xFF, 0x00, 0xFF, 0xFF, 0x00, 0xFF, 0xFF, 0x00, 0xFF, 0xFF, 0x00, 0xFF, 0xFF, 0x00,
		0xFF, 0xFF, 0x00, 0xFF, 0xFF, 0x00, 0xFF, 0xFF, 0x00, 0xFF, 0xFF, 0x00, 0xFF, 0xFF, 0x00, 0xFF,
		0xFF, 0x00, 0xFF, 0xFF, 0x00, 0xFF, 0xFF, 0x00, 0xFF, 0xFF, 0x00, 0xFF, 0xFF, 0x00, 0xFF, 0xFF,
		0x00, 0xFF, 0xFF, 0x00, 0xFF, 0xFF, 0x00, 0xFF, 0xFF, 0x00, 0xFF, 0xFF, 0x00, 0xFF, 0x5A, 0x92,
		0x72, 0x7D, 0xDF, 0xA7, 0x1F, 0x2E, 0x24, 0xFF, 0x00, 0xFF, 0xFF, 0x00, 0xFF, 0xFF, 0x00, 0xFF,
		0xFF, 0x00, 0xFF, 0xFF, 0x00, 0xFF, 0xFF, 0x00, 0xFF, 0xFF, 0x00, 0xFF, 0xFF, 0x00, 0xFF, 0xFF,
		0x00, 0xFF, 0xFF, 0x00, 0xFF, 0xFF, 0x00, 0xFF, 0xFF, 0x00, 0xFF, 0xFF, 0x00, 0xFF, 0xFF, 0x00,
		0xFF, 0xFF, 0x00, 0xFF, 0xFF, 0x00, 0xFF, 0xFF, 0x00, 0xFF, 0xFF, 0x00, 0xFF, 0xFF, 0x00, 0xFF,
		0xFF, 0x00, 0xFF, 0xFF, 0x00, 0xFF, 0xFF, 0x00, 0xFF, 0xFF, 0x00, 0xFF, 0xFF, 0x00, 0xFF, 0xFF,
		0x00, 0xFF, 0xFF, 0x00, 0xFF, 0xFF, 0x00, 0xFF, 0xFF, 0x00, 0xFF, 0xFF, 0x00, 0xFF, 0x5A, 0x92,
		0x72, 0x7D, 0xDF, 0xA7, 0x1F, 0x2E, 0x24, 0xFF, 0x00, 0xFF, 0xFF, 0x00, 0xFF, 0xFF, 0x00, 0xFF,
		0xFF, 0x00, 0xFF, 0xFF, 0x00, 0xFF, 0xFF, 0x00, 0xFF, 0xFF, 0x00, 0xFF, 0xFF, 0x00, 0xFF, 0xFF,
		0x00, 0xFF, 0xFF, 0x00, 0xFF, 0xFF, 0x00, 0xFF, 0xFF, 0x00, 0xFF, 0xFF, 0x00, 0xFF, 0xFF, 0x00,
		0xFF, 0xFF, 0x00, 0xFF, 0xFF, 0x00, 0xFF, 0xFF, 0x00, 0xFF, 0xFF, 0x00, 0xFF, 0xFF, 0x00, 0xFF,
		0xFF, 0x00, 0xFF, 0xFF, 0x00, 0xFF, 0xFF, 0x00, 0xFF, 0xFF, 0x00, 0xFF, 0xFF, 0x00, 0xFF, 0xFF,
		0x00, 0xFF, 0xFF, 0x00, 0xFF, 0xFF, 0x00, 0xFF, 0x5A, 0x92, 0x72, 0x7D, 0xDF, 0xA7, 0x1F, 0x2E,
		0x24, 0xFF, 0x00, 0xFF, 0xFF, 0x00, 0xFF, 0xFF, 0x00, 0xFF, 0xFF, 0x00, 0xFF, 0xFF, 0x00, 0xFF,
		0xFF, 0x00, 0xFF, 0xFF, 0x00, 0xFF, 0xFF, 0x00, 0xFF, 0xFF, 0x00, 0xFF, 0xFF, 0x00, 0xFF, 0xFF,
		0x00, 0xFF, 0xFF, 0x00, 0xFF, 0xFF, 0x00, 0xFF, 0xFF, 0x00, 0xFF, 0xFF, 0x00, 0xFF, 0xFF, 0x00,
		0xFF, 0xFF, 0x00, 0xFF, 0xFF, 0x00, 0xFF, 0xFF, 0x00, 0xFF, 0xFF, 0x00, 0xFF, 0xFF, 0x00, 0xFF,
		0xFF, 0x00, 0xFF, 0xFF, 0x00, 0xFF, 0xFF, 0x00, 0xFF, 0xFF, 0x00, 0xFF, 0xFF, 0x00, 0xFF, 0xFF,
		0x00, 0xFF, 0x5A, 0x92, 0x72, 0x7D, 0xDF, 0xA7, 0x1F, 0x2E, 0x24, 0xFF, 0x00, 0xFF, 0xFF, 0x00,
		0xFF, 0xFF, 0x00, 0xFF, 0xFF, 0x00, 0xFF, 0xFF, 0x00, 0xFF, 0xFF, 0x00, 0xFF, 0xFF, 0x00, 0xFF,
		0xFF, 0x00, 0xFF, 0xFF, 0x00, 0xFF, 0xFF, 0x00, 0xFF, 0xFF, 0x00, 0xFF, 0xFF, 0x00, 0xFF, 0xFF,
		0x00, 0xFF, 0xFF, 0x00, 0xFF, 0xFF, 0x00, 0xFF, 0xFF, 0x00, 0xFF, 0xFF, 0x00, 0xFF, 0xFF, 0x00,
		0xFF, 0xFF, 0x00, 0xFF, 0x1F, 0x2E, 0x24, 0x61, 0xEA, 0x9B, 0x61, 0xEA, 0x9B, 0x61, 0xEA, 0x9B,
		0x61, 0xEA, 0x9B, 0x61, 0xEA, 0x9B, 0x61, 0xEA, 0x9B, 0x61, 0xEA, 0x9B, 0x61, 0xEA, 0x9B, 0x61,
		0xEA, 0x9B, 0x61, 0xEA, 0x9B, 0x61, 0xEA, 0x9B, 0x61, 0xEA, 0x9B, 0x61, 0xEA, 0x9B, 0x61, 0xEA,
		0x9B, 0x61, 0xEA, 0x9B, 0x61, 0xEA, 0x9B, 0x61, 0xEA, 0x9B, 0x1F, 0x2E, 0x24, 0xFF, 0x00, 0xFF,
		0xFF, 0x00, 0xFF, 0xFF, 0x00, 0xFF, 0xFF, 0x00, 0xFF, 0xFF, 0x00, 0xFF, 0xFF, 0x00, 0xFF, 0xFF,
		0x00, 0xFF, 0x4F, 0x96, 0x6E, 0x4F, 0x96, 0x6E, 0x6B, 0xE6, 0x9F, 0x6B, 0xE6, 0x9F, 0x15, 0x22,
		0x17, 0x15, 0x22, 0x17, 0x15, 0x22, 0x17, 0xC6, 0xA9, 0x8B, 0xC6, 0xA8, 0x8B, 0xC6, 0xA9, 0x8B,
		0xC6, 0xA8, 0x8A, 0x21, 0x2B, 0x2E, 0xC6, 0xA9, 0x8B, 0xC6, 0xA9, 0x8B, 0xC6, 0xA9, 0x8B, 0xC6,
		0xA8, 0x8A, 0xC6, 0xA9, 0x8B, 0xC6, 0xA9, 0x8B, 0xC6, 0xA9, 0x8B, 0x15, 0x22, 0x17, 0x15, 0x22,
		0x17, 0x6B, 0xE6, 0x9F, 0x4F, 0x96, 0x6E, 0x4F, 0x96, 0x6E, 0xFF, 0x00, 0xFF, 0xFF, 0x00, 0xFF,
		0xFF, 0x00, 0xFF, 0xFF, 0x00, 0xFF, 0xFF, 0x00, 0xFF, 0xFF, 0x00, 0xFF, 0x4F, 0x96, 0x6E, 0x4F,
		0x96, 0x6E, 0x4F, 0x96, 0x6E, 0x4F, 0x96, 0x6E, 0x4F, 0x96, 0x6E, 0x6B, 0xE6, 0x9F, 0x15, 0x22,
		0x17, 0xFF, 0x00, 0xFF, 0xFF, 0x00, 0xFF, 0x80, 0x80, 0x80, 0x85, 0xCB, 0xE5, 0x41, 0xA6, 0xCB,
		0x41, 0xA6, 0xCB, 0x41, 0xA6, 0xCB, 0x41, 0xA6, 0xCB, 0x41, 0xA6, 0xCB, 0x41, 0xA6, 0xCB, 0x21,
		0x2B, 0x2E, 0xFF, 0x00, 0xFF, 0xFF, 0x00, 0xFF, 0xFF, 0x00, 0xFF, 0x15, 0x22, 0x17, 0x6B, 0xE6,
		0x9F, 0x4F, 0x96, 0x6E, 0x4F, 0x96, 0x6E, 0x4F, 0x96, 0x6E, 0x4F, 0x96, 0x6E, 0x4F, 0x96, 0x6E,
		0xFF, 0x00, 0xFF, 0xFF, 0x00, 0xFF, 0xFF, 0x00, 0xFF, 0xFF, 0x00, 0xFF, 0xFF, 0x00, 0xFF, 0xFF,
		0x00, 0xFF, 0xFF, 0x00, 0xFF, 0xFF, 0x00, 0xFF, 0xFF, 0x00, 0xFF, 0xFF, 0x00, 0xFF, 0x4F, 0x96,
		0x6E, 0x6B, 0xE6, 0x9F, 0x15, 0x22, 0x17, 0xFF, 0x00, 0xFF, 0xFF, 0x00, 0xFF, 0xFF, 0x00, 0xFF,
		0xFF, 0x00, 0xFF, 0x21, 0x2B, 0x2E, 0xFF, 0x00, 0xFF, 0xFF, 0x00, 0xFF, 0xFF, 0x00, 0xFF, 0xFF,
		0x00, 0xFF, 0xFF, 0x00, 0xFF, 0x15, 0x22, 0x17, 0x6B, 0xE6, 0x9F, 0x4F, 0x96, 0x6E, 0xFF, 0x00,
		0xFF, 0xFF, 0x00, 0xFF, 0xFF, 0x00, 0xFF, 0xFF, 0x00, 0xFF, 0xFF, 0x00, 0xFF, 0xFF, 0x00, 0xFF,
		0xFF, 0x00, 0xFF, 0xFF, 0x00, 0xFF, 0xFF, 0x00, 0xFF, 0xFF, 0x00, 0xFF, 0xFF, 0x00, 0xFF, 0xFF,
		0x00, 0xFF, 0xFF, 0x00, 0xFF, 0xFF, 0x00, 0xFF, 0xFF, 0x00, 0xFF, 0xFF, 0x00, 0xFF, 0xFF, 0x00,
		0xFF, 0xFF, 0x00, 0xFF, 0xFF, 0x00, 0xFF, 0xFF, 0x00, 0xFF, 0xFF, 0x00, 0xFF, 0xFF, 0x00, 0xFF,
		0xFF, 0x00, 0xFF, 0x21, 0x2B, 0x2E, 0xFF, 0x00, 0xFF, 0xFF, 0x00, 0xFF, 0xFF, 0x00, 0xFF, 0xFF,
		0x00, 0xFF, 0xFF, 0x00, 0xFF, 0xFF, 0x00, 0xFF, 0xFF, 0x00, 0xFF, 0xFF, 0x00, 0xFF, 0xFF, 0x00,
		0xFF, 0xFF, 0x00, 0xFF, 0xFF, 0x00, 0xFF, 0xFF, 0x00, 0xFF, 0xFF, 0x00, 0xFF, 0xFF, 0x00, 0xFF,
		0xFF, 0x00, 0xFF, 0xFF, 0x00, 0xFF, 0xFF, 0x00, 0xFF, 0xFF, 0x00, 0xFF, 0xFF, 0x00, 0xFF, 0xFF,
		0x00, 0xFF, 0xFF, 0x00, 0xFF, 0xFF, 0x00, 0xFF, 0xFF, 0x00, 0xFF, 0xFF, 0x00, 0xFF, 0xFF, 0x00,
		0xFF, 0xFF, 0x00, 0xFF, 0xFF, 0x00, 0xFF, 0xFF, 0x00, 0xFF, 0xFF, 0x00, 0xFF, 0xFF, 0x00, 0xFF,
		0xFF, 0x00, 0xFF, 0x21, 0x2B, 0x2E, 0xFF, 0x00, 0xFF, 0xFF, 0x00, 0xFF, 0xFF, 0x00, 0xFF, 0xFF,
		0x00, 0xFF, 0xFF, 0x00, 0xFF, 0xFF, 0x00, 0xFF, 0xFF, 0x00, 0xFF, 0xFF, 0x00, 0xFF, 0xFF, 0x00,
		0xFF, 0xFF, 0x00, 0xFF, 0xFF, 0x00, 0xFF, 0xFF, 0x00, 0xFF, 0xFF, 0x00, 0xFF, 0xFF, 0x00, 0xFF,
		0xFF, 0x00, 0xFF, 0xFF, 0x00, 0xFF, 0xFF, 0x00, 0xFF, 0xFF, 0x00, 0xFF, 0xFF, 0x00, 0xFF, 0xFF,
		0x00, 0xFF, 0xFF, 0x00, 0xFF, 0xFF, 0x00, 0xFF, 0x1F, 0x2E, 0x24, 0x61, 0xE8, 0x9A, 0x61, 0xEA,
		0x9B, 0x61, 0xEA, 0x9B, 0x61, 0xEA, 0x9B, 0x61, 0xEA, 0x9B, 0x61, 0xEA, 0x9B, 0x61, 0xEA, 0x9B,
		0x61, 0xEA, 0x9B, 0x61, 0xEA, 0x9B, 0x61, 0xEA, 0x9B, 0x61, 0xEA, 0x9B, 0x61, 0xEA, 0x9B, 0x61,
		0xEA, 0x9B, 0x61, 0xEA, 0x9B, 0x61, 0xEA, 0x9B, 0x61, 0xEA, 0x9B, 0x61, 0xEA, 0x9B, 0x61, 0xE8,
		0x9A, 0x1F, 0x2E, 0x24, 0xFF, 0x00, 0xFF, 0xFF, 0x00, 0xFF, 0xFF, 0x00, 0xFF, 0xFF, 0x00, 0xFF,
		0xFF, 0x00, 0xFF, 0xFF, 0x00, 0xFF, 0xFF, 0x00, 0xFF, 0xFF, 0x00, 0xFF, 0xFF, 0x00, 0xFF, 0xFF,
		0x00, 0xFF, 0xFF, 0x00, 0xFF, 0xFF, 0x00, 0xFF, 0x1F, 0x2E, 0x24, 0x61, 0xEA, 0x9B, 0x61, 0xEA,
		0x9B, 0x61, 0xEA, 0x9B, 0x61, 0xEA, 0x9B, 0x61, 0xEA, 0x9B, 0x61, 0xEA, 0x9B, 0x61, 0xEA, 0x9B,
		0x61, 0xEA, 0x9B, 0x61, 0xEA, 0x9B, 0x61, 0xEA, 0x9B, 0x61, 0xEA, 0x9B, 0x61, 0xEA, 0x9B, 0x61,
		0xEA, 0x9B, 0x61, 0xEA, 0x9B, 0x61, 0xEA, 0x9B, 0x61, 0xEA, 0x9B, 0x61, 0xEA, 0x9B, 0x61, 0xEA,
		0x9B, 0x1F, 0x2E, 0x24, 0xFF, 0x00, 0xFF, 0xFF, 0x00, 0xFF, 0xFF, 0x00, 0xFF, 0xFF, 0x00, 0xFF,
		0xFF, 0x00, 0xFF, 0xFF, 0x00, 0xFF, 0xFF, 0x00, 0xFF, 0xFF, 0x00, 0xFF, 0xFF, 0x00, 0xFF, 0xFF,
		0x00, 0xFF, 0xFF, 0x00, 0xFF, 0xFF, 0x00, 0xFF, 0xFF, 0x00, 0xFF, 0xFF, 0x00, 0xFF, 0xFF, 0x00,
		0xFF, 0xFF, 0x00, 0xFF, 0xFF, 0x00, 0xFF, 0xFF, 0x00, 0xFF, 0xFF, 0x00, 0xFF, 0xFF, 0x00, 0xFF,
		0xFF, 0x00, 0xFF, 0xFF, 0x00, 0xFF, 0xFF, 0x00, 0xFF, 0xFF, 0x00, 0xFF, 0xFF, 0x00, 0xFF, 0xFF,
		0x00, 0xFF, 0xFF, 0x00, 0xFF, 0xFF, 0x00, 0xFF, 0xFF, 0x00, 0xFF, 0xFF, 0x00, 0xFF, 0x5A, 0x92,
		0x72, 0x7D, 0xDF, 0xA7, 0x1F, 0x2E, 0x24, 0xFF, 0x00, 0xFF, 0xFF, 0x00, 0xFF, 0xFF, 0x00, 0xFF,
		0xFF, 0x00, 0xFF, 0xFF, 0x00, 0xFF, 0xFF, 0x00, 0xFF, 0xFF, 0x00, 0xFF, 0xFF, 0x00, 0xFF, 0xFF,
		0x00, 0xFF, 0xFF, 0x00, 0xFF, 0xFF, 0x00, 0xFF, 0xFF, 0x00, 0xFF, 0xFF, 0x00, 0xFF, 0xFF, 0x00,
		0xFF, 0xFF, 0x00, 0xFF, 0xFF, 0x00, 0xFF, 0xFF, 0x00, 0xFF, 0xFF, 0x00, 0xFF, 0xFF, 0x00, 0xFF,
		0xFF, 0x00, 0xFF, 0xFF, 0x00, 0xFF, 0xFF, 0x00, 0xFF, 0xFF, 0x00, 0xFF, 0xFF, 0x00, 0xFF, 0xFF,
		0x00, 0xFF, 0xFF, 0x00, 0xFF, 0xFF, 0x00, 0xFF, 0xFF, 0x00, 0xFF, 0xFF, 0x00, 0xFF, 0x5A, 0x92,
		0x72, 0x7D, 0xDF, 0xA7, 0x1F, 0x2E, 0x24, 0xFF, 0x00, 0xFF, 0xFF, 0x00, 0xFF, 0xFF, 0x00, 0xFF,
		0xFF, 0x00, 0xFF, 0xFF, 0x00, 0xFF, 0xFF, 0x00, 0xFF, 0xFF, 0x00, 0xFF, 0xFF, 0x00, 0xFF, 0xFF,
		0x00, 0xFF, 0xFF, 0x00, 0xFF, 0xFF, 0x00, 0xFF, 0xFF, 0x00, 0xFF, 0xFF, 0x00, 0xFF, 0xFF, 0x00,
		0xFF, 0xFF, 0x00, 0xFF, 0xFF, 0x00, 0xFF, 0xFF, 0x00, 0xFF, 0xFF, 0x00, 0xFF, 0xFF, 0x00, 0xFF,
		0xFF, 0x00, 0xFF, 0xFF, 0x00, 0xFF, 0xFF, 0x00, 0xFF, 0xFF, 0x00, 0xFF, 0xFF, 0x00, 0xFF, 0xFF,
		0x00, 0xFF, 0xFF, 0x00, 0xFF, 0xFF, 0x00, 0xFF, 0x5A, 0x92, 0x72, 0x7D, 0xDF, 0xA7, 0x1F, 0x2E,
		0x24, 0xFF, 0x00, 0xFF, 0xFF, 0x00, 0xFF, 0xFF, 0x00, 0xFF, 0xFF, 0x00, 0xFF, 0xFF, 0x00, 0xFF,
		0xFF, 0x00, 0xFF, 0xFF, 0x00, 0xFF, 0xFF, 0x00, 0xFF, 0xFF, 0x00, 0xFF, 0xFF, 0x00, 0xFF, 0xFF,
		0x00, 0xFF, 0xFF, 0x00, 0xFF, 0xFF, 0x00, 0xFF, 0xFF, 0x00, 0xFF, 0xFF, 0x00, 0xFF, 0xFF, 0x00,
		0xFF, 0xFF, 0x00, 0xFF, 0xFF, 0x00, 0xFF, 0xFF, 0x00, 0xFF, 0xFF, 0x00, 0xFF, 0xFF, 0x00, 0xFF,
		0xFF, 0x00, 0xFF, 0xFF, 0x00, 0xFF, 0xFF, 0x00, 0xFF, 0xFF, 0x00, 0xFF, 0xFF, 0x00, 0xFF, 0xFF,
		0x00, 0xFF, 0x5A, 0x92, 0x72, 0x7D, 0xDF, 0xA7, 0x1F, 0x2E, 0x24, 0xFF, 0x00, 0xFF, 0xFF, 0x00,
		0xFF, 0xFF, 0x00, 0xFF, 0xFF, 0x00, 0xFF, 0xFF, 0x00, 0xFF, 0xFF, 0x00, 0xFF, 0xFF, 0x00, 0xFF,
		0xFF, 0x00, 0xFF, 0xFF, 0x00, 0xFF, 0xFF, 0x00, 0xFF, 0xFF, 0x00, 0xFF, 0xFF, 0x00, 0xFF, 0xFF,
		0x00, 0xFF, 0xFF, 0x00, 0xFF, 0xFF, 0x00, 0xFF, 0xFF, 0x00, 0xFF, 0xFF, 0x00, 0xFF, 0xFF, 0x00,
		0xFF, 0xFF, 0x00, 0xFF, 0xFF, 0x00, 0xFF, 0x8D, 0x7E, 0x65, 0x2F, 0x51, 0x3B, 0x58, 0xD1, 0x8C,
		0x61, 0xEA, 0x9B, 0x61, 0xEA, 0x9B, 0x61, 0xEA, 0x9B, 0x61, 0xEA, 0x9B, 0x61, 0xEA, 0x9B, 0x61,
		0xEA, 0x9B, 0x61, 0xEA, 0x9B, 0x61, 0xEA, 0x9B, 0x61, 0xEA, 0x9B, 0x61, 0xEA, 0x9B, 0x61, 0xEA,
		0x9B, 0x58, 0xD1, 0x8C, 0x2F, 0x51, 0x3B, 0x8D, 0x7E, 0x65, 0xFF, 0x00, 0xFF, 0xFF, 0x00, 0xFF,
		0xFF, 0x00, 0xFF, 0xFF, 0x00, 0xFF, 0xFF, 0x00, 0xFF, 0xFF, 0x00, 0xFF, 0xFF, 0x00, 0xFF, 0xFF,
		0x00, 0xFF, 0xFF, 0x00, 0xFF, 0xFF, 0x00, 0xFF, 0xFF, 0x00, 0xFF, 0xFF, 0x00, 0xFF, 0xFF, 0x00,
		0xFF, 0xFF, 0x00, 0xFF, 0xFF, 0x00, 0xFF, 0xFF, 0x00, 0xFF, 0xFF, 0x00, 0xFF, 0xFF, 0x00, 0xFF,
		0xFF, 0x00, 0xFF, 0xFF, 0x00, 0xFF, 0xFF, 0x00, 0xFF, 0xFF, 0x00, 0xFF, 0xFF, 0x00, 0xFF, 0xFF,
		0x00, 0xFF, 0xFF, 0x00, 0xFF, 0xFF, 0x00, 0xFF, 0xFF, 0x00, 0xFF, 0xFF, 0x00, 0xFF, 0x5A, 0x92,
		0x72, 0x7D, 0xDF, 0xA7, 0x1F, 0x2E, 0x24, 0xFF, 0x00, 0xFF, 0xFF, 0x00, 0xFF, 0xFF, 0x00, 0xFF,
		0xFF, 0x00, 0xFF, 0xFF, 0x00, 0xFF, 0xFF, 0x00, 0xFF, 0xFF, 0x00, 0xFF, 0xFF, 0x00, 0xFF, 0xFF,
		0x00, 0xFF, 0xFF, 0x00, 0xFF, 0xFF, 0x00, 0xFF, 0xFF, 0x00, 0xFF, 0xFF, 0x00, 0xFF, 0xFF, 0x00,
		0xFF, 0xFF, 0x00, 0xFF, 0xFF, 0x00, 0xFF, 0xFF, 0x00, 0xFF, 0xFF, 0x00, 0xFF, 0xFF, 0x00, 0xFF,
		0xFF, 0x00, 0xFF, 0xFF, 0x00, 0xFF, 0xFF, 0x00, 0xFF, 0xFF, 0x00, 0xFF, 0xFF, 0x00, 0xFF, 0xFF,
		0x00, 0xFF, 0xFF, 0x00, 0xFF, 0xFF, 0x00, 0xFF, 0xFF, 0x00, 0xFF, 0xFF, 0x00, 0xFF, 0x5A, 0x92,
		0x72, 0x7D, 0xDF, 0xA7, 0x1F, 0x2E, 0x24, 0xFF, 0x00, 0xFF, 0xFF, 0x00, 0xFF, 0xFF, 0x00, 0xFF,
		0xFF, 0x00, 0xFF, 0xFF, 0x00, 0xFF, 0xFF, 0x00, 0xFF, 0xFF, 0x00, 0xFF, 0xFF, 0x00, 0xFF, 0xFF,
		0x00, 0xFF, 0xFF, 0x00, 0xFF, 0xFF, 0x00, 0xFF, 0xFF, 0x00, 0xFF, 0xFF, 0x00, 0xFF, 0xFF, 0x00,
		0xFF, 0xFF, 0x00, 0xFF, 0xFF, 0x00, 0xFF, 0xFF, 0x00, 0xFF, 0xFF, 0x00, 0xFF, 0xFF, 0x00, 0xFF,
		0xFF, 0x00, 0xFF, 0xFF, 0x00, 0xFF, 0xFF, 0x00, 0xFF, 0xFF, 0x00, 0xFF, 0xFF, 0x00, 0xFF, 0xFF,
		0x00, 0xFF, 0xFF, 0x00, 0xFF, 0xFF, 0x00, 0xFF, 0x5A, 0x92, 0x72, 0x7D, 0xDF, 0xA7, 0x1F, 0x2E,
		0x24, 0xFF, 0x00, 0xFF, 0xFF, 0x00, 0xFF, 0xFF, 0x00, 0xFF, 0xFF, 0x00, 0xFF, 0xFF, 0x00, 0xFF,
		0xFF, 0x00, 0xFF, 0xFF, 0x00, 0xFF, 0xFF, 0x00, 0xFF, 0xFF, 0x00, 0xFF, 0xFF, 0x00, 0xFF, 0xFF,
		0x00, 0xFF, 0xFF, 0x00, 0xFF, 0xFF, 0x00, 0xFF, 0xFF, 0x00, 0xFF, 0xFF, 0x00, 0xFF, 0xFF, 0x00,
		0xFF, 0xFF, 0x00, 0xFF, 0xFF, 0x00, 0xFF, 0xFF, 0x00, 0xFF, 0xFF, 0x00, 0xFF, 0xFF, 0x00, 0xFF,
		0xFF, 0x00, 0xFF, 0xFF, 0x00, 0xFF, 0xFF, 0x00, 0xFF, 0xFF, 0x00, 0xFF, 0xFF, 0x00, 0xFF, 0xFF,
		0x00, 0xFF, 0x5A, 0x92, 0x72, 0x7D, 0xDF, 0xA7, 0x1F, 0x2E, 0x24, 0xFF, 0x00, 0xFF, 0xFF, 0x00,
		0xFF, 0xFF, 0x00, 0xFF, 0xFF, 0x00, 0xFF, 0xFF, 0x00, 0xFF, 0xFF, 0x00, 0xFF, 0xFF, 0x00, 0xFF,
		0xFF, 0x00, 0xFF, 0xFF, 0x00, 0xFF, 0xFF, 0x00, 0xFF, 0xFF, 0x00, 0xFF, 0xFF, 0x00, 0xFF, 0xFF,
		0x00, 0xFF, 0xFF, 0x00, 0xFF, 0xFF, 0x00, 0xFF, 0xFF, 0x00, 0xFF, 0xFF, 0x00, 0xFF, 0xFF, 0x00,
		0xFF, 0xFF, 0x00, 0xFF, 0x1F, 0x2E, 0x24, 0x61, 0xEA, 0x9B, 0x61, 0xEA, 0x9B, 0x61, 0xEA, 0x9B,
		0x61, 0xEA, 0x9B, 0x61, 0xEA, 0x9B, 0x61, 0xEA, 0x9B, 0x61, 0xEA, 0x9B, 0x61, 0xEA, 0x9B, 0x61,
		0xEA, 0x9B, 0x61, 0xEA, 0x9B, 0x61, 0xEA, 0x9B, 0x61, 0xEA, 0x9B, 0x61, 0xEA, 0x9B, 0x61, 0xEA,
		0x9B, 0x61, 0xEA, 0x9B, 0x61, 0xEA, 0x9B, 0x61, 0xEA, 0x9B, 0x1F, 0x2E, 0x24, 0xFF, 0x00, 0xFF,
		0xFF, 0x00, 0xFF, 0xFF, 0x00, 0xFF, 0xFF, 0x00, 0xFF, 0xFF, 0x00, 0xFF, 0xFF, 0x00, 0xFF, 0xFF,
		0x00, 0xFF, 0xFF, 0x00, 0xFF, 0xFF, 0x00, 0xFF, 0x4F, 0x96, 0x6E, 0x4F, 0x96, 0x6E, 0x6B, 0xE6,
		0x9F, 0x6B, 0xE6, 0x9F, 0x6B, 0xE6, 0x9F, 0x15, 0x22, 0x17, 0x15, 0x22, 0x17, 0x15, 0x22, 0x17,
		0x80, 0x80, 0x80, 0x85, 0xCB, 0xE5, 0x21, 0x2B, 0x2E, 0xC2, 0xA3, 0x85, 0xC2, 0xA4, 0x85, 0xC2,
		0xA4, 0x85, 0xC2, 0xA4, 0x85, 0x15, 0x22, 0x17, 0x15, 0x22, 0x17, 0x6B, 0xE6, 0x9F, 0x4F, 0x96,
		0x6E, 0x4F, 0x96, 0x6E, 0xFF, 0x00, 0xFF, 0xFF, 0x00, 0xFF, 0xFF, 0x00, 0xFF, 0xFF, 0x00, 0xFF,
		0xFF, 0x00, 0xFF, 0xFF, 0x00, 0xFF, 0xFF, 0x00, 0xFF, 0xFF, 0x00, 0xFF, 0xFF, 0x00, 0xFF, 0xFF,
		0x00, 0xFF, 0xFF, 0x00, 0xFF, 0xFF, 0x00, 0xFF, 0x4F, 0x96, 0x6E, 0x6B, 0xE6, 0x9F, 0x15, 0x22,
		0x17, 0xFF, 0x00, 0xFF, 0xFF, 0x00, 0xFF, 0xFF, 0x00, 0xFF, 0x80, 0x80, 0x80, 0x85, 0xCB, 0xE5,
		0x41, 0xA6, 0xCB, 0x41, 0xA6, 0xCB, 0x41, 0xA6, 0xCB, 0x41, 0xA6, 0xCB, 0x21, 0x2B, 0x2E, 0xFF,
		0x00, 0xFF, 0xFF, 0x00, 0xFF, 0xFF, 0x00, 0xFF, 0xFF, 0x00, 0xFF, 0x15, 0x22, 0x17, 0x6B, 0xE6,
		0x9F, 0x4F, 0x96, 0x6E, 0xFF, 0x00, 0xFF, 0xFF, 0x00, 0xFF, 0xFF, 0x00, 0xFF, 0xFF, 0x00, 0xFF,
		0xFF, 0x00, 0xFF, 0xFF, 0x00, 0xFF, 0xFF, 0x00, 0xFF, 0xFF, 0x00, 0xFF, 0xFF, 0x00, 0xFF, 0xFF,
		0x00, 0xFF, 0xFF, 0x00, 0xFF, 0xFF, 0x00, 0xFF, 0xFF, 0x00, 0xFF, 0x4F, 0x96, 0x6E, 0x6B, 0xE6,
		0x9F, 0x15, 0x22, 0x17, 0xFF, 0x00, 0xFF, 0xFF, 0x00, 0xFF, 0xFF, 0x00, 0xFF, 0xFF, 0x00, 0xFF,
		0x80, 0x80, 0x80, 0x85, 0xCB, 0xE5, 0x21, 0x2B, 0x2E, 0xFF, 0x00, 0xFF, 0xFF, 0x00, 0xFF, 0xFF,
		0x00, 0xFF, 0xFF, 0x00, 0xFF, 0xFF, 0x00, 0xFF, 0x15, 0x22, 0x17, 0x6B, 0xE6, 0x9F, 0x4F, 0x96,
		0x6E, 0xFF, 0x00, 0xFF, 0xFF, 0x00, 0xFF, 0xFF, 0x00, 0xFF, 0xFF, 0x00, 0xFF, 0xFF, 0x00, 0xFF,
		0xFF, 0x00, 0xFF, 0xFF, 0x00, 0xFF, 0xFF, 0x00, 0xFF, 0xFF, 0x00, 0xFF, 0xFF, 0x00, 0xFF, 0xFF,
		0x00, 0xFF, 0xFF, 0x00, 0xFF, 0xFF, 0x00, 0xFF, 0xFF, 0x00, 0xFF, 0xFF, 0x00, 0xFF, 0xFF, 0x00,
		0xFF, 0xFF, 0x00, 0xFF, 0xFF, 0x00, 0xFF, 0xFF, 0x00, 0xFF, 0xFF, 0x00, 0xFF, 0xFF, 0x00, 0xFF,
		0x80, 0x80, 0x80, 0x85, 0xCB, 0xE5, 0x21, 0x2B, 0x2E, 0xFF, 0x00, 0xFF, 0xFF, 0x00, 0xFF, 0xFF,
		0x00, 0xFF, 0xFF, 0x00, 0xFF, 0xFF, 0x00, 0xFF, 0xFF, 0x00, 0xFF, 0xFF, 0x00, 0xFF, 0xFF, 0x00,
		0xFF, 0xFF, 0x00, 0xFF, 0xFF, 0x00, 0xFF, 0xFF, 0x00, 0xFF, 0xFF, 0x00, 0xFF, 0xFF, 0x00, 0xFF,
		0xFF, 0x00, 0xFF, 0xFF, 0x00, 0xFF, 0xFF, 0x00, 0xFF, 0xFF, 0x00, 0xFF, 0xFF, 0x00, 0xFF, 0xFF,
		0x00, 0xFF, 0xFF, 0x00, 0xFF, 0xFF, 0x00, 0xFF, 0xFF, 0x00, 0xFF, 0xFF, 0x00, 0xFF, 0xFF, 0x00,
		0xFF, 0xFF, 0x00, 0xFF, 0xFF, 0x00, 0xFF, 0xFF, 0x00, 0xFF, 0xFF, 0x00, 0xFF, 0xFF, 0x00, 0xFF,
		0x80, 0x80, 0x80, 0x85, 0xCB, 0xE5, 0x21, 0x2B, 0x2E, 0xFF, 0x00, 0xFF, 0xFF, 0x00, 0xFF, 0xFF,
		0x00, 0xFF, 0xFF, 0x00, 0xFF, 0xFF, 0x00, 0xFF, 0xFF, 0x00, 0xFF, 0xFF, 0x00, 0xFF, 0xFF, 0x00,
		0xFF, 0xFF, 0x00, 0xFF, 0xFF, 0x00, 0xFF, 0xFF, 0x00, 0xFF, 0xFF, 0x00, 0xFF, 0xFF, 0x00, 0xFF,
		0xFF, 0x00, 0xFF, 0xFF, 0x00, 0xFF, 0xFF, 0x00, 0xFF, 0xFF, 0x00, 0xFF, 0xFF, 0x00, 0xFF, 0xFF,
		0x00, 0xFF, 0xFF, 0x00, 0xFF, 0xFF, 0x00, 0xFF, 0x1F, 0x2E, 0x24, 0x61, 0xE8, 0x9A, 0x61, 0xEA,
		0x9B, 0x61, 0xEA, 0x9B, 0x61, 0xEA, 0x9B, 0x61, 0xEA, 0x9B, 0x61, 0xEA, 0x9B, 0x61, 0xEA, 0x9B,
		0x61, 0xEA, 0x9B, 0x61, 0xEA, 0x9B, 0x61, 0xEA, 0x9B, 0x61, 0xEA, 0x9B, 0x61, 0xEA, 0x9B, 0x61,
		0xEA, 0x9B, 0x61, 0xEA, 0x9B, 0x61, 0xEA, 0x9B, 0x61, 0xEA, 0x9B, 0x61, 0xEA, 0x9B, 0x61, 0xE8,
		0x9A, 0x1F, 0x2E, 0x24, 0xFF, 0x00, 0xFF, 0xFF, 0x00, 0xFF, 0xFF, 0x00, 0xFF, 0xFF, 0x00, 0xFF,
		0xFF, 0x00, 0xFF, 0xFF, 0x00, 0xFF, 0xFF, 0x00, 0xFF, 0xFF, 0x00, 0xFF, 0xFF, 0x00, 0xFF, 0xFF,
		0x00, 0xFF, 0xFF, 0x00, 0xFF, 0xFF, 0x00, 0xFF, 0x1F, 0x2E, 0x24, 0x61, 0xEA, 0x9B, 0x61, 0xEA,
		0x9B, 0x61, 0xEA, 0x9B, 0x61, 0xEA, 0x9B, 0x61, 0xEA, 0x9B, 0x61, 0xEA, 0x9B, 0x61, 0xEA, 0x9B,
		0x61, 0xEA, 0x9B, 0x61, 0xEA, 0x9B, 0x61, 0xEA, 0x9B, 0x61, 0xEA, 0x9B, 0x61, 0xEA, 0x9B, 0x61,
		0xEA, 0x9B, 0x61, 0xEA, 0x9B, 0x61, 0xEA, 0x9B, 0x61, 0xEA, 0x9B, 0x61, 0xEA, 0x9B, 0x61, 0xEA,
		0x9B, 0x1F, 0x2E, 0x24, 0xFF, 0x00, 0xFF, 0xFF, 0x00, 0xFF, 0xFF, 0x00, 0xFF, 0xFF, 0x00, 0xFF,
		0xFF, 0x00, 0xFF, 0xFF, 0x00, 0xFF, 0xFF, 0x00, 0xFF, 0xFF, 0x00, 0xFF, 0xFF, 0x00, 0xFF, 0xFF,
		0x00, 0xFF, 0xFF, 0x00, 0xFF, 0xFF, 0x00, 0xFF, 0xFF, 0x00, 0xFF, 0xFF, 0x00, 0xFF, 0xFF, 0x00,
		0xFF, 0xFF, 0x00, 0xFF, 0xFF, 0x00, 0xFF, 0xFF, 0x00, 0xFF, 0xFF, 0x00, 0xFF, 0xFF, 0x00, 0xFF,
		0xFF, 0x00, 0xFF, 0xFF, 0x00, 0xFF, 0xFF, 0x00, 0xFF, 0xFF, 0x00, 0xFF, 0xFF, 0x00, 0xFF, 0xFF,
		0x00, 0xFF, 0xFF, 0x00, 0xFF, 0xFF, 0x00, 0xFF, 0xFF, 0x00, 0xFF, 0xFF, 0x00, 0xFF, 0x5A, 0x92,
		0x72, 0x7D, 0xDF, 0xA7, 0x1F, 0x2E, 0x24, 0xFF, 0x00, 0xFF, 0xFF, 0x00, 0xFF, 0xFF, 0x00, 0xFF,
		0xFF, 0x00, 0xFF, 0xFF, 0x00, 0xFF, 0xFF, 0x00, 0xFF, 0xFF, 0x00, 0xFF, 0xFF, 0x00, 0xFF, 0xFF,
		0x00, 0xFF, 0xFF, 0x00, 0xFF, 0xFF, 0x00, 0xFF, 0xFF, 0x00, 0xFF, 0xFF, 0x00, 0xFF, 0xFF, 0x00,
		0xFF, 0xFF, 0x00, 0xFF, 0xFF, 0x00, 0xFF, 0xFF, 0x00, 0xFF, 0xFF, 0x00, 0xFF, 0xFF, 0x00, 0xFF,
		0xFF, 0x00, 0xFF, 0xFF, 0x00, 0xFF, 0xFF, 0x00, 0xFF, 0xFF, 0x00, 0xFF, 0xFF, 0x00, 0xFF, 0xFF,
		0x00, 0xFF, 0xFF, 0x00, 0xFF, 0xFF, 0x00, 0xFF, 0xFF, 0x00, 0xFF, 0xFF, 0x00, 0xFF, 0x5A, 0x92,
		0x72, 0x7D, 0xDF, 0xA7, 0x1F, 0x2E, 0x24, 0xFF, 0x00, 0xFF, 0xFF, 0x00, 0xFF, 0xFF, 0x00, 0xFF,
		0xFF, 0x00, 0xFF, 0xFF, 0x00, 0xFF, 0xFF, 0x00, 0xFF, 0xFF, 0x00, 0xFF, 0xFF, 0x00, 0xFF, 0xFF,
		0x00, 0xFF, 0xFF, 0x00, 0xFF, 0xFF, 0x00, 0xFF, 0xFF, 0x00, 0xFF, 0xFF, 0x00, 0xFF, 0xFF, 0x00,
		0xFF, 0xFF, 0x00, 0xFF, 0xFF, 0x00, 0xFF, 0xFF, 0x00, 0xFF, 0xFF, 0x00, 0xFF, 0xFF, 0x00, 0xFF,
		0xFF, 0x00, 0xFF, 0xFF, 0x00, 0xFF, 0xFF, 0x00, 0xFF, 0xFF, 0x00, 0xFF, 0xFF, 0x00, 0xFF, 0xFF,
		0x00, 0xFF, 0xFF, 0x00, 0xFF, 0xFF, 0x00, 0xFF, 0x5A, 0x92, 0x72, 0x7D, 0xDF, 0xA7, 0x1F, 0x2E,
		0x24, 0xFF, 0x00, 0xFF, 0xFF, 0x00, 0xFF, 0xFF, 0x00, 0xFF, 0xFF, 0x00, 0xFF, 0xFF, 0x00, 0xFF,
		0xFF, 0x00, 0xFF, 0xFF, 0x00, 0xFF, 0xFF, 0x00, 0xFF, 0xFF, 0x00, 0xFF, 0xFF, 0x00, 0xFF, 0xFF,
		0x00, 0xFF, 0xFF, 0x00, 0xFF, 0xFF, 0x00, 0xFF, 0xFF, 0x00, 0xFF, 0xFF, 0x00, 0xFF, 0xFF, 0x00,
		0xFF, 0xFF, 0x00, 0xFF, 0xFF, 0x00, 0xFF, 0xFF, 0x00, 0xFF, 0xFF, 0x00, 0xFF, 0xFF, 0x00, 0xFF,
		0xFF, 0x00, 0xFF, 0xFF, 0x00, 0xFF, 0xFF, 0x00, 0xFF, 0xFF, 0x00, 0xFF, 0x5E, 0x5A, 0x48, 0x33,
		0x3C, 0x2F, 0x20, 0x30, 0x25, 0x1F, 0x2E, 0x24, 0x1F, 0x2E, 0x24, 0x33, 0x3C, 0x2F, 0x5D, 0x5A,
		0x47, 0xFF, 0x00, 0xFF, 0xFF, 0x00, 0xFF, 0xFF, 0x00, 0xFF, 0xFF, 0x00, 0xFF, 0xFF, 0x00, 0xFF,
		0xFF, 0x00, 0xFF, 0xFF, 0x00, 0xFF, 0xFF, 0x00, 0xFF, 0xFF, 0x00, 0xFF, 0xFF, 0x00, 0xFF, 0xFF,
		0x00, 0xFF, 0xFF, 0x00, 0xFF, 0xFF, 0x00, 0xFF, 0xFF, 0x00, 0xFF, 0xFF, 0x00, 0xFF, 0xFF, 0x00,
		0xFF, 0xFF, 0x00, 0xFF, 0xFF, 0x00, 0xFF, 0x30, 0x3A, 0x2E, 0x4D, 0xB0, 0x77, 0x61, 0xEA, 0x9B,
		0x61, 0xEA, 0x9B, 0x61, 0xEA, 0x9B, 0x61, 0xEA, 0x9B, 0x61, 0xEA, 0x9B, 0x61, 0xEA, 0x9B, 0x61,
		0xEA, 0x9B, 0x61, 0xEA, 0x9B, 0x61, 0xEA, 0x9B, 0x61, 0xEA, 0x9B, 0x61, 0xEA, 0x9B, 0x61, 0xEA,
		0x9B, 0x61, 0xEA, 0x9B, 0x4D, 0xB0, 0x77, 0x30, 0x3A, 0x2E, 0xFF, 0x00, 0xFF, 0xFF, 0x00, 0xFF,
		0xFF, 0x00, 0xFF, 0xFF, 0x00, 0xFF, 0xFF, 0x00, 0xFF, 0xFF, 0x00, 0xFF, 0xFF, 0x00, 0xFF, 0xFF,
		0x00, 0xFF, 0xFF, 0x00, 0xFF, 0xFF, 0x00, 0xFF, 0xFF, 0x00, 0xFF, 0xFF, 0x00, 0xFF, 0xFF, 0x00,
		0xFF, 0xFF, 0x00, 0xFF, 0xFF, 0x00, 0xFF, 0xFF, 0x00, 0xFF, 0xFF, 0x00, 0xFF, 0xFF, 0x00, 0xFF,
		0xFF, 0x00, 0xFF, 0xFF, 0x00, 0xFF, 0xFF, 0x00, 0xFF, 0xFF, 0x00, 0xFF, 0xFF, 0x00, 0xFF, 0xFF,
		0x00, 0xFF, 0xFF, 0x00, 0xFF, 0xFF, 0x00, 0xFF, 0xFF, 0x00, 0xFF, 0xFF, 0x00, 0xFF, 0x5A, 0x92,
		0x72, 0x7D, 0xDF, 0xA7, 0x1F, 0x2E, 0x24, 0xFF, 0x00, 0xFF, 0xFF, 0x00, 0xFF, 0xFF, 0x00, 0xFF,
		0xFF, 0x00, 0xFF, 0xFF, 0x00, 0xFF, 0xFF, 0x00, 0xFF, 0xFF, 0x00, 0xFF, 0xFF, 0x00, 0xFF, 0xFF,
		0x00, 0xFF, 0xFF, 0x00, 0xFF, 0xFF, 0x00, 0xFF, 0xFF, 0x00, 0xFF, 0xFF, 0x00, 0xFF, 0xFF, 0x00,
		0xFF, 0xFF, 0x00, 0xFF, 0xFF, 0x00, 0xFF, 0xFF, 0x00, 0xFF, 0xFF, 0x00, 0xFF, 0xFF, 0x00, 0xFF,
		0xFF, 0x00, 0xFF, 0xFF, 0x00, 0xFF, 0xFF, 0x00, 0xFF, 0xFF, 0x00, 0xFF, 0xFF, 0x00, 0xFF, 0xFF,
		0x00, 0xFF, 0xFF, 0x00, 0xFF, 0xFF, 0x00, 0xFF, 0xFF, 0x00, 0xFF, 0xFF, 0x00, 0xFF, 0x5A, 0x92,
		0x72, 0x7D, 0xDF, 0xA7, 0x1F, 0x2E, 0x24, 0xFF, 0x00, 0xFF, 0xFF, 0x00, 0xFF, 0xFF, 0x00, 0xFF,
		0xFF, 0x00, 0xFF, 0xFF, 0x00, 0xFF, 0xFF, 0x00, 0xFF, 0xFF, 0x00, 0xFF, 0xFF, 0x00, 0xFF, 0xFF,
		0x00, 0xFF, 0xFF, 0x00, 0xFF, 0xFF, 0x00, 0xFF, 0xFF, 0x00, 0xFF, 0xFF, 0x00, 0xFF, 0xFF, 0x00,
		0xFF, 0xFF, 0x00, 0xFF, 0xFF, 0x00, 0xFF, 0xFF, 0x00, 0xFF, 0xFF, 0x00, 0xFF, 0xFF, 0x00, 0xFF,
		0xFF, 0x00, 0xFF, 0xFF, 0x00, 0xFF, 0xFF, 0x00, 0xFF, 0xFF, 0x00, 0xFF, 0xFF, 0x00, 0xFF, 0xFF,
		0x00, 0xFF, 0xFF, 0x00, 0xFF, 0xFF, 0x00, 0xFF, 0x5A, 0x92, 0x72, 0x7D, 0xDF, 0xA7, 0x1F, 0x2E,
		0x24, 0xFF, 0x00, 0xFF, 0xFF, 0x00, 0xFF, 0xFF, 0x00, 0xFF, 0xFF, 0x00, 0xFF, 0xFF, 0x00, 0xFF,
		0xFF, 0x00, 0xFF, 0xFF, 0x00, 0xFF, 0xFF, 0x00, 0xFF, 0xFF, 0x00, 0xFF, 0xFF, 0x00, 0xFF, 0xFF,
		0x00, 0xFF, 0xFF, 0x00, 0xFF, 0xFF, 0x00, 0xFF, 0xFF, 0x00, 0xFF, 0xFF, 0x00, 0xFF, 0xFF, 0x00,
		0xFF, 0xFF, 0x00, 0xFF, 0xFF, 0x00, 0xFF, 0xFF, 0x00, 0xFF, 0xFF, 0x00, 0xFF, 0xFF, 0x00, 0xFF,
		0x15, 0x24, 0x16, 0x15, 0x24, 0x16, 0x15, 0x24, 0x16, 0x15, 0x24, 0x16, 0x15, 0x24, 0x16, 0x15,
		0x24, 0x16, 0x15, 0x24, 0x16, 0x15, 0x24, 0x16, 0x15, 0x24, 0x16, 0x15, 0x24, 0x16, 0x15, 0x24,
		0x16, 0x15, 0x24, 0x16, 0x15, 0x24, 0x16, 0x15, 0x24, 0x16, 0x15, 0x24, 0x16, 0xFF, 0x00, 0xFF,
		0xFF, 0x00, 0xFF, 0xFF, 0x00, 0xFF, 0xFF, 0x00, 0xFF, 0xFF, 0x00, 0xFF, 0xFF, 0x00, 0xFF, 0xFF,
		0x00, 0xFF, 0xFF, 0x00, 0xFF, 0xFF, 0x00, 0xFF, 0xFF, 0x00, 0xFF, 0xFF, 0x00, 0xFF, 0xFF, 0x00,
		0xFF, 0xFF, 0x00, 0xFF, 0x1F, 0x2E, 0x24, 0x61, 0xEA, 0x9B, 0x61, 0xEA, 0x9B, 0x61, 0xEA, 0x9B,
		0x61, 0xEA, 0x9B, 0x61, 0xEA, 0x9B, 0x61, 0xEA, 0x9B, 0x61, 0xEA, 0x9B, 0x61, 0xEA, 0x9B, 0x61,
		0xEA, 0x9B, 0x61, 0xEA, 0x9B, 0x61, 0xEA, 0x9B, 0x61, 0xEA, 0x9B, 0x61, 0xEA, 0x9B, 0x61, 0xEA,
		0x9B, 0x61, 0xEA, 0x9B, 0x61, 0xEA, 0x9B, 0x61, 0xEA, 0x9B, 0x1F, 0x2E, 0x24, 0xFF, 0x00, 0xFF,
		0xFF, 0x00, 0xFF, 0xFF, 0x00, 0xFF, 0xFF, 0x00, 0xFF, 0xFF, 0x00, 0xFF, 0xFF, 0x00, 0xFF, 0xFF,
		0x00, 0xFF, 0xFF, 0x00, 0xFF, 0xFF, 0x00, 0xFF, 0xFF, 0x00, 0xFF, 0xFF, 0x00, 0xFF, 0x4F, 0x96,
		0x6E, 0x4F, 0x96, 0x6E, 0x4F, 0x96, 0x6E, 0x6B, 0xE6, 0x9F, 0x6B, 0xE6, 0x9F, 0x80, 0x80, 0x80,
		0x85, 0xCB, 0xE5, 0x41, 0xA6, 0xCB, 0x41, 0xA6, 0xCB, 0x21, 0x2B, 0x2E, 0xBF, 0x9F, 0x7F, 0x15,
		0x22, 0x17, 0x15, 0x22, 0x17, 0x6B, 0xE6, 0x9F, 0x4F, 0x96, 0x6E, 0x4F, 0x96, 0x6E, 0xFF, 0x00,
		0xFF, 0xFF, 0x00, 0xFF, 0xFF, 0x00, 0xFF, 0xFF, 0x00, 0xFF, 0xFF, 0x00, 0xFF, 0xFF, 0x00, 0xFF,
		0xFF, 0x00, 0xFF, 0xFF, 0x00, 0xFF, 0xFF, 0x00, 0xFF, 0xFF, 0x00, 0xFF, 0xFF, 0x00, 0xFF, 0xFF,
		0x00, 0xFF, 0xFF, 0x00, 0xFF, 0xFF, 0x00, 0xFF, 0xFF, 0x00, 0xFF, 0x4F, 0x96, 0x6E, 0x6B, 0xE6,
		0x9F, 0x15, 0x22, 0x17, 0xFF, 0x00, 0xFF, 0xFF, 0x00, 0xFF, 0xFF, 0x00, 0xFF, 0x80, 0x80, 0x80,
		0x85, 0xCB, 0xE5, 0x41, 0xA6, 0xCB, 0x41, 0xA6, 0xCB, 0x21, 0x2B, 0x2E, 0xFF, 0x00, 0xFF, 0xFF,
		0x00, 0xFF, 0xFF, 0x00, 0xFF, 0xFF, 0x00, 0xFF, 0x15, 0x22, 0x17, 0x6B, 0xE6, 0x9F, 0x4F, 0x96,
		0x6E, 0xFF, 0x00, 0xFF, 0xFF, 0x00, 0xFF, 0xFF, 0x00, 0xFF, 0xFF, 0x00, 0xFF, 0xFF, 0x00, 0xFF,
		0xFF, 0x00, 0xFF, 0xFF, 0x00, 0xFF, 0xFF, 0x00, 0xFF, 0xFF, 0x00, 0xFF, 0xFF, 0x00, 0xFF, 0xFF,
		0x00, 0xFF, 0xFF, 0x00, 0xFF, 0xFF, 0x00, 0xFF, 0xFF, 0x00, 0xFF, 0x4F, 0x96, 0x6E, 0x6B, 0xE6,
		0x9F, 0x15, 0x22, 0x17, 0xFF, 0x00, 0xFF, 0xFF, 0x00, 0xFF, 0xFF, 0x00, 0xFF, 0x80, 0x80, 0x80,
		0x85, 0xCB, 0xE5, 0x41, 0xA6, 0xCB, 0x41, 0xA6, 0xCB, 0x21, 0x2B, 0x2E, 0xFF, 0x00, 0xFF, 0xFF,
		0x00, 0xFF, 0xFF, 0x00, 0xFF, 0xFF, 0x00, 0xFF, 0x15, 0x22, 0x17, 0x6B, 0xE6, 0x9F, 0x4F, 0x96,
		0x6E, 0xFF, 0x00, 0xFF, 0xFF, 0x00, 0xFF, 0xFF, 0x00, 0xFF, 0xFF, 0x00, 0xFF, 0xFF, 0x00, 0xFF,
		0xFF, 0x00, 0xFF, 0xFF, 0x00, 0xFF, 0xFF, 0x00, 0xFF, 0xFF, 0x00, 0xFF, 0xFF, 0x00, 0xFF, 0xFF,
		0x00, 0xFF, 0xFF, 0x00, 0xFF, 0xFF, 0x00, 0xFF, 0xFF, 0x00, 0xFF, 0xFF, 0x00, 0xFF, 0xFF, 0x00,
		0xFF, 0xFF, 0x00, 0xFF, 0xFF, 0x00, 0xFF, 0xFF, 0x00, 0xFF, 0xFF, 0x00, 0xFF, 0x80, 0x80, 0x80,
		0x85, 0xCB, 0xE5, 0x41, 0xA6, 0xCB, 0x41, 0xA6, 0xCB, 0x21, 0x2B, 0x2E, 0xFF, 0x00, 0xFF, 0xFF,
		0x00, 0xFF, 0xFF, 0x00, 0xFF, 0xFF, 0x00, 0xFF, 0xFF, 0x00, 0xFF, 0xFF, 0x00, 0xFF, 0xFF, 0x00,
		0xFF, 0xFF, 0x00, 0xFF, 0xFF, 0x00, 0xFF, 0xFF, 0x00, 0xFF, 0xFF, 0x00, 0xFF, 0xFF, 0x00, 0xFF,
		0xFF, 0x00, 0xFF, 0xFF, 0x00, 0xFF, 0xFF, 0x00, 0xFF, 0xFF, 0x00, 0xFF, 0xFF, 0x00, 0xFF, 0xFF,
		0x00, 0xFF, 0xFF, 0x00, 0xFF, 0xFF, 0x00, 0xFF, 0xFF, 0x00, 0xFF, 0xFF, 0x00, 0xFF, 0xFF, 0x00,
		0xFF, 0xFF, 0x00, 0xFF, 0xFF, 0x00, 0xFF, 0xFF, 0x00, 0xFF, 0xFF, 0x00, 0xFF, 0x80, 0x80, 0x80,
		0x85, 0xCB, 0xE5, 0x41, 0xA6, 0xCB, 0x41, 0xA6, 0xCB, 0x21, 0x2B, 0x2E, 0xFF, 0x00, 0xFF, 0xFF,
		0x00, 0xFF, 0xFF, 0x00, 0xFF, 0xFF, 0x00, 0xFF, 0xFF, 0x00, 0xFF, 0xFF, 0x00, 0xFF, 0xFF, 0x00,
		0xFF, 0xFF, 0x00, 0xFF, 0xFF, 0x00, 0xFF, 0xFF, 0x00, 0xFF, 0xFF, 0x00, 0xFF, 0xFF, 0x00, 0xFF,
		0xFF, 0x00, 0xFF, 0xFF, 0x00, 0xFF, 0xFF, 0x00, 0xFF, 0xFF, 0x00, 0xFF, 0xFF, 0x00, 0xFF, 0xFF,
		0x00, 0xFF, 0xFF, 0x00, 0xFF, 0xFF, 0x00, 0xFF, 0x1F, 0x2E, 0x24, 0x61, 0xEA, 0x9B, 0x61, 0xEA,
		0x9B, 0x61, 0xEA, 0x9B, 0x61, 0xEA, 0x9B, 0x61, 0xEA, 0x9B, 0x61, 0xEA, 0x9B, 0x61, 0xEA, 0x9B,
		0x61, 0xEA, 0x9B, 0x61, 0xEA, 0x9B, 0x61, 0xEA, 0x9B, 0x61, 0xEA, 0x9B, 0x61, 0xEA, 0x9B, 0x61,
		0xEA, 0x9B, 0x61, 0xEA, 0x9B, 0x61, 0xEA, 0x9B, 0x61, 0xEA, 0x9B, 0x61, 0xEA, 0x9B, 0x61, 0xEA,
		0x9B, 0x1F, 0x2E, 0x24, 0xFF, 0x00, 0xFF, 0xFF, 0x00, 0xFF, 0xFF, 0x00, 0xFF, 0xFF, 0x00, 0xFF,
		0xFF, 0x00, 0xFF, 0xFF, 0x00, 0xFF, 0xFF, 0x00, 0xFF, 0xFF, 0x00, 0xFF, 0xFF, 0x00, 0xFF, 0xFF,
		0x00, 0xFF, 0xFF, 0x00, 0xFF, 0xFF, 0x00, 0xFF, 0x1F, 0x2E, 0x24, 0x61, 0xEA, 0x9B, 0x61, 0xEA,
		0x9B, 0x61, 0xEA, 0x9B, 0x61, 0xEA, 0x9B, 0x61, 0xEA, 0x9B, 0x61, 0xEA, 0x9B, 0x61, 0xEA, 0x9B,
		0x61, 0xEA, 0x9B, 0x61, 0xEA, 0x9B, 0x61, 0xEA, 0x9B, 0x61, 0xEA, 0x9B, 0x61, 0xEA, 0x9B, 0x61,
		0xEA, 0x9B, 0x61, 0xEA, 0x9B, 0x61, 0xEA, 0x9B, 0x61, 0xEA, 0x9B, 0x61, 0xEA, 0x9B, 0x61, 0xEA,
		0x9B, 0x1F, 0x2E, 0x24, 0xFF, 0x00, 0xFF, 0xFF, 0x00, 0xFF, 0xFF, 0x00, 0xFF, 0xFF, 0x00, 0xFF,
		0xFF, 0x00, 0xFF, 0xFF, 0x00, 0xFF, 0xFF, 0x00, 0xFF, 0xFF, 0x00, 0xFF, 0xFF, 0x00, 0xFF, 0xFF,
		0x00, 0xFF, 0xFF, 0x00, 0xFF, 0xFF, 0x00, 0xFF, 0xFF, 0x00, 0xFF, 0xFF, 0x00, 0xFF, 0xFF, 0x00,
		0xFF, 0xFF, 0x00, 0xFF, 0xFF, 0x00, 0xFF, 0xFF, 0x00, 0xFF, 0xFF, 0x00, 0xFF, 0xFF, 0x00, 0xFF,
		0xFF, 0x00, 0xFF, 0xFF, 0x00, 0xFF, 0xFF, 0x00, 0xFF, 0xFF, 0x00, 0xFF, 0xFF, 0x00, 0xFF, 0xFF,
		0x00, 0xFF, 0xFF, 0x00, 0xFF, 0xFF, 0x00, 0xFF, 0xFF, 0x00, 0xFF, 0xFF, 0x00, 0xFF, 0x5A, 0x92,
		0x72, 0x7D, 0xDF, 0xA7, 0x1F, 0x2E, 0x24, 0xFF, 0x00, 0xFF, 0xFF, 0x00, 0xFF, 0xFF, 0x00, 0xFF,
		0xFF, 0x00, 0xFF, 0xFF, 0x00, 0xFF, 0xFF, 0x00, 0xFF, 0xFF, 0x00, 0xFF, 0xFF, 0x00, 0xFF, 0xFF,
		0x00, 0xFF, 0xFF, 0x00, 0xFF, 0xFF, 0x00, 0xFF, 0xFF, 0x00, 0xFF, 0xFF, 0x00, 0xFF, 0xFF, 0x00,
		0xFF, 0xFF, 0x00, 0xFF, 0xFF, 0x00, 0xFF, 0xFF, 0x00, 0xFF, 0xFF, 0x00, 0xFF, 0xFF, 0x00, 0xFF,
		0xFF, 0x00, 0xFF, 0xFF, 0x00, 0xFF, 0xFF, 0x00, 0xFF, 0xFF, 0x00, 0xFF, 0xFF, 0x00, 0xFF, 0xFF,
		0x00, 0xFF, 0xFF, 0x00, 0xFF, 0xFF, 0x00, 0xFF, 0xFF, 0x00, 0xFF, 0xFF, 0x00, 0xFF, 0x5A, 0x92,
		0x72, 0x7D, 0xDF, 0xA7, 0x1F, 0x2E, 0x24, 0xFF, 0x00, 0xFF, 0xFF, 0x00, 0xFF, 0xFF, 0x00, 0xFF,
		0xFF, 0x00, 0xFF, 0xFF, 0x00, 0xFF, 0xFF, 0x00, 0xFF, 0xFF, 0x00, 0xFF, 0xFF, 0x00, 0xFF, 0xFF,
		0x00, 0xFF, 0xFF, 0x00, 0xFF, 0xFF, 0x00, 0xFF, 0xFF, 0x00, 0xFF, 0xFF, 0x00, 0xFF, 0xFF, 0x00,
		0xFF, 0xFF, 0x00, 0xFF, 0xFF, 0x00, 0xFF, 0xFF, 0x00, 0xFF, 0xFF, 0x00, 0xFF, 0xFF, 0x00, 0xFF,
		0xFF, 0x00, 0xFF, 0xFF, 0x00, 0xFF, 0xFF, 0x00, 0xFF, 0xFF, 0x00, 0xFF, 0xFF, 0x00, 0xFF, 0xFF,
		0x00, 0xFF, 0xFF, 0x00, 0xFF, 0xFF, 0x00, 0xFF, 0x5A, 0x92, 0x72, 0x7D, 0xDF, 0xA7, 0x1F, 0x2E,
		0x24, 0xFF, 0x00, 0xFF, 0xFF, 0x00, 0xFF, 0xFF, 0x00, 0xFF, 0xFF, 0x00, 0xFF, 0xFF, 0x00, 0xFF,
		0xFF, 0x00, 0xFF, 0xFF, 0x00, 0xFF, 0xFF, 0x00, 0xFF, 0xFF, 0x00, 0xFF, 0xFF, 0x00, 0xFF, 0xFF,
		0x00, 0xFF, 0xFF, 0x00, 0xFF, 0xFF, 0x00, 0xFF, 0xFF, 0x00, 0xFF, 0xFF, 0x00, 0xFF, 0xFF, 0x00,
		0xFF, 0xFF, 0x00, 0xFF, 0xFF, 0x00, 0xFF, 0xFF, 0x00, 0xFF, 0xFF, 0x00, 0xFF, 0xFF, 0x00, 0xFF,
		0xFF, 0x00, 0xFF, 0xFF, 0x00, 0xFF, 0x78, 0x6C, 0x54, 0x33, 0x48, 0x36, 0x40, 0x8A, 0x5F, 0x56,
		0xCA, 0x87, 0x5F, 0xE6, 0x99, 0x61, 0xEA, 0x9B, 0x5F, 0xE6, 0x99, 0x56, 0xCA, 0x87, 0x40, 0x8A,
		0x5F, 0x33, 0x48, 0x36, 0x78, 0x6C, 0x54, 0xFF, 0x00, 0xFF, 0xFF, 0x00, 0xFF, 0xFF, 0x00, 0xFF,
		0xFF, 0x00, 0xFF, 0xFF, 0x00, 0xFF, 0xFF, 0x00, 0xFF, 0xFF, 0x00, 0xFF, 0xFF, 0x00, 0xFF, 0xFF,
		0x00, 0xFF, 0xFF, 0x00, 0xFF, 0xFF, 0x00, 0xFF, 0xFF, 0x00, 0xFF, 0xFF, 0x00, 0xFF, 0xFF, 0x00,
		0xFF, 0xFF, 0x00, 0xFF, 0x6C, 0x63, 0x4D, 0x32, 0x63, 0x45, 0x61, 0xE8, 0x9A, 0x61, 0xEA, 0x9B,
		0x61, 0xEA, 0x9B, 0x61, 0xEA, 0x9B, 0x61, 0xEA, 0x9B, 0x61, 0xEA, 0x9B, 0x61, 0xEA, 0x9B, 0x61,
		0xEA, 0x9B, 0x61, 0xEA, 0x9B, 0x61, 0xEA, 0x9B, 0x61, 0xEA, 0x9B, 0x61, 0xEA, 0x9B, 0x61, 0xEA,
		0x9B, 0x61, 0xEA, 0x9B, 0x61, 0xE8, 0x9A, 0x32, 0x63, 0x45, 0x6C, 0x64, 0x4E, 0xFF, 0x00, 0xFF,
		0xFF, 0x00, 0xFF, 0xFF, 0x00, 0xFF, 0xFF, 0x00, 0xFF, 0xFF, 0x00, 0xFF, 0xFF, 0x00, 0xFF, 0xFF,
		0x00, 0xFF, 0xFF, 0x00, 0xFF, 0xFF, 0x00, 0xFF, 0xFF, 0x00, 0xFF, 0xFF, 0x00, 0xFF, 0xFF, 0x00,
		0xFF, 0xFF, 0x00, 0xFF, 0xFF, 0x00, 0xFF, 0xFF, 0x00, 0xFF, 0xFF, 0x00, 0xFF, 0xFF, 0x00, 0xFF,
		0xFF, 0x00, 0xFF, 0xFF, 0x00, 0xFF, 0xFF, 0x00, 0xFF, 0xFF, 0x00, 0xFF, 0xFF, 0x00, 0xFF, 0xFF,
		0x00, 0xFF, 0xFF, 0x00, 0xFF, 0xFF, 0x00, 0xFF, 0xFF, 0x00, 0xFF, 0xFF, 0x00, 0xFF, 0x5A, 0x92,
		0x72, 0x7D, 0xDF, 0xA7, 0x1F, 0x2E, 0x24, 0xFF, 0x00, 0xFF, 0xFF, 0x00, 0xFF, 0xFF, 0x00, 0xFF,
		0xFF, 0x00, 0xFF, 0xFF, 0x00, 0xFF, 0xFF, 0x00, 0xFF, 0xFF, 0x00, 0xFF, 0xFF, 0x00, 0xFF, 0xFF,
		0x00, 0xFF, 0xFF, 0x00, 0xFF, 0xFF, 0x00, 0xFF, 0xFF, 0x00, 0xFF, 0xFF, 0x00, 0xFF, 0xFF, 0x00,
		0xFF, 0xFF, 0x00, 0xFF, 0xFF, 0x00, 0xFF, 0xFF, 0x00, 0xFF, 0xFF, 0x00, 0xFF, 0xFF, 0x00, 0xFF,
		0xFF, 0x00, 0xFF, 0xFF, 0x00, 0xFF, 0xFF, 0x00, 0xFF, 0xFF, 0x00, 0xFF, 0xFF, 0x00, 0xFF, 0xFF,
		0x00, 0xFF, 0xFF, 0x00, 0xFF, 0xFF, 0x00, 0xFF, 0xFF, 0x00, 0xFF, 0xFF, 0x00, 0xFF, 0x5A, 0x92,
		0x72, 0x7D, 0xDF, 0xA7, 0x1F, 0x2E, 0x24, 0xFF, 0x00, 0xFF, 0xFF, 0x00, 0xFF, 0xFF, 0x00, 0xFF,
		0xFF, 0x00, 0xFF, 0xFF, 0x00, 0xFF, 0xFF, 0x00, 0xFF, 0xFF, 0x00, 0xFF, 0xFF, 0x00, 0xFF, 0xFF,
		0x00, 0xFF, 0xFF, 0x00, 0xFF, 0xFF, 0x00, 0xFF, 0xFF, 0x00, 0xFF, 0xFF, 0x00, 0xFF, 0xFF, 0x00,
		0xFF, 0xFF, 0x00, 0xFF, 0xFF, 0x00, 0xFF, 0xFF, 0x00, 0xFF, 0xFF, 0x00, 0xFF, 0xFF, 0x00, 0xFF,
		0xFF, 0x00, 0xFF, 0xFF, 0x00, 0xFF, 0xFF, 0x00, 0xFF, 0xFF, 0x00, 0xFF, 0xFF, 0x00, 0xFF, 0xFF,
		0x00, 0xFF, 0xFF, 0x00, 0xFF, 0xFF, 0x00, 0xFF, 0x5A, 0x92, 0x72, 0x7D, 0xDF, 0xA7, 0x1F, 0x2E,
		0x24, 0xFF, 0x00, 0xFF, 0xFF, 0x00, 0xFF, 0xFF, 0x00, 0xFF, 0xFF, 0x00, 0xFF, 0xFF, 0x00, 0xFF,
		0xFF, 0x00, 0xFF, 0xFF, 0x00, 0xFF, 0xFF, 0x00, 0xFF, 0xFF, 0x00, 0xFF, 0xFF, 0x00, 0xFF, 0xFF,
		0x00, 0xFF, 0xFF, 0x00, 0xFF, 0xFF, 0x00, 0xFF, 0xFF, 0x00, 0xFF, 0xFF, 0x00, 0xFF, 0xFF, 0x00,
		0xFF, 0xFF, 0x00, 0xFF, 0xFF, 0x00, 0xFF, 0xFF, 0x00, 0xFF, 0xFF, 0x00, 0xFF, 0xFF, 0x00, 0xFF,
		0x15, 0x24, 0x16, 0x61, 0xEA, 0x9B, 0x61, 0xEA, 0x9B, 0x61, 0xEA, 0x9B, 0x61, 0xEA, 0x9B, 0x61,
		0xEA, 0x9B, 0x61, 0xEA, 0x9B, 0x61, 0xEA, 0x9B, 0x61, 0xEA, 0x9B, 0x61, 0xEA, 0x9B, 0x61, 0xEA,
		0x9B, 0x61, 0xEA, 0x9B, 0x61, 0xEA, 0x9B, 0x61, 0xEA, 0x9B, 0x15, 0x24, 0x16, 0xFF, 0x00, 0xFF,
		0xFF, 0x00, 0xFF, 0xFF, 0x00, 0xFF, 0xFF, 0x00, 0xFF, 0xFF, 0x00, 0xFF, 0xFF, 0x00, 0xFF, 0xFF,
		0x00, 0xFF, 0xFF, 0x00, 0xFF, 0xFF, 0x00, 0xFF, 0xFF, 0x00, 0xFF, 0xFF, 0x00, 0xFF, 0xFF, 0x00,
		0xFF, 0xFF, 0x00, 0xFF, 0x1F, 0x2E, 0x24, 0x61, 0xEA, 0x9B, 0x61, 0xEA, 0x9B, 0x61, 0xEA, 0x9B,
		0x61, 0xEA, 0x9B, 0x61, 0xEA, 0x9B, 0x61, 0xEA, 0x9B, 0x61, 0xEA, 0x9B, 0x61, 0xEA, 0x9B, 0x61,
		0xEA, 0x9B, 0x61, 0xEA, 0x9B, 0x61, 0xEA, 0x9B, 0x61, 0xEA, 0x9B, 0x61, 0xEA, 0x9B, 0x61, 0xEA,
		0x9B, 0x61, 0xEA, 0x9B, 0x61, 0xEA, 0x9B, 0x61, 0xEA, 0x9B, 0x1F, 0x2E, 0x24, 0xFF, 0x00, 0xFF,
		0xFF, 0x00, 0xFF, 0xFF, 0x00, 0xFF, 0xFF, 0x00, 0xFF, 0xFF, 0x00, 0xFF, 0xFF, 0x00, 0xFF, 0xFF,
		0x00, 0xFF, 0xFF, 0x00, 0xFF, 0xFF, 0x00, 0xFF, 0xFF, 0x00, 0xFF, 0xFF, 0x00, 0xFF, 0xFF, 0x00,
		0xFF, 0xFF, 0x00, 0xFF, 0xFF, 0x00, 0xFF, 0x4F, 0x96, 0x6E, 0x80, 0x80, 0x80, 0x85, 0xCB, 0xE5,
		0x41, 0xA6, 0xCB, 0x41, 0xA6, 0xCB, 0x41, 0xA6, 0xCB, 0x41, 0xA6, 0xCB, 0x21, 0x2B, 0x2E, 0x6B,
		0xE6, 0x9F, 0x4F, 0x96, 0x6E, 0x4F, 0x96, 0x6E, 0xFF, 0x00, 0xFF, 0xFF, 0x00, 0xFF, 0xFF, 0x00,
		0xFF, 0xFF, 0x00, 0xFF, 0xFF, 0x00, 0xFF, 0xFF, 0x00, 0xFF, 0xFF, 0x00, 0xFF, 0xFF, 0x00, 0xFF,
		0xFF, 0x00, 0xFF, 0xFF, 0x00, 0xFF, 0xFF, 0x00, 0xFF, 0xFF, 0x00, 0xFF, 0xFF, 0x00, 0xFF, 0xFF,
		0x00, 0xFF, 0xFF, 0x00, 0xFF, 0xFF, 0x00, 0xFF, 0xFF, 0x00, 0xFF, 0x4F, 0x96, 0x6E, 0x6B, 0xE6,
		0x9F, 0x15, 0x22, 0x17, 0xFF, 0x00, 0xFF, 0xFF, 0x00, 0xFF, 0xFF, 0x00, 0xFF, 0xFF, 0x00, 0xFF,
		0x80, 0x80, 0x80, 0x85, 0xCB, 0xE5, 0x21, 0x2B, 0x2E, 0xFF, 0x00, 0xFF, 0xFF, 0x00, 0xFF, 0xFF,
		0x00, 0xFF, 0xFF, 0x00, 0xFF, 0xFF, 0x00, 0xFF, 0x15, 0x22, 0x17, 0x6B, 0xE6, 0x9F, 0x4F, 0x96,
		0x6E, 0xFF, 0x00, 0xFF, 0xFF, 0x00, 0xFF, 0xFF, 0x00, 0xFF, 0xFF, 0x00, 0xFF, 0xFF, 0x00, 0xFF,
		0xFF, 0x00, 0xFF, 0xFF, 0x00, 0xFF, 0xFF, 0x00, 0xFF, 0xFF, 0x00, 0xFF, 0xFF, 0x00, 0xFF, 0xFF,
		0x00, 0xFF, 0xFF, 0x00, 0xFF, 0xFF, 0x00, 0xFF, 0x4F, 0x96, 0x6E, 0x6B, 0xE6, 0x9F, 0x15, 0x22,
		0x17, 0xFF, 0x00, 0xFF, 0xFF, 0x00, 0xFF, 0xFF, 0x00, 0xFF, 0x80, 0x80, 0x80, 0x85, 0xCB, 0xE5,
		0x41, 0xA6, 0xCB, 0x41, 0xA6, 0xCB, 0x41, 0xA6, 0xCB, 0x41, 0xA6, 0xCB, 0x21, 0x2B, 0x2E, 0xFF,
		0x00, 0xFF, 0xFF, 0x00, 0xFF, 0xFF, 0x00, 0xFF, 0xFF, 0x00, 0xFF, 0x15, 0x22, 0x17, 0x6B, 0xE6,
		0x9F, 0x4F, 0x96, 0x6E, 0xFF, 0x00, 0xFF, 0xFF, 0x00, 0xFF, 0xFF, 0x00, 0xFF, 0xFF, 0x00, 0xFF,
		0xFF, 0x00, 0xFF, 0xFF, 0x00, 0xFF, 0xFF, 0x00, 0xFF, 0xFF, 0x00, 0xFF, 0xFF, 0x00, 0xFF, 0xFF,
		0x00, 0xFF, 0xFF, 0x00, 0xFF, 0xFF, 0x00, 0xFF, 0xFF, 0x00, 0xFF, 0xFF, 0x00, 0xFF, 0xFF, 0x00,
		0xFF, 0xFF, 0x00, 0xFF, 0xFF, 0x00, 0xFF, 0xFF, 0x00, 0xFF, 0x80, 0x80, 0x80, 0x85, 0xCB, 0xE5,
		0x41, 0xA6, 0xCB, 0x41, 0xA6, 0xCB, 0x41, 0xA6, 0xCB, 0x41, 0xA6, 0xCB, 0x21, 0x2B, 0x2E, 0xFF,
		0x00, 0xFF, 0xFF, 0x00, 0xFF, 0xFF, 0x00, 0xFF, 0xFF, 0x00, 0xFF, 0xFF, 0x00, 0xFF, 0xFF, 0x00,
		0xFF, 0xFF, 0x00, 0xFF, 0xFF, 0x00, 0xFF, 0xFF, 0x00, 0xFF, 0xFF, 0x00, 0xFF, 0xFF, 0x00, 0xFF,
		0xFF, 0x00, 0xFF, 0xFF, 0x00, 0xFF, 0xFF, 0x00, 0xFF, 0xFF, 0x00, 0xFF, 0xFF, 0x00, 0xFF, 0xFF,
		0x00, 0xFF, 0xFF, 0x00, 0xFF, 0xFF, 0x00, 0xFF, 0xFF, 0x00, 0xFF, 0xFF, 0x00, 0xFF, 0xFF, 0x00,
		0xFF, 0xFF, 0x00, 0xFF, 0xFF, 0x00, 0xFF, 0xFF, 0x00, 0xFF, 0x80, 0x80, 0x80, 0x85, 0xCB, 0xE5,
		0x41, 0xA6, 0xCB, 0x41, 0xA6, 0xCB, 0x41, 0xA6, 0xCB, 0x41, 0xA6, 0xCB, 0x21, 0x2B, 0x2E, 0xFF,
		0x00, 0xFF, 0xFF, 0x00, 0xFF, 0xFF, 0x00, 0xFF, 0xFF, 0x00, 0xFF, 0xFF, 0x00, 0xFF, 0xFF, 0x00,
		0xFF, 0xFF, 0x00, 0xFF, 0xFF, 0x00, 0xFF, 0xFF, 0x00, 0xFF, 0xFF, 0x00, 0xFF, 0xFF, 0x00, 0xFF,
		0xFF, 0x00, 0xFF, 0xFF, 0x00, 0xFF, 0xFF, 0x00, 0xFF, 0xFF, 0x00, 0xFF, 0xFF, 0x00, 0xFF, 0xFF,
		0x00, 0xFF, 0xFF, 0x00, 0xFF, 0xFF, 0x00, 0xFF, 0x1F, 0x2E, 0x24, 0x61, 0xE8, 0x9A, 0x61, 0xEA,
		0x9B, 0x61, 0xEA, 0x9B, 0x61, 0xEA, 0x9B, 0x61, 0xEA, 0x9B, 0x61, 0xEA, 0x9B, 0x61, 0xEA, 0x9B,
		0x61, 0xEA, 0x9B, 0x61, 0xEA, 0x9B, 0x61, 0xEA, 0x9B, 0x61, 0xEA, 0x9B, 0x61, 0xEA, 0x9B, 0x61,
		0xEA, 0x9B, 0x61, 0xEA, 0x9B, 0x61, 0xEA, 0x9B, 0x61, 0xEA, 0x9B, 0x61, 0xEA, 0x9B, 0x61, 0xE8,
		0x9A, 0x1F, 0x2E, 0x24, 0xFF, 0x00, 0xFF, 0xFF, 0x00, 0xFF, 0xFF, 0x00, 0xFF, 0xFF, 0x00, 0xFF,
		0xFF, 0x00, 0xFF, 0xFF, 0x00, 0xFF, 0xFF, 0x00, 0xFF, 0xFF, 0x00, 0xFF, 0xFF, 0x00, 0xFF, 0xFF,
		0x00, 0xFF, 0xFF, 0x00, 0xFF, 0xFF, 0x00, 0xFF, 0x1F, 0x2E, 0x24, 0x61, 0xEA, 0x9B, 0x61, 0xEA,
		0x9B, 0x61, 0xEA, 0x9B, 0x61, 0xEA, 0x9B, 0x61, 0xEA, 0x9B, 0x61, 0xEA, 0x9B, 0x61, 0xEA, 0x9B,
		0x61, 0xEA, 0x9B, 0x61, 0xEA, 0x9B, 0x61, 0xEA, 0x9B, 0x61, 0xEA, 0x9B, 0x61, 0xEA, 0x9B, 0x61,
		0xEA, 0x9B, 0x61, 0xEA, 0x9B, 0x61, 0xEA, 0x9B, 0x61, 0xEA, 0x9B, 0x61, 0xEA, 0x9B, 0x61, 0xEA,
		0x9B, 0x1F, 0x2E, 0x24, 0xFF, 0x00, 0xFF, 0xFF, 0x00, 0xFF, 0xFF, 0x00, 0xFF, 0xFF, 0x00, 0xFF,
		0xFF, 0x00, 0xFF, 0xFF, 0x00, 0xFF, 0xFF, 0x00, 0xFF, 0xFF, 0x00, 0xFF, 0xFF, 0x00, 0xFF, 0xFF,
		0x00, 0xFF, 0xFF, 0x00, 0xFF, 0xFF, 0x00, 0xFF, 0xFF, 0x00, 0xFF, 0xFF, 0x00, 0xFF, 0xFF, 0x00,
		0xFF, 0xFF, 0x00, 0xFF, 0xFF, 0x00, 0xFF, 0xFF, 0x00, 0xFF, 0xFF, 0x00, 0xFF, 0xFF, 0x00, 0xFF,
		0xFF, 0x00, 0xFF, 0xFF, 0x00, 0xFF, 0xFF, 0x00, 0xFF, 0xFF, 0x00, 0xFF, 0xFF, 0x00, 0xFF, 0xFF,
		0x00, 0xFF, 0xFF, 0x00, 0xFF, 0xFF, 0x00, 0xFF, 0xFF, 0x00, 0xFF, 0xFF, 0x00, 0xFF, 0x5A, 0x92,
		0x72, 0x7D, 0xDF, 0xA7, 0x1F, 0x2E, 0x24, 0xFF, 0x00, 0xFF, 0xFF, 0x00, 0xFF, 0xFF, 0x00, 0xFF,
		0xFF, 0x00, 0xFF, 0xFF, 0x00, 0xFF, 0xFF, 0x00, 0xFF, 0xFF, 0x00, 0xFF, 0xFF, 0x00, 0xFF, 0xFF,
		0x00, 0xFF, 0xFF, 0x00, 0xFF, 0xFF, 0x00, 0xFF, 0xFF, 0x00, 0xFF, 0xFF, 0x00, 0xFF, 0xFF, 0x00,
		0xFF, 0xFF, 0x00, 0xFF, 0xFF, 0x00, 0xFF, 0xFF, 0x00, 0xFF, 0xFF, 0x00, 0xFF, 0xFF, 0x00, 0xFF,
		0xFF, 0x00, 0xFF, 0xFF, 0x00, 0xFF, 0xFF, 0x00, 0xFF, 0xFF, 0x00, 0xFF, 0xFF, 0x00, 0xFF, 0xFF,
		0x00, 0xFF, 0xFF, 0x00, 0xFF, 0xFF, 0x00, 0xFF, 0xFF, 0x00, 0xFF, 0xFF, 0x00, 0xFF, 0x5A, 0x92,
		0x72, 0x7D, 0xDF, 0xA7, 0x1F, 0x2E, 0x24, 0xFF, 0x00, 0xFF, 0xFF, 0x00, 0xFF, 0xFF, 0x00, 0xFF,
		0xFF, 0x00, 0xFF, 0xFF, 0x00, 0xFF, 0xFF, 0x00, 0xFF, 0xFF, 0x00, 0xFF, 0xFF, 0x00, 0xFF, 0xFF,
		0x00, 0xFF, 0xFF, 0x00, 0xFF, 0xFF, 0x00, 0xFF, 0xFF, 0x00, 0xFF, 0xFF, 0x00, 0xFF, 0xFF, 0x00,
		0xFF, 0xFF, 0x00, 0xFF, 0xFF, 0x00, 0xFF, 0xFF, 0x00, 0xFF, 0xFF, 0x00, 0xFF, 0xFF, 0x00, 0xFF,
		0xFF, 0x00, 0xFF, 0xFF, 0x00, 0xFF, 0xFF, 0x00, 0xFF, 0xFF, 0x00, 0xFF, 0xFF, 0x00, 0xFF, 0xFF,
		0x00, 0xFF, 0xFF, 0x00, 0xFF, 0xFF, 0x00, 0xFF, 0x5A, 0x92, 0x72, 0x7D, 0xDF, 0xA7, 0x1F, 0x2E,
		0x24, 0xFF, 0x00, 0xFF, 0xFF, 0x00, 0xFF, 0xFF, 0x00, 0xFF, 0xFF, 0x00, 0xFF, 0xFF, 0x00, 0xFF,
		0xFF, 0x00, 0xFF, 0xFF, 0x00, 0xFF, 0xFF, 0x00, 0xFF, 0xFF, 0x00, 0xFF, 0xFF, 0x00, 0xFF, 0xFF,
		0x00, 0xFF, 0xFF, 0x00, 0xFF, 0xFF, 0x00, 0xFF, 0xFF, 0x00, 0xFF, 0xFF, 0x00, 0xFF, 0xFF, 0x00,
		0xFF, 0xFF, 0x00, 0xFF, 0xFF, 0x00, 0xFF, 0xFF, 0x00, 0xFF, 0xFF, 0x00, 0xFF, 0xFF, 0x00, 0xFF,
		0xFF, 0x00, 0xFF, 0x77, 0x69, 0x51, 0x39, 0x6E, 0x4C, 0x58, 0xD0, 0x8B, 0x61, 0xEA, 0x9B, 0x61,
		0xEA, 0x9B, 0x61, 0xEA, 0x9B, 0x61, 0xEA, 0x9B, 0x61, 0xEA, 0x9B, 0x61, 0xEA, 0x9B, 0x61, 0xEA,
		0x9B, 0x58, 0xD0, 0x8B, 0x39, 0x6E, 0x4C, 0x77, 0x69, 0x51, 0xFF, 0x00, 0xFF, 0xFF, 0x00, 0xFF,
		0xFF, 0x00, 0xFF, 0xFF, 0x00, 0xFF, 0xFF, 0x00, 0xFF, 0xFF, 0x00, 0xFF, 0xFF, 0x00, 0xFF, 0xFF,
		0x00, 0xFF, 0xFF, 0x00, 0xFF, 0xFF, 0x00, 0xFF, 0xFF, 0x00, 0xFF, 0xFF, 0x00, 0xFF, 0xFF, 0x00,
		0xFF, 0xFF, 0x00, 0xFF, 0x34, 0x3D, 0x2F, 0x4A, 0xA7, 0x70, 0x61, 0xEA, 0x9B, 0x61, 0xEA, 0x9B,
		0x61, 0xEA, 0x9B, 0x61, 0xEA, 0x9B, 0x61, 0xEA, 0x9B, 0x61, 0xEA, 0x9B, 0x61, 0xEA, 0x9B, 0x61,
		0xEA, 0x9B, 0x61, 0xEA, 0x9B, 0x61, 0xEA, 0x9B, 0x61, 0xEA, 0x9B, 0x61, 0xEA, 0x9B, 0x61, 0xEA,
		0x9B, 0x61, 0xEA, 0x9B, 0x61, 0xEA, 0x9B, 0x4A, 0xA7, 0x70, 0x34, 0x3C, 0x2F, 0xFF, 0x00, 0xFF,
		0xFF, 0x00, 0xFF, 0xFF, 0x00, 0xFF, 0xFF, 0x00, 0xFF, 0xFF, 0x00, 0xFF, 0xFF, 0x00, 0xFF, 0xFF,
		0x00, 0xFF, 0xFF, 0x00, 0xFF, 0xFF, 0x00, 0xFF, 0xFF, 0x00, 0xFF, 0xFF, 0x00, 0xFF, 0xFF, 0x00,
		0xFF, 0xFF, 0x00, 0xFF, 0xFF, 0x00, 0xFF, 0xFF, 0x00, 0xFF, 0xFF, 0x00, 0xFF, 0xFF, 0x00, 0xFF,
		0xFF, 0x00, 0xFF, 0xFF, 0x00, 0xFF, 0xFF, 0x00, 0xFF, 0xFF, 0x00, 0xFF, 0xFF, 0x00, 0xFF, 0xFF,
		0x00, 0xFF, 0xFF, 0x00, 0xFF, 0xFF, 0x00, 0xFF, 0xFF, 0x00, 0xFF, 0xFF, 0x00, 0xFF, 0x5A, 0x92,
		0x72, 0x7D, 0xDF, 0xA7, 0x1F, 0x2E, 0x24, 0xFF, 0x00, 0xFF, 0xFF, 0x00, 0xFF, 0xFF, 0x00, 0xFF,
		0xFF, 0x00, 0xFF, 0xFF, 0x00, 0xFF, 0xFF, 0x00, 0xFF, 0xFF, 0x00, 0xFF, 0xFF, 0x00, 0xFF, 0xFF,
		0x00, 0xFF, 0xFF, 0x00, 0xFF, 0xFF, 0x00, 0xFF, 0xFF, 0x00, 0xFF, 0xFF, 0x00, 0xFF, 0xFF, 0x00,
		0xFF, 0xFF, 0x00, 0xFF, 0xFF, 0x00, 0xFF, 0xFF, 0x00, 0xFF, 0xFF, 0x00, 0xFF, 0xFF, 0x00, 0xFF,
		0xFF, 0x00, 0xFF, 0xFF, 0x00, 0xFF, 0xFF, 0x00, 0xFF, 0xFF, 0x00, 0xFF, 0xFF, 0x00, 0xFF, 0xFF,
		0x00, 0xFF, 0xFF, 0x00, 0xFF, 0xFF, 0x00, 0xFF, 0xFF, 0x00, 0xFF, 0xFF, 0x00, 0xFF, 0x5A, 0x92,
		0x72, 0x7D, 0xDF, 0xA7, 0x1F, 0x2E, 0x24, 0xFF, 0x00, 0xFF, 0xFF, 0x00, 0xFF, 0xFF, 0x00, 0xFF,
		0xFF, 0x00, 0xFF, 0xFF, 0x00, 0xFF, 0xFF, 0x00, 0xFF, 0xFF, 0x00, 0xFF, 0xFF, 0x00, 0xFF, 0xFF,
		0x00, 0xFF, 0xFF, 0x00, 0xFF, 0xFF, 0x00, 0xFF, 0xFF, 0x00, 0xFF, 0xFF, 0x00, 0xFF, 0xFF, 0x00,
		0xFF, 0xFF, 0x00, 0xFF, 0xFF, 0x00, 0xFF, 0xFF, 0x00, 0xFF, 0xFF, 0x00, 0xFF, 0xFF, 0x00, 0xFF,
		0xFF, 0x00, 0xFF, 0xFF, 0x00, 0xFF, 0xFF, 0x00, 0xFF, 0xFF, 0x00, 0xFF, 0xFF, 0x00, 0xFF, 0xFF,
		0x00, 0xFF, 0xFF, 0x00, 0xFF, 0xFF, 0x00, 0xFF, 0x5A, 0x92, 0x72, 0x7D, 0xDF, 0xA7, 0x1F, 0x2E,
		0x24, 0xFF, 0x00, 0xFF, 0xFF, 0x00, 0xFF, 0xFF, 0x00, 0xFF, 0xFF, 0x00, 0xFF, 0xFF, 0x00, 0xFF,
		0xFF, 0x00, 0xFF, 0xFF, 0x00, 0xFF, 0xFF, 0x00, 0xFF, 0xFF, 0x00, 0xFF, 0xFF, 0x00, 0xFF, 0xFF,
		0x00, 0xFF, 0xFF, 0x00, 0xFF, 0xFF, 0x00, 0xFF, 0xFF, 0x00, 0xFF, 0xFF, 0x00, 0xFF, 0xFF, 0x00,
		0xFF, 0xFF, 0x00, 0xFF, 0xFF, 0x00, 0xFF, 0xFF, 0x00, 0xFF, 0xFF, 0x00, 0xFF, 0xFF, 0x00, 0xFF,
		0x15, 0x24, 0x16, 0x61, 0xEA, 0x9B, 0x61, 0xEA, 0x9B, 0x61, 0xEA, 0x9B, 0x61, 0xEA, 0x9B, 0x61,
		0xEA, 0x9B, 0x61, 0xEA, 0x9B, 0x61, 0xEA, 0x9B, 0x61, 0xEA, 0x9B, 0x61, 0xEA, 0x9B, 0x61, 0xEA,
		0x9B, 0x61, 0xEA, 0x9B, 0x61, 0xEA, 0x9B, 0x61, 0xEA, 0x9B, 0x15, 0x24, 0x16, 0xFF, 0x00, 0xFF,
		0xFF, 0x00, 0xFF, 0xFF, 0x00, 0xFF, 0xFF, 0x00, 0xFF, 0xFF, 0x00, 0xFF, 0xFF, 0x00, 0xFF, 0xFF,
		0x00, 0xFF, 0xFF, 0x00, 0xFF, 0xFF, 0x00, 0xFF, 0xFF, 0x00, 0xFF, 0xFF, 0x00, 0xFF, 0xFF, 0x00,
		0xFF, 0xFF, 0x00, 0xFF, 0x1F, 0x2E, 0x24, 0x61, 0xEA, 0x9B, 0x61, 0xEA, 0x9B, 0x61, 0xEA, 0x9B,
		0x61, 0xEA, 0x9B, 0x61, 0xEA, 0x9B, 0x61, 0xEA, 0x9B, 0x61, 0xEA, 0x9B, 0x61, 0xEA, 0x9B, 0x61,
		0xEA, 0x9B, 0x61, 0xEA, 0x9B, 0x61, 0xEA, 0x9B, 0x61, 0xEA, 0x9B, 0x61, 0xEA, 0x9B, 0x61, 0xEA,
		0x9B, 0x61, 0xEA, 0x9B, 0x61, 0xEA, 0x9B, 0x61, 0xEA, 0x9B, 0x1F, 0x2E, 0x24, 0xFF, 0x00, 0xFF,
		0xFF, 0x00, 0xFF, 0xFF, 0x00, 0xFF, 0xFF, 0x00, 0xFF, 0xFF, 0x00, 0xFF, 0xFF, 0x00, 0xFF, 0xFF,
		0x00, 0xFF, 0xFF, 0x00, 0xFF, 0xFF, 0x00, 0xFF, 0xFF, 0x00, 0xFF, 0xFF, 0x00, 0xFF, 0xFF, 0x00,
		0xFF, 0xFF, 0x00, 0xFF, 0xFF, 0x00, 0xFF, 0x80, 0x80, 0x80, 0x85, 0xCB, 0xE5, 0x41, 0xA6, 0xCB,
		0x41, 0xA6, 0xCB, 0x41, 0xA6, 0xCB, 0x41, 0xA6, 0xCB, 0x41, 0xA6, 0xCB, 0x41, 0xA6, 0xCB, 0x21,
		0x2B, 0x2E, 0xFF, 0x00, 0xFF, 0xFF, 0x00, 0xFF, 0xFF, 0x00, 0xFF, 0xFF, 0x00, 0xFF, 0xFF, 0x00,
		0xFF, 0xFF, 0x00, 0xFF, 0xFF, 0x00, 0xFF, 0xFF, 0x00, 0xFF, 0xFF, 0x00, 0xFF, 0xFF, 0x00, 0xFF,
		0xFF, 0x00, 0xFF, 0xFF, 0x00, 0xFF, 0xFF, 0x00, 0xFF, 0xFF, 0x00, 0xFF, 0xFF, 0x00, 0xFF, 0xFF,
		0x00, 0xFF, 0xFF, 0x00, 0xFF, 0xFF, 0x00, 0xFF, 0xFF, 0x00, 0xFF, 0xFF, 0x00, 0xFF, 0x4F, 0x96,
		0x6E, 0x6B, 0xE6, 0x9F, 0x15, 0x22, 0x17, 0xFF, 0x00, 0xFF, 0xFF, 0x00, 0xFF, 0xFF, 0x00, 0xFF,
		0xFF, 0x00, 0xFF, 0x21, 0x2B, 0x2E, 0xFF, 0x00, 0xFF, 0xFF, 0x00, 0xFF, 0xFF, 0x00, 0xFF, 0xFF,
		0x00, 0xFF, 0xFF, 0x00, 0xFF, 0x15, 0x22, 0x17, 0x6B, 0xE6, 0x9F, 0x4F, 0x96, 0x6E, 0xFF, 0x00,
		0xFF, 0xFF, 0x00, 0xFF, 0xFF, 0x00, 0xFF, 0xFF, 0x00, 0xFF, 0xFF, 0x00, 0xFF, 0xFF, 0x00, 0xFF,
		0xFF, 0x00, 0xFF, 0xFF, 0x00, 0xFF, 0xFF, 0x00, 0xFF, 0xFF, 0x00, 0xFF, 0x4F, 0x96, 0x6E, 0x4F,
		0x96, 0x6E, 0x4F, 0x96, 0x6E, 0x4F, 0x96, 0x6E, 0x4F, 0x96, 0x6E, 0x6B, 0xE6, 0x9F, 0x15, 0x22,
		0x17, 0xFF, 0x00, 0xFF, 0xFF, 0x00, 0xFF, 0x80, 0x80, 0x80, 0x85, 0xCB, 0xE5, 0x41, 0xA6, 0xCB,
		0x41, 0xA6, 0xCB, 0x41, 0xA6, 0xCB, 0x41, 0xA6, 0xCB, 0x41, 0xA6, 0xCB, 0x41, 0xA6, 0xCB, 0x21,
		0x2B, 0x2E, 0xFF, 0x00, 0xFF, 0xFF, 0x00, 0xFF, 0xFF, 0x00, 0xFF, 0x15, 0x22, 0x17, 0x6B, 0xE6,
		0x9F, 0x4F, 0x96, 0x6E, 0x4F, 0x96, 0x6E, 0x4F, 0x96, 0x6E, 0x4F, 0x96, 0x6E, 0x4F, 0x96, 0x6E,
		0xFF, 0x00, 0xFF, 0xFF, 0x00, 0xFF, 0xFF, 0x00, 0xFF, 0xFF, 0x00, 0xFF, 0xFF, 0x00, 0xFF, 0xFF,
		0x00, 0xFF, 0xFF, 0x00, 0xFF, 0xFF, 0x00, 0xFF, 0xFF, 0x00, 0xFF, 0xFF, 0x00, 0xFF, 0xFF, 0x00,
		0xFF, 0xFF, 0x00, 0xFF, 0xFF, 0x00, 0xFF, 0x80, 0x80, 0x80, 0x85, 0xCB, 0xE5, 0x41, 0xA6, 0xCB,
		0x41, 0xA6, 0xCB, 0x41, 0xA6, 0xCB, 0x41, 0xA6, 0xCB, 0x41, 0xA6, 0xCB, 0x41, 0xA6, 0xCB, 0x21,
		0x2B, 0x2E, 0xFF, 0x00, 0xFF, 0xFF, 0x00, 0xFF, 0xFF, 0x00, 0xFF, 0xFF, 0x00, 0xFF, 0xFF, 0x00,
		0xFF, 0xFF, 0x00, 0xFF, 0xFF, 0x00, 0xFF, 0xFF, 0x00, 0xFF, 0xFF, 0x00, 0xFF, 0xFF, 0x00, 0xFF,
		0xFF, 0x00, 0xFF, 0xFF, 0x00, 0xFF, 0xFF, 0x00, 0xFF, 0xFF, 0x00, 0xFF, 0xFF, 0x00, 0xFF, 0xFF,
		0x00, 0xFF, 0xFF, 0x00, 0xFF, 0xFF, 0x00, 0xFF, 0xFF, 0x00, 0xFF, 0xFF, 0x00, 0xFF, 0xFF, 0x00,
		0xFF, 0xFF, 0x00, 0xFF, 0xFF, 0x00, 0xFF, 0x80, 0x80, 0x80, 0x85, 0xCB, 0xE5, 0x41, 0xA6, 0xCB,
		0x41, 0xA6, 0xCB, 0x41, 0xA6, 0xCB, 0x41, 0xA6, 0xCB, 0x41, 0xA6, 0xCB, 0x41, 0xA6, 0xCB, 0x21,
		0x2B, 0x2E, 0xFF, 0x00, 0xFF, 0xFF, 0x00, 0xFF, 0xFF, 0x00, 0xFF, 0xFF, 0x00, 0xFF, 0xFF, 0x00,
		0xFF, 0xFF, 0x00, 0xFF, 0xFF, 0x00, 0xFF, 0xFF, 0x00, 0xFF, 0xFF, 0x00, 0xFF, 0xFF, 0x00, 0xFF,
		0xFF, 0x00, 0xFF, 0xFF, 0x00, 0xFF, 0xFF, 0x00, 0xFF, 0xFF, 0x00, 0xFF, 0xFF, 0x00, 0xFF, 0xFF,
		0x00, 0xFF, 0xFF, 0x00, 0xFF, 0xFF, 0x00, 0xFF, 0x22, 0x30, 0x25, 0x5A, 0xD6, 0x8F, 0x61, 0xEA,
		0x9B, 0x61, 0xEA, 0x9B, 0x61, 0xEA, 0x9B, 0x61, 0xEA, 0x9B, 0x61, 0xEA, 0x9B, 0x61, 0xEA, 0x9B,
		0x61, 0xEA, 0x9B, 0x61, 0xEA, 0x9B, 0x61, 0xEA, 0x9B, 0x61, 0xEA, 0x9B, 0x61, 0xEA, 0x9B, 0x61,
		0xEA, 0x9B, 0x61, 0xEA, 0x9B, 0x61, 0xEA, 0x9B, 0x61, 0xEA, 0x9B, 0x61, 0xEA, 0x9B, 0x5A, 0xD6,
		0x8F, 0x22, 0x30, 0x25, 0xFF, 0x00, 0xFF, 0xFF, 0x00, 0xFF, 0xFF, 0x00, 0xFF, 0xFF, 0x00, 0xFF,
		0xFF, 0x00, 0xFF, 0xFF, 0x00, 0xFF, 0xFF, 0x00, 0xFF, 0xFF, 0x00, 0xFF, 0xFF, 0x00, 0xFF, 0xFF,
		0x00, 0xFF, 0xFF, 0x00, 0xFF, 0xFF, 0x00, 0xFF, 0x1F, 0x2E, 0x24, 0x61, 0xEA, 0x9B, 0x61, 0xEA,
		0x9B, 0x61, 0xEA, 0x9B, 0x61, 0xEA, 0x9B, 0x61, 0xEA, 0x9B, 0x61, 0xEA, 0x9B, 0x61, 0xEA, 0x9B,
		0x61, 0xEA, 0x9B, 0x61, 0xEA, 0x9B, 0x61, 0xEA, 0x9B, 0x61, 0xEA, 0x9B, 0x61, 0xEA, 0x9B, 0x61,
		0xEA, 0x9B, 0x61, 0xEA, 0x9B, 0x61, 0xEA, 0x9B, 0x61, 0xEA, 0x9B, 0x61, 0xEA, 0x9B, 0x61, 0xEA,
		0x9B, 0x1F, 0x2E, 0x24, 0xFF, 0x00, 0xFF, 0xFF, 0x00, 0xFF, 0xFF, 0x00, 0xFF, 0xFF, 0x00, 0xFF,
		0xFF, 0x00, 0xFF, 0xFF, 0x00, 0xFF, 0xFF, 0x00, 0xFF, 0xFF, 0x00, 0xFF, 0xFF, 0x00, 0xFF, 0xFF,
		0x00, 0xFF, 0xFF, 0x00, 0xFF, 0xFF, 0x00, 0xFF, 0xFF, 0x00, 0xFF, 0xFF, 0x00, 0xFF, 0xFF, 0x00,
		0xFF, 0xFF, 0x00, 0xFF, 0xFF, 0x00, 0xFF, 0xFF, 0x00, 0xFF, 0xFF, 0x00, 0xFF, 0xFF, 0x00, 0xFF,
		0xFF, 0x00, 0xFF, 0xFF, 0x00, 0xFF, 0xFF, 0x00, 0xFF, 0xFF, 0x00, 0xFF, 0xFF, 0x00, 0xFF, 0xFF,
		0x00, 0xFF, 0xFF, 0x00, 0xFF, 0xFF, 0x00, 0xFF, 0xFF, 0x00, 0xFF, 0xFF, 0x00, 0xFF, 0x5A, 0x92,
		0x72, 0x7D, 0xDF, 0xA7, 0x1F, 0x2E, 0x24, 0xFF, 0x00, 0xFF, 0xFF, 0x00, 0xFF, 0xFF, 0x00, 0xFF,
		0xFF, 0x00, 0xFF, 0xFF, 0x00, 0xFF, 0xFF, 0x00, 0xFF, 0xFF, 0x00, 0xFF, 0xFF, 0x00, 0xFF, 0xFF,
		0x00, 0xFF, 0xFF, 0x00, 0xFF, 0xFF, 0x00, 0xFF, 0xFF, 0x00, 0xFF, 0xFF, 0x00, 0xFF, 0xFF, 0x00,
		0xFF, 0xFF, 0x00, 0xFF, 0xFF, 0x00, 0xFF, 0xFF, 0x00, 0xFF, 0xFF, 0x00, 0xFF, 0xFF, 0x00, 0xFF,
		0xFF, 0x00, 0xFF, 0xFF, 0x00, 0xFF, 0xFF, 0x00, 0xFF, 0xFF, 0x00, 0xFF, 0xFF, 0x00, 0xFF, 0xFF,
		0x00, 0xFF, 0xFF, 0x00, 0xFF, 0xFF, 0x00, 0xFF, 0xFF, 0x00, 0xFF, 0xFF, 0x00, 0xFF, 0x5A, 0x92,
		0x72, 0x7D, 0xDF, 0xA7, 0x1F, 0x2E, 0x24, 0xFF, 0x00, 0xFF, 0xFF, 0x00, 0xFF, 0xFF, 0x00, 0xFF,
		0xFF, 0x00, 0xFF, 0xFF, 0x00, 0xFF, 0xFF, 0x00, 0xFF, 0xFF, 0x00, 0xFF, 0xFF, 0x00, 0xFF, 0xFF,
		0x00, 0xFF, 0xFF, 0x00, 0xFF, 0xFF, 0x00, 0xFF, 0xFF, 0x00, 0xFF, 0xFF, 0x00, 0xFF, 0xFF, 0x00,
		0xFF, 0xFF, 0x00, 0xFF, 0xFF, 0x00, 0xFF, 0xFF, 0x00, 0xFF, 0xFF, 0x00, 0xFF, 0xFF, 0x00, 0xFF,
		0xFF, 0x00, 0xFF, 0xFF, 0x00, 0xFF, 0xFF, 0x00, 0xFF, 0xFF, 0x00, 0xFF, 0xFF, 0x00, 0xFF, 0xFF,
		0x00, 0xFF, 0xFF, 0x00, 0xFF, 0xFF, 0x00, 0xFF, 0x5A, 0x92, 0x72, 0x7D, 0xDF, 0xA7, 0x1F, 0x2E,
		0x24, 0xFF, 0x00, 0xFF, 0xFF, 0x00, 0xFF, 0xFF, 0x00, 0xFF, 0xFF, 0x00, 0xFF, 0xFF, 0x00, 0xFF,
		0xFF, 0x00, 0xFF, 0xFF, 0x00, 0xFF, 0xFF, 0x00, 0xFF, 0xFF, 0x00, 0xFF, 0xFF, 0x00, 0xFF, 0xFF,
		0x00, 0xFF, 0xFF, 0x00, 0xFF, 0xFF, 0x00, 0xFF, 0xFF, 0x00, 0xFF, 0xFF, 0x00, 0xFF, 0xFF, 0x00,
		0xFF, 0xFF, 0x00, 0xFF, 0xFF, 0x00, 0xFF, 0xFF, 0x00, 0xFF, 0xFF, 0x00, 0xFF, 0xFF, 0x00, 0xFF,
		0xFF, 0x00, 0xFF, 0x32, 0x47, 0x35, 0x58, 0xD0, 0x8B, 0x61, 0xEA, 0x9B, 0x61, 0xEA, 0x9B, 0x61,
		0xEA, 0x9B, 0x61, 0xEA, 0x9B, 0x61, 0xEA, 0x9B, 0x61, 0xEA, 0x9B, 0x61, 0xEA, 0x9B, 0x61, 0xEA,
		0x9B, 0x61, 0xEA, 0x9B, 0x58, 0xD0, 0x8B, 0x32, 0x47, 0x35, 0xFF, 0x00, 0xFF, 0xFF, 0x00, 0xFF,
		0xFF, 0x00, 0xFF, 0xFF, 0x00, 0xFF, 0xFF, 0x00, 0xFF, 0xFF, 0x00, 0xFF, 0xFF, 0x00, 0xFF, 0xFF,
		0x00, 0xFF, 0xFF, 0x00, 0xFF, 0xFF, 0x00, 0xFF, 0xFF, 0x00, 0xFF, 0xFF, 0x00, 0xFF, 0xFF, 0x00,
		0xFF, 0xFF, 0x00, 0xFF, 0x23, 0x30, 0x26, 0x5A, 0xD6, 0x8F, 0x61, 0xEA, 0x9B, 0x61, 0xEA, 0x9B,
		0x61, 0xEA, 0x9B, 0x61, 0xEA, 0x9B, 0x61, 0xEA, 0x9B, 0x61, 0xEA, 0x9B, 0x61, 0xEA, 0x9B, 0x61,
		0xEA, 0x9B, 0x61, 0xEA, 0x9B, 0x61, 0xEA, 0x9B, 0x61, 0xEA, 0x9B, 0x61, 0xEA, 0x9B, 0x61, 0xEA,
		0x9B, 0x61, 0xEA, 0x9B, 0x61, 0xEA, 0x9B, 0x5A, 0xD6, 0x8F, 0x23, 0x30, 0x26, 0xFF, 0x00, 0xFF,
		0xFF, 0x00, 0xFF, 0xFF, 0x00, 0xFF, 0xFF, 0x00, 0xFF, 0xFF, 0x00, 0xFF, 0xFF, 0x00, 0xFF, 0xFF,
		0x00, 0xFF, 0xFF, 0x00, 0xFF, 0xFF, 0x00, 0xFF, 0xFF, 0x00, 0xFF, 0xFF, 0x00, 0xFF, 0xFF, 0x00,
		0xFF, 0xFF, 0x00, 0xFF, 0xFF, 0x00, 0xFF, 0xFF, 0x00, 0xFF, 0xFF, 0x00, 0xFF, 0xFF, 0x00, 0xFF,
		0xFF, 0x00, 0xFF, 0xFF, 0x00, 0xFF, 0xFF, 0x00, 0xFF, 0xFF, 0x00, 0xFF, 0xFF, 0x00, 0xFF, 0xFF,
		0x00, 0xFF, 0xFF, 0x00, 0xFF, 0xFF, 0x00, 0xFF, 0xFF, 0x00, 0xFF, 0xFF, 0x00, 0xFF, 0x5A, 0x92,
		0x72, 0x7D, 0xDF, 0xA7, 0x1F, 0x2E, 0x24, 0xFF, 0x00, 0xFF, 0xFF, 0x00, 0xFF, 0xFF, 0x00, 0xFF,
		0xFF, 0x00, 0xFF, 0xFF, 0x00, 0xFF, 0xFF, 0x00, 0xFF, 0xFF, 0x00, 0xFF, 0xFF, 0x00, 0xFF, 0xFF,
		0x00, 0xFF, 0xFF, 0x00, 0xFF, 0xFF, 0x00, 0xFF, 0xFF, 0x00, 0xFF, 0xFF, 0x00, 0xFF, 0xFF, 0x00,
		0xFF, 0xFF, 0x00, 0xFF, 0xFF, 0x00, 0xFF, 0xFF, 0x00, 0xFF, 0xFF, 0x00, 0xFF, 0xFF, 0x00, 0xFF,
		0xFF, 0x00, 0xFF, 0xFF, 0x00, 0xFF, 0xFF, 0x00, 0xFF, 0xFF, 0x00, 0xFF, 0xFF, 0x00, 0xFF, 0xFF,
		0x00, 0xFF, 0xFF, 0x00, 0xFF, 0xFF, 0x00, 0xFF, 0xFF, 0x00, 0xFF, 0xFF, 0x00, 0xFF, 0x5A, 0x92,
		0x72, 0x7D, 0xDF, 0xA7, 0x1F, 0x2E, 0x24, 0xFF, 0x00, 0xFF, 0xFF, 0x00, 0xFF, 0xFF, 0x00, 0xFF,
		0xFF, 0x00, 0xFF, 0xFF, 0x00, 0xFF, 0xFF, 0x00, 0xFF, 0xFF, 0x00, 0xFF, 0xFF, 0x00, 0xFF, 0xFF,
		0x00, 0xFF, 0xFF, 0x00, 0xFF, 0xFF, 0x00, 0xFF, 0xFF, 0x00, 0xFF, 0xFF, 0x00, 0xFF, 0xFF, 0x00,
		0xFF, 0xFF, 0x00, 0xFF, 0xFF, 0x00, 0xFF, 0xFF, 0x00, 0xFF, 0xFF, 0x00, 0xFF, 0xFF, 0x00, 0xFF,
		0xFF, 0x00, 0xFF, 0xFF, 0x00, 0xFF, 0xFF, 0x00, 0xFF, 0xFF, 0x00, 0xFF, 0xFF, 0x00, 0xFF, 0xFF,
		0x00, 0xFF, 0xFF, 0x00, 0xFF, 0xFF, 0x00, 0xFF, 0x5A, 0x92, 0x72, 0x7D, 0xDF, 0xA7, 0x1F, 0x2E,
		0x24, 0xFF, 0x00, 0xFF, 0xFF, 0x00, 0xFF, 0xFF, 0x00, 0xFF, 0xFF, 0x00, 0xFF, 0xFF, 0x00, 0xFF,
		0xFF, 0x00, 0xFF, 0xFF, 0x00, 0xFF, 0xFF, 0x00, 0xFF, 0xFF, 0x00, 0xFF, 0xFF, 0x00, 0xFF, 0xFF,
		0x00, 0xFF, 0xFF, 0x00, 0xFF, 0xFF, 0x00, 0xFF, 0xFF, 0x00, 0xFF, 0xFF, 0x00, 0xFF, 0xFF, 0x00,
		0xFF, 0xFF, 0x00, 0xFF, 0xFF, 0x00, 0xFF, 0xFF, 0x00, 0xFF, 0xFF, 0x00, 0xFF, 0xFF, 0x00, 0xFF,
		0x15, 0x24, 0x16, 0x61, 0xEA, 0x9B, 0x61, 0xEA, 0x9B, 0x61, 0xEA, 0x9B, 0x61, 0xEA, 0x9B, 0x61,
		0xEA, 0x9B, 0x61, 0xEA, 0x9B, 0x61, 0xEA, 0x9B, 0x61, 0xEA, 0x9B, 0x61, 0xEA, 0x9B, 0x61, 0xEA,
		0x9B, 0x61, 0xEA, 0x9B, 0x61, 0xEA, 0x9B, 0x61, 0xEA, 0x9B, 0x15, 0x24, 0x16, 0xFF, 0x00, 0xFF,
		0xFF, 0x00, 0xFF, 0xFF, 0x00, 0xFF, 0xFF, 0x00, 0xFF, 0xFF, 0x00, 0xFF, 0xFF, 0x00, 0xFF, 0xFF,
		0x00, 0xFF, 0xFF, 0x00, 0xFF, 0xFF, 0x00, 0xFF, 0xFF, 0x00, 0xFF, 0xFF, 0x00, 0xFF, 0xFF, 0x00,
		0xFF, 0xFF, 0x00, 0xFF, 0x1F, 0x2E, 0x24, 0x61, 0xEA, 0x9B, 0x61, 0xEA, 0x9B, 0x61, 0xEA, 0x9B,
		0x61, 0xEA, 0x9B, 0x61, 0xEA, 0x9B, 0x61, 0xEA, 0x9B, 0x61, 0xEA, 0x9B, 0x61, 0xEA, 0x9B, 0x61,
		0xEA, 0x9B, 0x61, 0xEA, 0x9B, 0x61, 0xEA, 0x9B, 0x61, 0xEA, 0x9B, 0x61, 0xEA, 0x9B, 0x61, 0xEA,
		0x9B, 0x61, 0xEA, 0x9B, 0x61, 0xEA, 0x9B, 0x61, 0xEA, 0x9B, 0x1F, 0x2E, 0x24, 0xFF, 0x00, 0xFF,
		0xFF, 0x00, 0xFF, 0xFF, 0x00, 0xFF, 0xFF, 0x00, 0xFF, 0xFF, 0x00, 0xFF, 0xFF, 0x00, 0xFF, 0xFF,
		0x00, 0xFF, 0xFF, 0x00, 0xFF, 0xFF, 0x00, 0xFF, 0xFF, 0x00, 0xFF, 0xFF, 0x00, 0xFF, 0xFF, 0x00,
		0xFF, 0xFF, 0x00, 0xFF, 0x80, 0x80, 0x80, 0x85, 0xCB, 0xE5, 0x41, 0xA6, 0xCB, 0x41, 0xA6, 0xCB,
		0x41, 0xA6, 0xCB, 0x41, 0xA6, 0xCB, 0x41, 0xA6, 0xCB, 0x41, 0xA6, 0xCB, 0x41, 0xA6, 0xCB, 0x41,
		0xA6, 0xCB, 0x21, 0x2B, 0x2E, 0xFF, 0x00, 0xFF, 0xFF, 0x00, 0xFF, 0xFF, 0x00, 0xFF, 0xFF, 0x00,
		0xFF, 0xFF, 0x00, 0xFF, 0xFF, 0x00, 0xFF, 0xFF, 0x00, 0xFF, 0xFF, 0x00, 0xFF, 0xFF, 0x00, 0xFF,
		0xFF, 0x00, 0xFF, 0xFF, 0x00, 0xFF, 0xFF, 0x00, 0xFF, 0xFF, 0x00, 0xFF, 0xFF, 0x00, 0xFF, 0xFF,
		0x00, 0xFF, 0xFF, 0x00, 0xFF, 0xFF, 0x00, 0xFF, 0xFF, 0x00, 0xFF, 0xFF, 0x00, 0xFF, 0x4F, 0x96,
		0x6E, 0x6B, 0xE6, 0x9F, 0x15, 0x22, 0x17, 0xFF, 0x00, 0xFF, 0xFF, 0x00, 0xFF, 0xFF, 0x00, 0xFF,
		0xFF, 0x00, 0xFF, 0xFF, 0x00, 0xFF, 0xFF, 0x00, 0xFF, 0xFF, 0x00, 0xFF, 0xFF, 0x00, 0xFF, 0xFF,
		0x00, 0xFF, 0xFF, 0x00, 0xFF, 0x15, 0x22, 0x17, 0x6B, 0xE6, 0x9F, 0x4F, 0x96, 0x6E, 0xFF, 0x00,
		0xFF, 0xFF, 0x00, 0xFF, 0xFF, 0x00, 0xFF, 0xFF, 0x00, 0xFF, 0xFF, 0x00, 0xFF, 0xFF, 0x00, 0xFF,
		0xFF, 0x00, 0xFF, 0xFF, 0x00, 0xFF, 0xFF, 0x00, 0xFF, 0xFF, 0x00, 0xFF, 0x6B, 0xE6, 0x9F, 0x6B,
		0xE6, 0x9F, 0x6B, 0xE6, 0x9F, 0x6B, 0xE6, 0x9F, 0x6B, 0xE6, 0x9F, 0x15, 0x22, 0x17, 0xFF, 0x00,
		0xFF, 0xFF, 0x00, 0xFF, 0x80, 0x80, 0x80, 0x85, 0xCB, 0xE5, 0x41, 0xA6, 0xCB, 0x41, 0xA6, 0xCB,
		0x41, 0xA6, 0xCB, 0x41, 0xA6, 0xCB, 0x41, 0xA6, 0xCB, 0x41, 0xA6, 0xCB, 0x41, 0xA6, 0xCB, 0x41,
		0xA6, 0xCB, 0x21, 0x2B, 0x2E, 0xFF, 0x00, 0xFF, 0xFF, 0x00, 0xFF, 0xFF, 0x00, 0xFF, 0x15, 0x22,
		0x17, 0x6B, 0xE6, 0x9F, 0x6B, 0xE6, 0x9F, 0x6B, 0xE6, 0x9F, 0x6B, 0xE6, 0x9F, 0x6B, 0xE6, 0x9F,
		0xFF, 0x00, 0xFF, 0xFF, 0x00, 0xFF, 0xFF, 0x00, 0xFF, 0xFF, 0x00, 0xFF, 0xFF, 0x00, 0xFF, 0xFF,
		0x00, 0xFF, 0xFF, 0x00, 0xFF, 0xFF, 0x00, 0xFF, 0xFF, 0x00, 0xFF, 0xFF, 0x00, 0xFF, 0xFF, 0x00,
		0xFF, 0xFF, 0x00, 0xFF, 0x80, 0x80, 0x80, 0x85, 0xCB, 0xE5, 0x41, 0xA6, 0xCB, 0x41, 0xA6, 0xCB,
		0x41, 0xA6, 0xCB, 0x41, 0xA6, 0xCB, 0x41, 0xA6, 0xCB, 0x41, 0xA6, 0xCB, 0x41, 0xA6, 0xCB, 0x41,
		0xA6, 0xCB, 0x21, 0x2B, 0x2E, 0xFF, 0x00, 0xFF, 0xFF, 0x00, 0xFF, 0xFF, 0x00, 0xFF, 0xFF, 0x00,
		0xFF, 0xFF, 0x00, 0xFF, 0xFF, 0x00, 0xFF, 0xFF, 0x00, 0xFF, 0xFF, 0x00, 0xFF, 0xFF, 0x00, 0xFF,
		0xFF, 0x00, 0xFF, 0xFF, 0x00, 0xFF, 0xFF, 0x00, 0xFF, 0xFF, 0x00, 0xFF, 0xFF, 0x00, 0xFF, 0xFF,
		0x00, 0xFF, 0xFF, 0x00, 0xFF, 0xFF, 0x00, 0xFF, 0xFF, 0x00, 0xFF, 0xFF, 0x00, 0xFF, 0xFF, 0x00,
		0xFF, 0xFF, 0x00, 0xFF, 0x80, 0x80, 0x80, 0x85, 0xCB, 0xE5, 0x41, 0xA6, 0xCB, 0x41, 0xA6, 0xCB,
		0x41, 0xA6, 0xCB, 0x41, 0xA6, 0xCB, 0x41, 0xA6, 0xCB, 0x41, 0xA6, 0xCB, 0x41, 0xA6, 0xCB, 0x41,
		0xA6, 0xCB, 0x21, 0x2B, 0x2E, 0xFF, 0x00, 0xFF, 0xFF, 0x00, 0xFF, 0xFF, 0x00, 0xFF, 0xFF, 0x00,
		0xFF, 0xFF, 0x00, 0xFF, 0xFF, 0x00, 0xFF, 0xFF, 0x00, 0xFF, 0xFF, 0x00, 0xFF, 0xFF, 0x00, 0xFF,
		0xFF, 0x00, 0xFF, 0xFF, 0x00, 0xFF, 0xFF, 0x00, 0xFF, 0xFF, 0x00, 0xFF, 0xFF, 0x00, 0xFF, 0xFF,
		0x00, 0xFF, 0xFF, 0x00, 0xFF, 0xFF, 0x00, 0xFF, 0x33, 0x39, 0x2B, 0x4A, 0xA7, 0x70, 0x61, 0xEA,
		0x9B, 0x61, 0xEA, 0x9B, 0x61, 0xEA, 0x9B, 0x61, 0xEA, 0x9B, 0x61, 0xEA, 0x9B, 0x61, 0xEA, 0x9B,
		0x61, 0xEA, 0x9B, 0x61, 0xEA, 0x9B, 0x61, 0xEA, 0x9B, 0x61, 0xEA, 0x9B, 0x61, 0xEA, 0x9B, 0x61,
		0xEA, 0x9B, 0x61, 0xEA, 0x9B, 0x61, 0xEA, 0x9B, 0x61, 0xEA, 0x9B, 0x61, 0xEA, 0x9B, 0x4A, 0xA7,
		0x70, 0x33, 0x39, 0x2B, 0xFF, 0x00, 0xFF, 0xFF, 0x00, 0xFF, 0xFF, 0x00, 0xFF, 0xFF, 0x00, 0xFF,
		0xFF, 0x00, 0xFF, 0xFF, 0x00, 0xFF, 0xFF, 0x00, 0xFF, 0xFF, 0x00, 0xFF, 0xFF, 0x00, 0xFF, 0xFF,
		0x00, 0xFF, 0xFF, 0x00, 0xFF, 0xFF, 0x00, 0xFF, 0x1F, 0x2E, 0x24, 0x61, 0xEA, 0x9B, 0x61, 0xEA,
		0x9B, 0x61, 0xEA, 0x9B, 0x61, 0xEA, 0x9B, 0x61, 0xEA, 0x9B, 0x61, 0xEA, 0x9B, 0x61, 0xEA, 0x9B,
		0x61, 0xEA, 0x9B, 0x61, 0xEA, 0x9B, 0x61, 0xEA, 0x9B, 0x61, 0xEA, 0x9B, 0x61, 0xEA, 0x9B, 0x61,
		0xEA, 0x9B, 0x61, 0xEA, 0x9B, 0x61, 0xEA, 0x9B, 0x61, 0xEA, 0x9B, 0x61, 0xEA, 0x9B, 0x61, 0xEA,
		0x9B, 0x1F, 0x2E, 0x24, 0xFF, 0x00, 0xFF, 0xFF, 0x00, 0xFF, 0xFF, 0x00, 0xFF, 0xFF, 0x00, 0xFF,
		0xFF, 0x00, 0xFF, 0xFF, 0x00, 0xFF, 0xFF, 0x00, 0xFF, 0xFF, 0x00, 0xFF, 0xFF, 0x00, 0xFF, 0xFF,
		0x00, 0xFF, 0xFF, 0x00, 0xFF, 0xFF, 0x00, 0xFF, 0xFF, 0x00, 0xFF, 0xFF, 0x00, 0xFF, 0xFF, 0x00,
		0xFF, 0xFF, 0x00, 0xFF, 0xFF, 0x00, 0xFF, 0xFF, 0x00, 0xFF, 0xFF, 0x00, 0xFF, 0xFF, 0x00, 0xFF,
		0xFF, 0x00, 0xFF, 0xFF, 0x00, 0xFF, 0xFF, 0x00, 0xFF, 0xFF, 0x00, 0xFF, 0xFF, 0x00, 0xFF, 0xFF,
		0x00, 0xFF, 0xFF, 0x00, 0xFF, 0xFF, 0x00, 0xFF, 0xFF, 0x00, 0xFF, 0xFF, 0x00, 0xFF, 0x5A, 0x92,
		0x72, 0x7D, 0xDF, 0xA7, 0x1F, 0x2E, 0x24, 0xFF, 0x00, 0xFF, 0xFF, 0x00, 0xFF, 0xFF, 0x00, 0xFF,
		0xFF, 0x00, 0xFF, 0xFF, 0x00, 0xFF, 0xFF, 0x00, 0xFF, 0xFF, 0x00, 0xFF, 0xFF, 0x00, 0xFF, 0xFF,
		0x00, 0xFF, 0xFF, 0x00, 0xFF, 0xFF, 0x00, 0xFF, 0xFF, 0x00, 0xFF, 0xFF, 0x00, 0xFF, 0xFF, 0x00,
		0xFF, 0xFF, 0x00, 0xFF, 0xFF, 0x00, 0xFF, 0xFF, 0x00, 0xFF, 0xFF, 0x00, 0xFF, 0xFF, 0x00, 0xFF,
		0xFF, 0x00, 0xFF, 0xFF, 0x00, 0xFF, 0xFF, 0x00, 0xFF, 0xFF, 0x00, 0xFF, 0xFF, 0x00, 0xFF, 0xFF,
		0x00, 0xFF, 0xFF, 0x00, 0xFF, 0xFF, 0x00, 0xFF, 0xFF, 0x00, 0xFF, 0xFF, 0x00, 0xFF, 0x5A, 0x92,
		0x72, 0x7D, 0xDF, 0xA7, 0x1F, 0x2E, 0x24, 0xFF, 0x00, 0xFF, 0xFF, 0x00, 0xFF, 0xFF, 0x00, 0xFF,
		0xFF, 0x00, 0xFF, 0xFF, 0x00, 0xFF, 0xFF, 0x00, 0xFF, 0xFF, 0x00, 0xFF, 0xFF, 0x00, 0xFF, 0xFF,
		0x00, 0xFF, 0xFF, 0x00, 0xFF, 0xFF, 0x00, 0xFF, 0xFF, 0x00, 0xFF, 0xFF, 0x00, 0xFF, 0xFF, 0x00,
		0xFF, 0xFF, 0x00, 0xFF, 0xFF, 0x00, 0xFF, 0xFF, 0x00, 0xFF, 0xFF, 0x00, 0xFF, 0xFF, 0x00, 0xFF,
		0xFF, 0x00, 0xFF, 0xFF, 0x00, 0xFF, 0xFF, 0x00, 0xFF, 0xFF, 0x00, 0xFF, 0xFF, 0x00, 0xFF, 0xFF,
		0x00, 0xFF, 0x79, 0x68, 0x4E, 0x3D, 0x41, 0x32, 0x22, 0x32, 0x27, 0x1F, 0x2E, 0x24, 0x1F, 0x2E,
		0x24, 0x3E, 0x42, 0x32, 0x79, 0x68, 0x4E, 0xFF, 0x00, 0xFF, 0xFF, 0x00, 0xFF, 0xFF, 0x00, 0xFF,
		0xFF, 0x00, 0xFF, 0xFF, 0x00, 0xFF, 0xFF, 0x00, 0xFF, 0xFF, 0x00, 0xFF, 0xFF, 0x00, 0xFF, 0xFF,
		0x00, 0xFF, 0xFF, 0x00, 0xFF, 0xFF, 0x00, 0xFF, 0xFF, 0x00, 0xFF, 0xFF, 0x00, 0xFF, 0xFF, 0x00,
		0xFF, 0xFF, 0x00, 0xFF, 0xFF, 0x00, 0xFF, 0xFF, 0x00, 0xFF, 0xFF, 0x00, 0xFF, 0xFF, 0x00, 0xFF,
		0x58, 0x53, 0x3E, 0x40, 0x8A, 0x5F, 0x61, 0xEA, 0x9B, 0x61, 0xEA, 0x9B, 0x61, 0xEA, 0x9B, 0x61,
		0xEA, 0x9B, 0x61, 0xEA, 0x9B, 0x61, 0xEA, 0x9B, 0x61, 0xEA, 0x9B, 0x61, 0xEA, 0x9B, 0x61, 0xEA,
		0x9B, 0x61, 0xEA, 0x9B, 0x61, 0xEA, 0x9B, 0x40, 0x8A, 0x5F, 0x58, 0x53, 0x3E, 0xFF, 0x00, 0xFF,
		0xFF, 0x00, 0xFF, 0xFF, 0x00, 0xFF, 0xFF, 0x00, 0xFF, 0xFF, 0x00, 0xFF, 0x1F, 0x2E, 0x24, 0x1F,
		0x2E, 0x24, 0x1F, 0x2E, 0x24, 0x1F, 0x2E, 0x24, 0x1F, 0x2E, 0x24, 0x1F, 0x2E, 0x24, 0x1F, 0x2E,
		0x24, 0x1F, 0x2E, 0x24, 0x1F, 0x2E, 0x24, 0x61, 0xE8, 0x9A, 0x61, 0xEA, 0x9B, 0x61, 0xEA, 0x9B,
		0x61, 0xEA, 0x9B, 0x61, 0xEA, 0x9B, 0x61, 0xEA, 0x9B, 0x61, 0xEA, 0x9B, 0x61, 0xEA, 0x9B, 0x61,
		0xEA, 0x9B, 0x61, 0xEA, 0x9B, 0x61, 0xEA, 0x9B, 0x61, 0xEA, 0x9B, 0x61, 0xEA, 0x9B, 0x61, 0xEA,
		0x9B, 0x61, 0xEA, 0x9B, 0x61, 0xEA, 0x9B, 0x61, 0xE8, 0x9A, 0x1F, 0x2E, 0x24, 0xFF, 0x00, 0xFF,
		0xFF, 0x00, 0xFF, 0xFF, 0x00, 0xFF, 0xFF, 0x00, 0xFF, 0xFF, 0x00, 0xFF, 0xFF, 0x00, 0xFF, 0xFF,
		0x00, 0xFF, 0xFF, 0x00, 0xFF, 0xFF, 0x00, 0xFF, 0xFF, 0x00, 0xFF, 0xFF, 0x00, 0xFF, 0xFF, 0x00,
		0xFF, 0xFF, 0x00, 0xFF, 0xFF, 0x00, 0xFF, 0xFF, 0x00, 0xFF, 0xFF, 0x00, 0xFF, 0xFF, 0x00, 0xFF,
		0xFF, 0x00, 0xFF, 0xFF, 0x00, 0xFF, 0xFF, 0x00, 0xFF, 0xFF, 0x00, 0xFF, 0xFF, 0x00, 0xFF, 0xFF,
		0x00, 0xFF, 0xFF, 0x00, 0xFF, 0xFF, 0x00, 0xFF, 0xFF, 0x00, 0xFF, 0xFF, 0x00, 0xFF, 0x5A, 0x92,
		0x72, 0x7D, 0xDF, 0xA7, 0x1F, 0x2E, 0x24, 0xFF, 0x00, 0xFF, 0xFF, 0x00, 0xFF, 0xFF, 0x00, 0xFF,
		0xFF, 0x00, 0xFF, 0xFF, 0x00, 0xFF, 0xFF, 0x00, 0xFF, 0xFF, 0x00, 0xFF, 0xFF, 0x00, 0xFF, 0xFF,
		0x00, 0xFF, 0xFF, 0x00, 0xFF, 0xFF, 0x00, 0xFF, 0xFF, 0x00, 0xFF, 0xFF, 0x00, 0xFF, 0xFF, 0x00,
		0xFF, 0xFF, 0x00, 0xFF, 0xFF, 0x00, 0xFF, 0xFF, 0x00, 0xFF, 0xFF, 0x00, 0xFF, 0xFF, 0x00, 0xFF,
		0xFF, 0x00, 0xFF, 0xFF, 0x00, 0xFF, 0xFF, 0x00, 0xFF, 0xFF, 0x00, 0xFF, 0xFF, 0x00, 0xFF, 0xFF,
		0x00, 0xFF, 0xFF, 0x00, 0xFF, 0xFF, 0x00, 0xFF, 0xFF, 0x00, 0xFF, 0xFF, 0x00, 0xFF, 0x5A, 0x92,
		0x72, 0x7D, 0xDF, 0xA7, 0x1F, 0x2E, 0x24, 0xFF, 0x00, 0xFF, 0xFF, 0x00, 0xFF, 0xFF, 0x00, 0xFF,
		0xFF, 0x00, 0xFF, 0xFF, 0x00, 0xFF, 0xFF, 0x00, 0xFF, 0xFF, 0x00, 0xFF, 0xFF, 0x00, 0xFF, 0xFF,
		0x00, 0xFF, 0xFF, 0x00, 0xFF, 0xFF, 0x00, 0xFF, 0xFF, 0x00, 0xFF, 0xFF, 0x00, 0xFF, 0xFF, 0x00,
		0xFF, 0xFF, 0x00, 0xFF, 0xFF, 0x00, 0xFF, 0xFF, 0x00, 0xFF, 0xFF, 0x00, 0xFF, 0xFF, 0x00, 0xFF,
		0xFF, 0x00, 0xFF, 0xFF, 0x00, 0xFF, 0xFF, 0x00, 0xFF, 0xFF, 0x00, 0xFF, 0x00, 0x00, 0x00, 0x00,
		0x00, 0x00, 0x00, 0x00, 0x00, 0x00, 0x00, 0x00, 0x00, 0x00, 0x00, 0x00, 0x00, 0x00, 0x00, 0x00,
		0x00, 0x00, 0x00, 0x00, 0x00, 0x00, 0x00, 0x00, 0x00, 0x00, 0x00, 0x00, 0x00, 0xFF, 0x00, 0xFF,
		0xFF, 0x00, 0xFF, 0xFF, 0x00, 0xFF, 0xFF, 0x00, 0xFF, 0xFF, 0x00, 0xFF, 0xFF, 0x00, 0xFF, 0xFF,
		0x00, 0xFF, 0xFF, 0x00, 0xFF, 0xFF, 0x00, 0xFF, 0xFF, 0x00, 0xFF, 0xFF, 0x00, 0xFF, 0xFF, 0x00,
		0xFF, 0xFF, 0x00, 0xFF, 0xFF, 0x00, 0xFF, 0xFF, 0x00, 0xFF, 0xFF, 0x00, 0xFF, 0xFF, 0x00, 0xFF,
		0x15, 0x24, 0x16, 0x61, 0xEA, 0x9B, 0x61, 0xEA, 0x9B, 0x61, 0xEA, 0x9B, 0x61, 0xEA, 0x9B, 0x61,
		0xEA, 0x9B, 0x61, 0xEA, 0x9B, 0x61, 0xEA, 0x9B, 0x61, 0xEA, 0x9B, 0x61, 0xEA, 0x9B, 0x61, 0xEA,
		0x9B, 0x61, 0xEA, 0x9B, 0x61, 0xEA, 0x9B, 0x61, 0xEA, 0x9B, 0x15, 0x24, 0x16, 0xFF, 0x00, 0xFF,
		0xFF, 0x00, 0xFF, 0xFF, 0x00, 0xFF, 0xFF, 0x00, 0xFF, 0xFF, 0x00, 0xFF, 0x1F, 0x2E, 0x24, 0x1F,
		0x2E, 0x24, 0x1F, 0x2E, 0x24, 0x1F, 0x2E, 0x24, 0x1F, 0x2E, 0x24, 0x1F, 0x2E, 0x24, 0x1F, 0x2E,
		0x24, 0x1F, 0x2E, 0x24, 0x1F, 0x2E, 0x24, 0x61, 0xEA, 0x9B, 0x61, 0xEA, 0x9B, 0x61, 0xEA, 0x9B,
		0x61, 0xEA, 0x9B, 0x61, 0xEA, 0x9B, 0x61, 0xEA, 0x9B, 0x61, 0xEA, 0x9B, 0x61, 0xEA, 0x9B, 0x61,
		0xEA, 0x9B, 0x61, 0xEA, 0x9B, 0x61, 0xEA, 0x9B, 0x61, 0xEA, 0x9B, 0x61, 0xEA, 0x9B, 0x61, 0xEA,
		0x9B, 0x61, 0xEA, 0x9B, 0x61, 0xEA, 0x9B, 0x61, 0xEA, 0x9B, 0x1F, 0x2E, 0x24, 0xFF, 0x00, 0xFF,
		0xFF, 0x00, 0xFF, 0xFF, 0x00, 0xFF, 0xFF, 0x00, 0xFF, 0xFF, 0x00, 0xFF, 0xFF, 0x00, 0xFF, 0xFF,
		0x00, 0xFF, 0xFF, 0x00, 0xFF, 0xFF, 0x00, 0xFF, 0xFF, 0x00, 0xFF, 0xFF, 0x00, 0xFF, 0xFF, 0x00,
		0xFF, 0x80, 0x80, 0x80, 0x85, 0xCB, 0xE5, 0x41, 0xA6, 0xCB, 0x41, 0xA6, 0xCB, 0x41, 0xA6, 0xCB,
		0x41, 0xA6, 0xCB, 0x41, 0xA6, 0xCB, 0x41, 0xA6, 0xCB, 0x41, 0xA6, 0xCB, 0x41, 0xA6, 0xCB, 0x41,
		0xA6, 0xCB, 0x41, 0xA6, 0xCB, 0x21, 0x2B, 0x2E, 0xFF, 0x00, 0xFF, 0xFF, 0x00, 0xFF, 0xFF, 0x00,
		0xFF, 0xFF, 0x00, 0xFF, 0xFF, 0x00, 0xFF, 0xFF, 0x00, 0xFF, 0xFF, 0x00, 0xFF, 0xFF, 0x00, 0xFF,
		0xFF, 0x00, 0xFF, 0xFF, 0x00, 0xFF, 0xFF, 0x00, 0xFF, 0xFF, 0x00, 0xFF, 0xFF, 0x00, 0xFF, 0xFF,
		0x00, 0xFF, 0xFF, 0x00, 0xFF, 0xFF, 0x00, 0xFF, 0xFF, 0x00, 0xFF, 0xFF, 0x00, 0xFF, 0xFF, 0x00,
		0xFF, 0x4F, 0x96, 0x6E, 0x6B, 0xE6, 0x9F, 0x15, 0x22, 0x17, 0xFF, 0x00, 0xFF, 0xFF, 0x00, 0xFF,
		0xFF, 0x00, 0xFF, 0xFF, 0x00, 0xFF, 0xFF, 0x00, 0xFF, 0xFF, 0x00, 0xFF, 0xFF, 0x00, 0xFF, 0xFF,
		0x00, 0xFF, 0x15, 0x22, 0x17, 0x6B, 0xE6, 0x9F, 0x4F, 0x96, 0x6E, 0xFF, 0x00, 0xFF, 0xFF, 0x00,
		0xFF, 0xFF, 0x00, 0xFF, 0xFF, 0x00, 0xFF, 0xFF, 0x00, 0xFF, 0xFF, 0x00, 0xFF, 0xFF, 0x00, 0xFF,
		0xFF, 0x00, 0xFF, 0xFF, 0x00, 0xFF, 0xFF, 0x00, 0xFF, 0xFF, 0x00, 0xFF, 0x15, 0x22, 0x17, 0x15,
		0x22, 0x17, 0x15, 0x22, 0x17, 0x15, 0x22, 0x17, 0x15, 0x22, 0x17, 0x15, 0x22, 0x17, 0xFF, 0x00,
		0xFF, 0x80, 0x80, 0x80, 0x85, 0xCB, 0xE5, 0x41, 0xA6, 0xCB, 0x41, 0xA6, 0xCB, 0x41, 0xA6, 0xCB,
		0x41, 0xA6, 0xCB, 0x41, 0xA6, 0xCB, 0x41, 0xA6, 0xCB, 0x41, 0xA6, 0xCB, 0x41, 0xA6, 0xCB, 0x41,
		0xA6, 0xCB, 0x41, 0xA6, 0xCB, 0x21, 0x2B, 0x2E, 0xFF, 0x00, 0xFF, 0xFF, 0x00, 0xFF, 0x15, 0x22,
		0x17, 0x15, 0x22, 0x17, 0x15, 0x22, 0x17, 0x15, 0x22, 0x17, 0x15, 0x22, 0x17, 0x15, 0x22, 0x17,
		0xFF, 0x00, 0xFF, 0xFF, 0x00, 0xFF, 0xFF, 0x00, 0xFF, 0xFF, 0x00, 0xFF, 0xFF, 0x00, 0xFF, 0xFF,
		0x00, 0xFF, 0xFF, 0x00, 0xFF, 0xFF, 0x00, 0xFF, 0xFF, 0x00, 0xFF, 0xFF, 0x00, 0xFF, 0xFF, 0x00,
		0xFF, 0x80, 0x80, 0x80, 0x85, 0xCB, 0xE5, 0x41, 0xA6, 0xCB, 0x41, 0xA6, 0xCB, 0x41, 0xA6, 0xCB,
		0x41, 0xA6, 0xCB, 0x41, 0xA6, 0xCB, 0x41, 0xA6, 0xCB, 0x41, 0xA6, 0xCB, 0x41, 0xA6, 0xCB, 0x41,
		0xA6, 0xCB, 0x41, 0xA6, 0xCB, 0x21, 0x2B, 0x2E, 0xFF, 0x00, 0xFF, 0xFF, 0x00, 0xFF, 0xFF, 0x00,
		0xFF, 0xFF, 0x00, 0xFF, 0xFF, 0x00, 0xFF, 0xFF, 0x00, 0xFF, 0xFF, 0x00, 0xFF, 0xFF, 0x00, 0xFF,
		0xFF, 0x00, 0xFF, 0xFF, 0x00, 0xFF, 0xFF, 0x00, 0xFF, 0xFF, 0x00, 0xFF, 0xFF, 0x00, 0xFF, 0xFF,
		0x00, 0xFF, 0xFF, 0x00, 0xFF, 0xFF, 0x00, 0xFF, 0xFF, 0x00, 0xFF, 0xFF, 0x00, 0xFF, 0xFF, 0x00,
		0xFF, 0x80, 0x80, 0x80, 0x85, 0xCB, 0xE5, 0x41, 0xA6, 0xCB, 0x41, 0xA6, 0xCB, 0x41, 0xA6, 0xCB,
		0x41, 0xA6, 0xCB, 0x41, 0xA6, 0xCB, 0x41, 0xA6, 0xCB, 0x41, 0xA6, 0xCB, 0x41, 0xA6, 0xCB, 0x41,
		0xA6, 0xCB, 0x41, 0xA6, 0xCB, 0x21, 0x2B, 0x2E, 0xFF, 0x00, 0xFF, 0xFF, 0x00, 0xFF, 0xFF, 0x00,
		0xFF, 0xFF, 0x00, 0xFF, 0xFF, 0x00, 0xFF, 0xFF, 0x00, 0xFF, 0xFF, 0x00, 0xFF, 0xFF, 0x00, 0xFF,
		0xFF, 0x00, 0xFF, 0xFF, 0x00, 0xFF, 0xFF, 0x00, 0xFF, 0xFF, 0x00, 0xFF, 0xFF, 0x00, 0xFF, 0xFF,
		0x00, 0xFF, 0xFF, 0x00, 0xFF, 0xFF, 0x00, 0xFF, 0x63, 0x55, 0x3C, 0x32, 0x63, 0x45, 0x61, 0xE8,
		0x9A, 0x61, 0xEA, 0x9B, 0x61, 0xEA, 0x9B, 0x61, 0xEA, 0x9B, 0x61, 0xEA, 0x9B, 0x61, 0xEA, 0x9B,
		0x61, 0xEA, 0x9B, 0x61, 0xEA, 0x9B, 0x61, 0xEA, 0x9B, 0x61, 0xEA, 0x9B, 0x61, 0xEA, 0x9B, 0x61,
		0xEA, 0x9B, 0x61, 0xEA, 0x9B, 0x61, 0xEA, 0x9B, 0x61, 0xEA, 0x9B, 0x61, 0xE8, 0x9A, 0x32, 0x63,
		0x45, 0x62, 0x54, 0x3C, 0xFF, 0x00, 0xFF, 0xFF, 0x00, 0xFF, 0xFF, 0x00, 0xFF, 0xFF, 0x00, 0xFF,
		0xFF, 0x00, 0xFF, 0xFF, 0x00, 0xFF, 0xFF, 0x00, 0xFF, 0xFF, 0x00, 0xFF, 0xFF, 0x00, 0xFF, 0xFF,
		0x00, 0xFF, 0xFF, 0x00, 0xFF, 0xFF, 0x00, 0xFF, 0x1F, 0x2E, 0x24, 0x61, 0xEA, 0x9B, 0x61, 0xEA,
		0x9B, 0x61, 0xEA, 0x9B, 0x61, 0xEA, 0x9B, 0x61, 0xEA, 0x9B, 0x61, 0xEA, 0x9B, 0x61, 0xEA, 0x9B,
		0x61, 0xEA, 0x9B, 0x61, 0xEA, 0x9B, 0x61, 0xEA, 0x9B, 0x61, 0xEA, 0x9B, 0x61, 0xEA, 0x9B, 0x61,
		0xEA, 0x9B, 0x61, 0xEA, 0x9B, 0x61, 0xEA, 0x9B, 0x61, 0xEA, 0x9B, 0x61, 0xEA, 0x9B, 0x61, 0xEA,
		0x9B, 0x1F, 0x2E, 0x24, 0xFF, 0x00, 0xFF, 0xFF, 0x00, 0xFF, 0xFF, 0x00, 0xFF, 0xFF, 0x00, 0xFF,
		0xFF, 0x00, 0xFF, 0xFF, 0x00, 0xFF, 0xFF, 0x00, 0xFF, 0xFF, 0x00, 0xFF, 0xFF, 0x00, 0xFF, 0xFF,
		0x00, 0xFF, 0xFF, 0x00, 0xFF, 0xFF, 0x00, 0xFF, 0xFF, 0x00, 0xFF, 0xFF, 0x00, 0xFF, 0xFF, 0x00,
		0xFF, 0xFF, 0x00, 0xFF, 0xFF, 0x00, 0xFF, 0xFF, 0x00, 0xFF, 0xFF, 0x00, 0xFF, 0xFF, 0x00, 0xFF,
		0xFF, 0x00, 0xFF, 0xFF, 0x00, 0xFF, 0xFF, 0x00, 0xFF, 0xFF, 0x00, 0xFF, 0xFF, 0x00, 0xFF, 0xFF,
		0x00, 0xFF, 0xFF, 0x00, 0xFF, 0xFF, 0x00, 0xFF, 0xFF, 0x00, 0xFF, 0xFF, 0x00, 0xFF, 0x5A, 0x92,
		0x72, 0x7D, 0xDF, 0xA7, 0x1F, 0x2E, 0x24, 0xFF, 0x00, 0xFF, 0xFF, 0x00, 0xFF, 0xFF, 0x00, 0xFF,
		0xFF, 0x00, 0xFF, 0xFF, 0x00, 0xFF, 0xFF, 0x00, 0xFF, 0xFF, 0x00, 0xFF, 0xFF, 0x00, 0xFF, 0xFF,
		0x00, 0xFF, 0xFF, 0x00, 0xFF, 0xFF, 0x00, 0xFF, 0xFF, 0x00, 0xFF, 0xFF, 0x00, 0xFF, 0xFF, 0x00,
		0xFF, 0xFF, 0x00, 0xFF, 0xFF, 0x00, 0xFF, 0xFF, 0x00, 0xFF, 0xFF, 0x00, 0xFF, 0xFF, 0x00, 0xFF,
		0xFF, 0x00, 0xFF, 0xFF, 0x00, 0xFF, 0xFF, 0x00, 0xFF, 0xFF, 0x00, 0xFF, 0xFF, 0x00, 0xFF, 0xFF,
		0x00, 0xFF, 0xFF, 0x00, 0xFF, 0xFF, 0x00, 0xFF, 0xFF, 0x00, 0xFF, 0xFF, 0x00, 0xFF, 0x5A, 0x92,
		0x72, 0x7D, 0xDF, 0xA7, 0x1F, 0x2E, 0x24, 0xFF, 0x00, 0xFF, 0xFF, 0x00, 0xFF, 0xFF, 0x00, 0xFF,
		0xFF, 0x00, 0xFF, 0xFF, 0x00, 0xFF, 0xFF, 0x00, 0xFF, 0xFF, 0x00, 0xFF, 0xFF, 0x00, 0xFF, 0xFF,
		0x00, 0xFF, 0xFF, 0x00, 0xFF, 0xFF, 0x00, 0xFF, 0xFF, 0x00, 0xFF, 0xFF, 0x00, 0xFF, 0xFF, 0x00,
		0xFF, 0xFF, 0x00, 0xFF, 0xFF, 0x00, 0xFF, 0xFF, 0x00, 0xFF, 0xFF, 0x00, 0xFF, 0xFF, 0x00, 0xFF,
		0xFF, 0x00, 0xFF, 0xFF, 0x00, 0xFF, 0xFF, 0x00, 0xFF, 0xFF, 0x00, 0xFF, 0xFF, 0x00, 0xFF, 0x5C,
		0x55, 0x3F, 0x34, 0x63, 0x46, 0x4F, 0xB4, 0x79, 0x5F, 0xE3, 0x97, 0x61, 0xEA, 0x9B, 0x5F, 0xE3,
		0x97, 0x4F, 0xB4, 0x79, 0x34, 0x63, 0x46, 0x5C, 0x55, 0x3F, 0xFF, 0x00, 0xFF, 0xFF, 0x00, 0xFF,
		0xFF, 0x00, 0xFF, 0xFF, 0x00, 0xFF, 0xFF, 0x00, 0xFF, 0xFF, 0x00, 0xFF, 0xFF, 0x00, 0xFF, 0xFF,
		0x00, 0xFF, 0xFF, 0x00, 0xFF, 0xFF, 0x00, 0xFF, 0xFF, 0x00, 0xFF, 0xFF, 0x00, 0xFF, 0xFF, 0x00,
		0xFF, 0xFF, 0x00, 0xFF, 0xFF, 0x00, 0xFF, 0xFF, 0x00, 0xFF, 0xFF, 0x00, 0xFF, 0xFF, 0x00, 0xFF,
		0x31, 0x39, 0x2B, 0x56, 0xCA, 0x87, 0x61, 0xEA, 0x9B, 0x61, 0xEA, 0x9B, 0x61, 0xEA, 0x9B, 0x61,
		0xEA, 0x9B, 0x61, 0xEA, 0x9B, 0x61, 0xEA, 0x9B, 0x61, 0xEA, 0x9B, 0x61, 0xEA, 0x9B, 0x61, 0xEA,
		0x9B, 0x61, 0xEA, 0x9B, 0x61, 0xEA, 0x9B, 0x56, 0xCA, 0x87, 0x31, 0x39, 0x2B, 0xFF, 0x00, 0xFF,
		0xFF, 0x00, 0xFF, 0xFF, 0x00, 0xFF, 0xFF, 0x00, 0xFF, 0xFF, 0x00, 0xFF, 0x7D, 0xDF, 0xA7, 0x7D,
		0xDF, 0xA7, 0x7D, 0xDF, 0xA7, 0x7D, 0xDF, 0xA7, 0x7D, 0xDF, 0xA7, 0x7D, 0xDF, 0xA7, 0x7D, 0xDF,
		0xA7, 0x7D, 0xDF, 0xA7, 0x1F, 0x2E, 0x24, 0x61, 0xEA, 0x9B, 0x61, 0xEA, 0x9B, 0x61, 0xEA, 0x9B,
		0x61, 0xEA, 0x9B, 0x61, 0xEA, 0x9B, 0x61, 0xEA, 0x9B, 0x61, 0xEA, 0x9B, 0x61, 0xEA, 0x9B, 0x61,
		0xEA, 0x9B, 0x61, 0xEA, 0x9B, 0x61, 0xEA, 0x9B, 0x61, 0xEA, 0x9B, 0x61, 0xEA, 0x9B, 0x61, 0xEA,
		0x9B, 0x61, 0xEA, 0x9B, 0x61, 0xEA, 0x9B, 0x61, 0xEA, 0x9B, 0x1F, 0x2E, 0x24, 0xFF, 0x00, 0xFF,
		0xFF, 0x00, 0xFF, 0xFF, 0x00, 0xFF, 0xFF, 0x00, 0xFF, 0xFF, 0x00, 0xFF, 0xFF, 0x00, 0xFF, 0xFF,
		0x00, 0xFF, 0xFF, 0x00, 0xFF, 0xFF, 0x00, 0xFF, 0xFF, 0x00, 0xFF, 0xFF, 0x00, 0xFF, 0xFF, 0x00,
		0xFF, 0xFF, 0x00, 0xFF, 0xFF, 0x00, 0xFF, 0xFF, 0x00, 0xFF, 0xFF, 0x00, 0xFF, 0xFF, 0x00, 0xFF,
		0xFF, 0x00, 0xFF, 0xFF, 0x00, 0xFF, 0xFF, 0x00, 0xFF, 0xFF, 0x00, 0xFF, 0xFF, 0x00, 0xFF, 0xFF,
		0x00, 0xFF, 0xFF, 0x00, 0xFF, 0xFF, 0x00, 0xFF, 0xFF, 0x00, 0xFF, 0xFF, 0x00, 0xFF, 0x5A, 0x92,
		0x72, 0x7D, 0xDF, 0xA7, 0x1F, 0x2E, 0x24, 0xFF, 0x00, 0xFF, 0xFF, 0x00, 0xFF, 0xFF, 0x00, 0xFF,
		0xFF, 0x00, 0xFF, 0xFF, 0x00, 0xFF, 0xFF, 0x00, 0xFF, 0xFF, 0x00, 0xFF, 0xFF, 0x00, 0xFF, 0xFF,
		0x00, 0xFF, 0xFF, 0x00, 0xFF, 0xFF, 0x00, 0xFF, 0xFF, 0x00, 0xFF, 0xFF, 0x00, 0xFF, 0xFF, 0x00,
		0xFF, 0xFF, 0x00, 0xFF, 0xFF, 0x00, 0xFF, 0xFF, 0x00, 0xFF, 0xFF, 0x00, 0xFF, 0xFF, 0x00, 0xFF,
		0xFF, 0x00, 0xFF, 0xFF, 0x00, 0xFF, 0xFF, 0x00, 0xFF, 0xFF, 0x00, 0xFF, 0xFF, 0x00, 0xFF, 0xFF,
		0x00, 0xFF, 0xFF, 0x00, 0xFF, 0xFF, 0x00, 0xFF, 0xFF, 0x00, 0xFF, 0xFF, 0x00, 0xFF, 0x5A, 0x92,
		0x72, 0x7D, 0xDF, 0xA7, 0x1F, 0x2E, 0x24, 0xFF, 0x00, 0xFF, 0xFF, 0x00, 0xFF, 0xFF, 0x00, 0xFF,
		0xFF, 0x00, 0xFF, 0xFF, 0x00, 0xFF, 0xFF, 0x00, 0xFF, 0xFF, 0x00, 0xFF, 0xFF, 0x00, 0xFF, 0xFF,
		0x00, 0xFF, 0xFF, 0x00, 0xFF, 0xFF, 0x00, 0xFF, 0xFF, 0x00, 0xFF, 0xFF, 0x00, 0xFF, 0xFF, 0x00,
		0xFF, 0xFF, 0x00, 0xFF, 0xFF, 0x00, 0xFF, 0xFF, 0x00, 0xFF, 0xFF, 0x00, 0xFF, 0xFF, 0x00, 0xFF,
		0xFF, 0x00, 0xFF, 0xFF, 0x00, 0xFF, 0xFF, 0x00, 0xFF, 0xFF, 0x00, 0xFF, 0x00, 0x00, 0x00, 0x61,
		0xEA, 0x9B, 0x61, 0xEA, 0x9B, 0x61, 0xEA, 0x9B, 0x61, 0xEA, 0x9B, 0x61, 0xEA, 0x9B, 0x61, 0xEA,
		0x9B, 0x61, 0xEA, 0x9B, 0x61, 0xEA, 0x9B, 0x61, 0xEA, 0x9B, 0x00, 0x00, 0x00, 0xFF, 0x00, 0xFF,
		0xFF, 0x00, 0xFF, 0xFF, 0x00, 0xFF, 0xFF, 0x00, 0xFF, 0xFF, 0x00, 0xFF, 0xFF, 0x00, 0xFF, 0xFF,
		0x00, 0xFF, 0xFF, 0x00, 0xFF, 0xFF, 0x00, 0xFF, 0xFF, 0x00, 0xFF, 0xFF, 0x00, 0xFF, 0xFF, 0x00,
		0xFF, 0xFF, 0x00, 0xFF, 0xFF, 0x00, 0xFF, 0xFF, 0x00, 0xFF, 0xFF, 0x00, 0xFF, 0xFF, 0x00, 0xFF,
		0x15, 0x24, 0x16, 0x61, 0xEA, 0x9B, 0x61, 0xEA, 0x9B, 0x61, 0xEA, 0x9B, 0x61, 0xEA, 0x9B, 0x61,
		0xEA, 0x9B, 0x61, 0xEA, 0x9B, 0x61, 0xEA, 0x9B, 0x61, 0xEA, 0x9B, 0x61, 0xEA, 0x9B, 0x61, 0xEA,
		0x9B, 0x61, 0xEA, 0x9B, 0x61, 0xEA, 0x9B, 0x61, 0xEA, 0x9B, 0x15, 0x24, 0x16, 0xFF, 0x00, 0xFF,
		0xFF, 0x00, 0xFF, 0xFF, 0x00, 0xFF, 0xFF, 0x00, 0xFF, 0xFF, 0x00, 0xFF, 0x7D, 0xDF, 0xA7, 0x7D,
		0xDF, 0xA7, 0x7D, 0xDF, 0xA7, 0x7D, 0xDF, 0xA7, 0x7D, 0xDF, 0xA7, 0x7D, 0xDF, 0xA7, 0x7D, 0xDF,
		0xA7, 0x7D, 0xDF, 0xA7, 0x1F, 0x2E, 0x24, 0x61, 0xEA, 0x9B, 0x61, 0xEA, 0x9B, 0x61, 0xEA, 0x9B,
		0x61, 0xEA, 0x9B, 0x61, 0xEA, 0x9B, 0x61, 0xEA, 0x9B, 0x61, 0xEA, 0x9B, 0x61, 0xEA, 0x9B, 0x61,
		0xEA, 0x9B, 0x61, 0xEA, 0x9B, 0x61, 0xEA, 0x9B, 0x61, 0xEA, 0x9B, 0x61, 0xEA, 0x9B, 0x61, 0xEA,
		0x9B, 0x61, 0xEA, 0x9B, 0x61, 0xEA, 0x9B, 0x61, 0xEA, 0x9B, 0x1F, 0x2E, 0x24, 0xFF, 0x00, 0xFF,
		0xFF, 0x00, 0xFF, 0xFF, 0x00, 0xFF, 0xFF, 0x00, 0xFF, 0xFF, 0x00, 0xFF, 0xFF, 0x00, 0xFF, 0xFF,
		0x00, 0xFF, 0xFF, 0x00, 0xFF, 0xFF, 0x00, 0xFF, 0xFF, 0x00, 0xFF, 0xFF, 0x00, 0xFF, 0xFF, 0x00,
		0xFF, 0x85, 0xCB, 0xE5, 0x85, 0xCB, 0xE5, 0x85, 0xCB, 0xE5, 0x85, 0xCB, 0xE5, 0x85, 0xCB, 0xE5,
		0x41, 0xA6, 0xCB, 0x41, 0xA6, 0xCB, 0x41, 0xA6, 0xCB, 0x21, 0x2B, 0x2E, 0x21, 0x2B, 0x2E, 0x21,
		0x2B, 0x2E, 0x21, 0x2B, 0x2E, 0x21, 0x2B, 0x2E, 0xFF, 0x00, 0xFF, 0xFF, 0x00, 0xFF, 0xFF, 0x00,
		0xFF, 0xFF, 0x00, 0xFF, 0xFF, 0x00, 0xFF, 0xFF, 0x00, 0xFF, 0xFF, 0x00, 0xFF, 0xFF, 0x00, 0xFF,
		0xFF, 0x00, 0xFF, 0xFF, 0x00, 0xFF, 0xFF, 0x00, 0xFF, 0xFF, 0x00, 0xFF, 0xFF, 0x00, 0xFF, 0xFF,
		0x00, 0xFF, 0xFF, 0x00, 0xFF, 0xFF, 0x00, 0xFF, 0xFF, 0x00, 0xFF, 0xFF, 0x00, 0xFF, 0xFF, 0x00,
		0xFF, 0x4F, 0x96, 0x6E, 0x6B, 0xE6, 0x9F, 0x15, 0x22, 0x17, 0xFF, 0x00, 0xFF, 0xFF, 0x00, 0xFF,
		0xFF, 0x00, 0xFF, 0xFF, 0x00, 0xFF, 0xFF, 0x00, 0xFF, 0xFF, 0x00, 0xFF, 0xFF, 0x00, 0xFF, 0xFF,
		0x00, 0xFF, 0x15, 0x22, 0x17, 0x6B, 0xE6, 0x9F, 0x4F, 0x96, 0x6E, 0xFF, 0x00, 0xFF, 0xFF, 0x00,
		0xFF, 0xFF, 0x00, 0xFF, 0xFF, 0x00, 0xFF, 0xFF, 0x00, 0xFF, 0xFF, 0x00, 0xFF, 0xFF, 0x00, 0xFF,
		0xFF, 0x00, 0xFF, 0xFF, 0x00, 0xFF, 0xFF, 0x00, 0xFF, 0xFF, 0x00, 0xFF, 0xFF, 0x00, 0xFF, 0xFF,
		0x00, 0xFF, 0xFF, 0x00, 0xFF, 0xFF, 0x00, 0xFF, 0xFF, 0x00, 0xFF, 0xFF, 0x00, 0xFF, 0xFF, 0x00,
		0xFF, 0x85, 0xCB, 0xE5, 0x85, 0xCB, 0xE5, 0x85, 0xCB, 0xE5, 0x85, 0xCB, 0xE5, 0x85, 0xCB, 0xE5,
		0x41, 0xA6, 0xCB, 0x41, 0xA6, 0xCB, 0x41, 0xA6, 0xCB, 0x21, 0x2B, 0x2E, 0x21, 0x2B, 0x2E, 0x21,
		0x2B, 0x2E, 0x21, 0x2B, 0x2E, 0x21, 0x2B, 0x2E, 0xFF, 0x00, 0xFF, 0xFF, 0x00, 0xFF, 0xFF, 0x00,
		0xFF, 0xFF, 0x00, 0xFF, 0xFF, 0x00, 0xFF, 0xFF, 0x00, 0xFF, 0xFF, 0x00, 0xFF, 0xFF, 0x00, 0xFF,
		0xFF, 0x00, 0xFF, 0xFF, 0x00, 0xFF, 0xFF, 0x00, 0xFF, 0xFF, 0x00, 0xFF, 0xFF, 0x00, 0xFF, 0xFF,
		0x00, 0xFF, 0xFF, 0x00, 0xFF, 0xFF, 0x00, 0xFF, 0xFF, 0x00, 0xFF, 0xFF, 0x00, 0xFF, 0xFF, 0x00,
		0xFF, 0x85, 0xCB, 0xE5, 0x85, 0xCB, 0xE5, 0x85, 0xCB, 0xE5, 0x85, 0xCB, 0xE5, 0x85, 0xCB, 0xE5,
		0x41, 0xA6, 0xCB, 0x41, 0xA6, 0xCB, 0x41, 0xA6, 0xCB, 0x21, 0x2B, 0x2E, 0x21, 0x2B, 0x2E, 0x21,
		0x2B, 0x2E, 0x21, 0x2B, 0x2E, 0x21, 0x2B, 0x2E, 0xFF, 0x00, 0xFF, 0xFF, 0x00, 0xFF, 0xFF, 0x00,
		0xFF, 0xFF, 0x00, 0xFF, 0xFF, 0x00, 0xFF, 0xFF, 0x00, 0xFF, 0xFF, 0x00, 0xFF, 0xFF, 0x00, 0xFF,
		0xFF, 0x00, 0xFF, 0xFF, 0x00, 0xFF, 0xFF, 0x00, 0xFF, 0xFF, 0x00, 0xFF, 0xFF, 0x00, 0xFF, 0xFF,
		0x00, 0xFF, 0xFF, 0x00, 0xFF, 0xFF, 0x00, 0xFF, 0xFF, 0x00, 0xFF, 0xFF, 0x00, 0xFF, 0xFF, 0x00,
		0xFF, 0x85, 0xCB, 0xE5, 0x85, 0xCB, 0xE5, 0x85, 0xCB, 0xE5, 0x85, 0xCB, 0xE5, 0x85, 0xCB, 0xE5,
		0x41, 0xA6, 0xCB, 0x41, 0xA6, 0xCB, 0x41, 0xA6, 0xCB, 0x21, 0x2B, 0x2E, 0x21, 0x2B, 0x2E, 0x21,
		0x2B, 0x2E, 0x21, 0x2B, 0x2E, 0x21, 0x2B, 0x2E, 0xFF, 0x00, 0xFF, 0xFF, 0x00, 0xFF, 0xFF, 0x00,
		0xFF, 0xFF, 0x00, 0xFF, 0xFF, 0x00, 0xFF, 0xFF, 0x00, 0xFF, 0xFF, 0x00, 0xFF, 0xFF, 0x00, 0xFF,
		0xFF, 0x00, 0xFF, 0xFF, 0x00, 0xFF, 0xFF, 0x00, 0xFF, 0xFF, 0x00, 0xFF, 0xFF, 0x00, 0xFF, 0xFF,
		0x00, 0xFF, 0xFF, 0x00, 0xFF, 0xFF, 0x00, 0xFF, 0xFF, 0x00, 0xFF, 0x2D, 0x36, 0x28, 0x4D, 0xB0,
		0x77, 0x61, 0xEA, 0x9B, 0x61, 0xEA, 0x9B, 0x61, 0xEA, 0x9B, 0x61, 0xEA, 0x9B, 0x61, 0xEA, 0x9B,
		0x61, 0xEA, 0x9B, 0x61, 0xEA, 0x9B, 0x61, 0xEA, 0x9B, 0x61, 0xEA, 0x9B, 0x61, 0xEA, 0x9B, 0x61,
		0xEA, 0x9B, 0x61, 0xEA, 0x9B, 0x61, 0xEA, 0x9B, 0x61, 0xEA, 0x9B, 0x4D, 0xB0, 0x77, 0x2D, 0x36,
		0x29, 0xFF, 0x00, 0xFF, 0xFF, 0x00, 0xFF, 0xFF, 0x00, 0xFF, 0xFF, 0x00, 0xFF, 0xFF, 0x00, 0xFF,
		0xFF, 0x00, 0xFF, 0xFF, 0x00, 0xFF, 0xFF, 0x00, 0xFF, 0xFF, 0x00, 0xFF, 0xFF, 0x00, 0xFF, 0xFF,
		0x00, 0xFF, 0xFF, 0x00, 0xFF, 0xFF, 0x00, 0xFF, 0x1F, 0x2E, 0x24, 0x61, 0xEA, 0x9B, 0x61, 0xEA,
		0x9B, 0x61, 0xEA, 0x9B, 0x61, 0xEA, 0x9B, 0x61, 0xEA, 0x9B, 0x61, 0xEA, 0x9B, 0x61, 0xEA, 0x9B,
		0x61, 0xEA, 0x9B, 0x61, 0xEA, 0x9B, 0x61, 0xEA, 0x9B, 0x61, 0xEA, 0x9B, 0x61, 0xEA, 0x9B, 0x61,
		0xEA, 0x9B, 0x61, 0xEA, 0x9B, 0x61, 0xEA, 0x9B, 0x61, 0xEA, 0x9B, 0x61, 0xEA, 0x9B, 0x61, 0xEA,
		0x9B, 0x1F, 0x2E, 0x24, 0xFF, 0x00, 0xFF, 0xFF, 0x00, 0xFF, 0xFF, 0x00, 0xFF, 0xFF, 0x00, 0xFF,
		0xFF, 0x00, 0xFF, 0xFF, 0x00, 0xFF, 0xFF, 0x00, 0xFF, 0xFF, 0x00, 0xFF, 0xFF, 0x00, 0xFF, 0xFF,
		0x00, 0xFF, 0xFF, 0x00, 0xFF, 0xFF, 0x00, 0xFF, 0xFF, 0x00, 0xFF, 0xFF, 0x00, 0xFF, 0xFF, 0x00,
		0xFF, 0xFF, 0x00, 0xFF, 0xFF, 0x00, 0xFF, 0xFF, 0x00, 0xFF, 0xFF, 0x00, 0xFF, 0xFF, 0x00, 0xFF,
		0xFF, 0x00, 0xFF, 0xFF, 0x00, 0xFF, 0xFF, 0x00, 0xFF, 0xFF, 0x00, 0xFF, 0xFF, 0x00, 0xFF, 0xFF,
		0x00, 0xFF, 0xFF, 0x00, 0xFF, 0xFF, 0x00, 0xFF, 0xFF, 0x00, 0xFF, 0xFF, 0x00, 0xFF, 0x5A, 0x92,
		0x72, 0x7D, 0xDF, 0xA7, 0x1F, 0x2E, 0x24, 0xFF, 0x00, 0xFF, 0xFF, 0x00, 0xFF, 0xFF, 0x00, 0xFF,
		0xFF, 0x00, 0xFF, 0xFF, 0x00, 0xFF, 0xFF, 0x00, 0xFF, 0xFF, 0x00, 0xFF, 0xFF, 0x00, 0xFF, 0xFF,
		0x00, 0xFF, 0xFF, 0x00, 0xFF, 0xFF, 0x00, 0xFF, 0xFF, 0x00, 0xFF, 0xFF, 0x00, 0xFF, 0xFF, 0x00,
		0xFF, 0xFF, 0x00, 0xFF, 0xFF, 0x00, 0xFF, 0xFF, 0x00, 0xFF, 0xFF, 0x00, 0xFF, 0xFF, 0x00, 0xFF,
		0xFF, 0x00, 0xFF, 0xFF, 0x00, 0xFF, 0xFF, 0x00, 0xFF, 0xFF, 0x00, 0xFF, 0xFF, 0x00, 0xFF, 0xFF,
		0x00, 0xFF, 0xFF, 0x00, 0xFF, 0xFF, 0x00, 0xFF, 0xFF, 0x00, 0xFF, 0xFF, 0x00, 0xFF, 0x5A, 0x92,
		0x72, 0x7D, 0xDF, 0xA7, 0x1F, 0x2E, 0x24, 0xFF, 0x00, 0xFF, 0xFF, 0x00, 0xFF, 0xFF, 0x00, 0xFF,
		0xFF, 0x00, 0xFF, 0xFF, 0x00, 0xFF, 0xFF, 0x00, 0xFF, 0xFF, 0x00, 0xFF, 0xFF, 0x00, 0xFF, 0xFF,
		0x00, 0xFF, 0xFF, 0x00, 0xFF, 0xFF, 0x00, 0xFF, 0xFF, 0x00, 0xFF, 0xFF, 0x00, 0xFF, 0xFF, 0x00,
		0xFF, 0xFF, 0x00, 0xFF, 0xFF, 0x00, 0xFF, 0xFF, 0x00, 0xFF, 0xFF, 0x00, 0xFF, 0xFF, 0x00, 0xFF,
		0xFF, 0x00, 0xFF, 0xFF, 0x00, 0xFF, 0xFF, 0x00, 0xFF, 0xFF, 0x00, 0xFF, 0x76, 0x63, 0x48, 0x34,
		0x63, 0x45, 0x5F, 0xE6, 0x98, 0x61, 0xEA, 0x9B, 0x61, 0xEA, 0x9B, 0x61, 0xEA, 0x9B, 0x61, 0xEA,
		0x9B, 0x61, 0xEA, 0x9B, 0x5F, 0xE6, 0x98, 0x34, 0x63, 0x45, 0x77, 0x63, 0x48, 0xFF, 0x00, 0xFF,
		0xFF, 0x00, 0xFF, 0xFF, 0x00, 0xFF, 0xFF, 0x00, 0xFF, 0xFF, 0x00, 0xFF, 0x1F, 0x2E, 0x24, 0x1F,
		0x2E, 0x24, 0x1F, 0x2E, 0x24, 0x1F, 0x2E, 0x24, 0x1F, 0x2E, 0x24, 0x1F, 0x2E, 0x24, 0x1F, 0x2E,
		0x24, 0x1F, 0x2E, 0x24, 0x1F, 0x2E, 0x24, 0x1F, 0x2E, 0x24, 0x1F, 0x2E, 0x24, 0x1F, 0x2E, 0x24,
		0x1F, 0x2E, 0x24, 0x5F, 0xE6, 0x99, 0x61, 0xEA, 0x9B, 0x61, 0xEA, 0x9B, 0x61, 0xEA, 0x9B, 0x61,
		0xEA, 0x9B, 0x61, 0xEA, 0x9B, 0x61, 0xEA, 0x9B, 0x61, 0xEA, 0x9B, 0x61, 0xEA, 0x9B, 0x61, 0xEA,
		0x9B, 0x61, 0xEA, 0x9B, 0x61, 0xEA, 0x9B, 0x5F, 0xE6, 0x99, 0x22, 0x30, 0x25, 0xFF, 0x00, 0xFF,
		0xFF, 0x00, 0xFF, 0xFF, 0x00, 0xFF, 0xFF, 0x00, 0xFF, 0xFF, 0x00, 0xFF, 0x5A, 0x92, 0x72, 0x5A,
		0x92, 0x72, 0x5A, 0x92, 0x72, 0x5A, 0x92, 0x72, 0x5A, 0x92, 0x72, 0x5A, 0x92, 0x72, 0x5A, 0x92,
		0x72, 0x5A, 0x92, 0x72, 0x1F, 0x2E, 0x24, 0x61, 0xE8, 0x9A, 0x61, 0xEA, 0x9B, 0x61, 0xEA, 0x9B,
		0x61, 0xEA, 0x9B, 0x61, 0xEA, 0x9B, 0x61, 0xEA, 0x9B, 0x61, 0xEA, 0x9B, 0x61, 0xEA, 0x9B, 0x61,
		0xEA, 0x9B, 0x61, 0xEA, 0x9B, 0x61, 0xEA, 0x9B, 0x61, 0xEA, 0x9B, 0x61, 0xEA, 0x9B, 0x61, 0xEA,
		0x9B, 0x61, 0xEA, 0x9B, 0x61, 0xEA, 0x9B, 0x61, 0xE8, 0x9A, 0x1F, 0x2E, 0x24, 0xFF, 0x00, 0xFF,
		0xFF, 0x00, 0xFF, 0xFF, 0x00, 0xFF, 0xFF, 0x00, 0xFF, 0xFF, 0x00, 0xFF, 0xFF, 0x00, 0xFF, 0xFF,
		0x00, 0xFF, 0xFF, 0x00, 0xFF, 0xFF, 0x00, 0xFF, 0xFF, 0x00, 0xFF, 0xFF, 0x00, 0xFF, 0xFF, 0x00,
		0xFF, 0xFF, 0x00, 0xFF, 0xFF, 0x00, 0xFF, 0xFF, 0x00, 0xFF, 0xFF, 0x00, 0xFF, 0xFF, 0x00, 0xFF,
		0xFF, 0x00, 0xFF, 0xFF, 0x00, 0xFF, 0xFF, 0x00, 0xFF, 0xFF, 0x00, 0xFF, 0xFF, 0x00, 0xFF, 0xFF,
		0x00, 0xFF, 0xFF, 0x00, 0xFF, 0xFF, 0x00, 0xFF, 0xFF, 0x00, 0xFF, 0xFF, 0x00, 0xFF, 0x5A, 0x92,
		0x72, 0x7D, 0xDF, 0xA7, 0x1F, 0x2E, 0x24, 0xFF, 0x00, 0xFF, 0xFF, 0x00, 0xFF, 0xFF, 0x00, 0xFF,
		0xFF, 0x00, 0xFF, 0xFF, 0x00, 0xFF, 0xFF, 0x00, 0xFF, 0xFF, 0x00, 0xFF, 0xFF, 0x00, 0xFF, 0xFF,
		0x00, 0xFF, 0xFF, 0x00, 0xFF, 0xFF, 0x00, 0xFF, 0xFF, 0x00, 0xFF, 0xFF, 0x00, 0xFF, 0xFF, 0x00,
		0xFF, 0xFF, 0x00, 0xFF, 0xFF, 0x00, 0xFF, 0xFF, 0x00, 0xFF, 0xFF, 0x00, 0xFF, 0xFF, 0x00, 0xFF,
		0xFF, 0x00, 0xFF, 0xFF, 0x00, 0xFF, 0xFF, 0x00, 0xFF, 0xFF, 0x00, 0xFF, 0xFF, 0x00, 0xFF, 0xFF,
		0x00, 0xFF, 0xFF, 0x00, 0xFF, 0xFF, 0x00, 0xFF, 0xFF, 0x00, 0xFF, 0xFF, 0x00, 0xFF, 0x5A, 0x92,
		0x72, 0x7D, 0xDF, 0xA7, 0x1F, 0x2E, 0x24, 0xFF, 0x00, 0xFF, 0xFF, 0x00, 0xFF, 0xFF, 0x00, 0xFF,
		0xFF, 0x00, 0xFF, 0xFF, 0x00, 0xFF, 0xFF, 0x00, 0xFF, 0xFF, 0x00, 0xFF, 0xFF, 0x00, 0xFF, 0xFF,
		0x00, 0xFF, 0xFF, 0x00, 0xFF, 0xFF, 0x00, 0xFF, 0xFF, 0x00, 0xFF, 0xFF, 0x00, 0xFF, 0xFF, 0x00,
		0xFF, 0xFF, 0x00, 0xFF, 0xFF, 0x00, 0xFF, 0xFF, 0x00, 0xFF, 0xFF, 0x00, 0xFF, 0xFF, 0x00, 0xFF,
		0xFF, 0x00, 0xFF, 0xFF, 0x00, 0xFF, 0xFF, 0x00, 0xFF, 0xFF, 0x00, 0xFF, 0x00, 0x00, 0x00, 0x61,
		0xEA, 0x9B, 0x61, 0xEA, 0x9B, 0x61, 0xEA, 0x9B, 0x61, 0xEA, 0x9B, 0x61, 0xEA, 0x9B, 0x61, 0xEA,
		0x9B, 0x61, 0xEA, 0x9B, 0x61, 0xEA, 0x9B, 0x61, 0xEA, 0x9B, 0x15, 0x24, 0x16, 0xFF, 0x00, 0xFF,
		0xFF, 0x00, 0xFF, 0xFF, 0x00, 0xFF, 0xFF, 0x00, 0xFF, 0xFF, 0x00, 0xFF, 0x1F, 0x2E, 0x24, 0x1F,
		0x2E, 0x24, 0x1F, 0x2E, 0x24, 0x1F, 0x2E, 0x24, 0x1F, 0x2E, 0x24, 0x1F, 0x2E, 0x24, 0x1F, 0x2E,
		0x24, 0x1F, 0x2E, 0x24, 0x1F, 0x2E, 0x24, 0x1F, 0x2E, 0x24, 0x1F, 0x2E, 0x24, 0x1F, 0x2E, 0x24,
		0x15, 0x24, 0x16, 0x61, 0xEA, 0x9B, 0x61, 0xEA, 0x9B, 0x61, 0xEA, 0x9B, 0x61, 0xEA, 0x9B, 0x61,
		0xEA, 0x9B, 0x61, 0xEA, 0x9B, 0x61, 0xEA, 0x9B, 0x61, 0xEA, 0x9B, 0x61, 0xEA, 0x9B, 0x61, 0xEA,
		0x9B, 0x61, 0xEA, 0x9B, 0x61, 0xEA, 0x9B, 0x61, 0xEA, 0x9B, 0x15, 0x24, 0x16, 0xFF, 0x00, 0xFF,
		0xFF, 0x00, 0xFF, 0xFF, 0x00, 0xFF, 0xFF, 0x00, 0xFF, 0xFF, 0x00, 0xFF, 0x5A, 0x92, 0x72, 0x5A,
		0x92, 0x72, 0x5A, 0x92, 0x72, 0x5A, 0x92, 0x72, 0x5A, 0x92, 0x72, 0x5A, 0x92, 0x72, 0x5A, 0x92,
		0x72, 0x5A, 0x92, 0x72, 0x1F, 0x2E, 0x24, 0x61, 0xEA, 0x9B, 0x61, 0xEA, 0x9B, 0x61, 0xEA, 0x9B,
		0x61, 0xEA, 0x9B, 0x61, 0xEA, 0x9B, 0x61, 0xEA, 0x9B, 0x61, 0xEA, 0x9B, 0x61, 0xEA, 0x9B, 0x61,
		0xEA, 0x9B, 0x61, 0xEA, 0x9B, 0x61, 0xEA, 0x9B, 0x61, 0xEA, 0x9B, 0x61, 0xEA, 0x9B, 0x61, 0xEA,
		0x9B, 0x61, 0xEA, 0x9B, 0x61, 0xEA, 0x9B, 0x61, 0xEA, 0x9B, 0x1F, 0x2E, 0x24, 0xFF, 0x00, 0xFF,
		0xFF, 0x00, 0xFF, 0xFF, 0x00, 0xFF, 0xFF, 0x00, 0xFF, 0xFF, 0x00, 0xFF, 0xFF, 0x00, 0xFF, 0xFF,
		0x00, 0xFF, 0xFF, 0x00, 0xFF, 0xFF, 0x00, 0xFF, 0xFF, 0x00, 0xFF, 0xFF, 0x00, 0xFF, 0xFF, 0x00,
		0xFF, 0xFF, 0x00, 0xFF, 0xFF, 0x00, 0xFF, 0xFF, 0x00, 0xFF, 0xFF, 0x00, 0xFF, 0x85, 0xCB, 0xE5,
		0x41, 0xA6, 0xCB, 0x41, 0xA6, 0xCB, 0x41, 0xA6, 0xCB, 0x21, 0x2B, 0x2E, 0xFF, 0x00, 0xFF, 0xFF,
		0x00, 0xFF, 0xFF, 0x00, 0xFF, 0xFF, 0x00, 0xFF, 0xFF, 0x00, 0xFF, 0xFF, 0x00, 0xFF, 0xFF, 0x00,
		0xFF, 0xFF, 0x00, 0xFF, 0xFF, 0x00, 0xFF, 0xFF, 0x00, 0xFF, 0xFF, 0x00, 0xFF, 0xFF, 0x00, 0xFF,
		0xFF, 0x00, 0xFF, 0xFF, 0x00, 0xFF, 0xFF, 0x00, 0xFF, 0xFF, 0x00, 0xFF, 0xFF, 0x00, 0xFF, 0xFF,
		0x00, 0xFF, 0xFF, 0x00, 0xFF, 0xFF, 0x00, 0xFF, 0xFF, 0x00, 0xFF, 0xFF, 0x00, 0xFF, 0xFF, 0x00,
		0xFF, 0xFF, 0x00, 0xFF, 0x4F, 0x96, 0x6E, 0x6B, 0xE6, 0x9F, 0x15, 0x22, 0x17, 0xFF, 0x00, 0xFF,
		0xFF, 0x00, 0xFF, 0xFF, 0x00, 0xFF, 0xFF, 0x00, 0xFF, 0xFF, 0x00, 0xFF, 0xFF, 0x00, 0xFF, 0x15,
		0x22, 0x17, 0x6B, 0xE6, 0x9F, 0x4F, 0x96, 0x6E, 0xFF, 0x00, 0xFF, 0xFF, 0x00, 0xFF, 0xFF, 0x00,
		0xFF, 0xFF, 0x00, 0xFF, 0xFF, 0x00, 0xFF, 0xFF, 0x00, 0xFF, 0xFF, 0x00, 0xFF, 0xFF, 0x00, 0xFF,
		0xFF, 0x00, 0xFF, 0xFF, 0x00, 0xFF, 0xFF, 0x00, 0xFF, 0xFF, 0x00, 0xFF, 0xFF, 0x00, 0xFF, 0xFF,
		0x00, 0xFF, 0xFF, 0x00, 0xFF, 0xFF, 0x00, 0xFF, 0xFF, 0x00, 0xFF, 0xFF, 0x00, 0xFF, 0xFF, 0x00,
		0xFF, 0xFF, 0x00, 0xFF, 0xFF, 0x00, 0xFF, 0xFF, 0x00, 0xFF, 0xFF, 0x00, 0xFF, 0x85, 0xCB, 0xE5,
		0x41, 0xA6, 0xCB, 0x41, 0xA6, 0xCB, 0x41, 0xA6, 0xCB, 0x21, 0x2B, 0x2E, 0xFF, 0x00, 0xFF, 0xFF,
		0x00, 0xFF, 0xFF, 0x00, 0xFF, 0xFF, 0x00, 0xFF, 0xFF, 0x00, 0xFF, 0xFF, 0x00, 0xFF, 0xFF, 0x00,
		0xFF, 0xFF, 0x00, 0xFF, 0xFF, 0x00, 0xFF, 0xFF, 0x00, 0xFF, 0xFF, 0x00, 0xFF, 0xFF, 0x00, 0xFF,
		0xFF, 0x00, 0xFF, 0xFF, 0x00, 0xFF, 0xFF, 0x00, 0xFF, 0xFF, 0x00, 0xFF, 0xFF, 0x00, 0xFF, 0xFF,
		0x00, 0xFF, 0xFF, 0x00, 0xFF, 0xFF, 0x00, 0xFF, 0xFF, 0x00, 0xFF, 0xFF, 0x00, 0xFF, 0xFF, 0x00,
		0xFF, 0xFF, 0x00, 0xFF, 0xFF, 0x00, 0xFF, 0xFF, 0x00, 0xFF, 0xFF, 0x00, 0xFF, 0x85, 0xCB, 0xE5,
		0x41, 0xA6, 0xCB, 0x41, 0xA6, 0xCB, 0x41, 0xA6, 0xCB, 0x21, 0x2B, 0x2E, 0xFF, 0x00, 0xFF, 0xFF,
		0x00, 0xFF, 0xFF, 0x00, 0xFF, 0xFF, 0x00, 0xFF, 0xFF, 0x00, 0xFF, 0xFF, 0x00, 0xFF, 0xFF, 0x00,
		0xFF, 0xFF, 0x00, 0xFF, 0xFF, 0x00, 0xFF, 0xFF, 0x00, 0xFF, 0xFF, 0x00, 0xFF, 0xFF, 0x00, 0xFF,
		0xFF, 0x00, 0xFF, 0xFF, 0x00, 0xFF, 0xFF, 0x00, 0xFF, 0xFF, 0x00, 0xFF, 0xFF, 0x00, 0xFF, 0xFF,
		0x00, 0xFF, 0xFF, 0x00, 0xFF, 0xFF, 0x00, 0xFF, 0xFF, 0x00, 0xFF, 0xFF, 0x00, 0xFF, 0xFF, 0x00,
		0xFF, 0xFF, 0x00, 0xFF, 0xFF, 0x00, 0xFF, 0xFF, 0x00, 0xFF, 0xFF, 0x00, 0xFF, 0x85, 0xCB, 0xE5,
		0x41, 0xA6, 0xCB, 0x41, 0xA6, 0xCB, 0x41, 0xA6, 0xCB, 0x21, 0x2B, 0x2E, 0xFF, 0x00, 0xFF, 0xFF,
		0x00, 0xFF, 0xFF, 0x00, 0xFF, 0xFF, 0x00, 0xFF, 0xFF, 0x00, 0xFF, 0xFF, 0x00, 0xFF, 0xFF, 0x00,
		0xFF, 0xFF, 0x00, 0xFF, 0xFF, 0x00, 0xFF, 0xFF, 0x00, 0xFF, 0xFF, 0x00, 0xFF, 0xFF, 0x00, 0xFF,
		0xFF, 0x00, 0xFF, 0xFF, 0x00, 0xFF, 0xFF, 0x00, 0xFF, 0xFF, 0x00, 0xFF, 0xFF, 0x00, 0xFF, 0xFF,
		0x00, 0xFF, 0xFF, 0x00, 0xFF, 0xFF, 0x00, 0xFF, 0xFF, 0x00, 0xFF, 0x79, 0x60, 0x42, 0x2E, 0x50,
		0x39, 0x58, 0xD1, 0x8C, 0x61, 0xEA, 0x9B, 0x61, 0xEA, 0x9B, 0x61, 0xEA, 0x9B, 0x61, 0xEA, 0x9B,
		0x61, 0xEA, 0x9B, 0x61, 0xEA, 0x9B, 0x61, 0xEA, 0x9B, 0x61, 0xEA, 0x9B, 0x61, 0xEA, 0x9B, 0x61,
		0xEA, 0x9B, 0x61, 0xEA, 0x9B, 0x61, 0xEA, 0x9B, 0x58, 0xD1, 0x8C, 0x2E, 0x50, 0x39, 0x79, 0x60,
		0x43, 0xFF, 0x00, 0xFF, 0xFF, 0x00, 0xFF, 0xFF, 0x00, 0xFF, 0xFF, 0x00, 0xFF, 0xFF, 0x00, 0xFF,
		0xFF, 0x00, 0xFF, 0xFF, 0x00, 0xFF, 0xFF, 0x00, 0xFF, 0xFF, 0x00, 0xFF, 0xFF, 0x00, 0xFF, 0xFF,
		0x00, 0xFF, 0xFF, 0x00, 0xFF, 0xFF, 0x00, 0xFF, 0x1F, 0x2E, 0x24, 0x61, 0xEA, 0x9B, 0x61, 0xEA,
		0x9B, 0x61, 0xEA, 0x9B, 0x61, 0xEA, 0x9B, 0x61, 0xEA, 0x9B, 0x61, 0xEA, 0x9B, 0x61, 0xEA, 0x9B,
		0x61, 0xEA, 0x9B, 0x61, 0xEA, 0x9B, 0x61, 0xEA, 0x9B, 0x61, 0xEA, 0x9B, 0x61, 0xEA, 0x9B, 0x61,
		0xEA, 0x9B, 0x61, 0xEA, 0x9B, 0x61, 0xEA, 0x9B, 0x61, 0xEA, 0x9B, 0x61, 0xEA, 0x9B, 0x61, 0xEA,
		0x9B, 0x1F, 0x2E, 0x24, 0xFF, 0x00, 0xFF, 0xFF, 0x00, 0xFF, 0xFF, 0x00, 0xFF, 0xFF, 0x00, 0xFF,
		0xFF, 0x00, 0xFF, 0xFF, 0x00, 0xFF, 0xFF, 0x00, 0xFF, 0xFF, 0x00, 0xFF, 0xFF, 0x00, 0xFF, 0xFF,
		0x00, 0xFF, 0xFF, 0x00, 0xFF, 0xFF, 0x00, 0xFF, 0xFF, 0x00, 0xFF, 0xFF, 0x00, 0xFF, 0xFF, 0x00,
		0xFF, 0xFF, 0x00, 0xFF, 0xFF, 0x00, 0xFF, 0xFF, 0x00, 0xFF, 0xFF, 0x00, 0xFF, 0xFF, 0x00, 0xFF,
		0xFF, 0x00, 0xFF, 0xFF, 0x00, 0xFF, 0xFF, 0x00, 0xFF, 0xFF, 0x00, 0xFF, 0xFF, 0x00, 0xFF, 0xFF,
		0x00, 0xFF, 0xFF, 0x00, 0xFF, 0xFF, 0x00, 0xFF, 0xFF, 0x00, 0xFF, 0xFF, 0x00, 0xFF, 0x5A, 0x92,
		0x72, 0x7D, 0xDF, 0xA7, 0x1F, 0x2E, 0x24, 0xFF, 0x00, 0xFF, 0xFF, 0x00, 0xFF, 0xFF, 0x00, 0xFF,
		0xFF, 0x00, 0xFF, 0xFF, 0x00, 0xFF, 0xFF, 0x00, 0xFF, 0xFF, 0x00, 0xFF, 0xFF, 0x00, 0xFF, 0xFF,
		0x00, 0xFF, 0xFF, 0x00, 0xFF, 0xFF, 0x00, 0xFF, 0xFF, 0x00, 0xFF, 0xFF, 0x00, 0xFF, 0xFF, 0x00,
		0xFF, 0xFF, 0x00, 0xFF, 0xFF, 0x00, 0xFF, 0xFF, 0x00, 0xFF, 0xFF, 0x00, 0xFF, 0xFF, 0x00, 0xFF,
		0xFF, 0x00, 0xFF, 0xFF, 0x00, 0xFF, 0xFF, 0x00, 0xFF, 0xFF, 0x00, 0xFF, 0xFF, 0x00, 0xFF, 0xFF,
		0x00, 0xFF, 0xFF, 0x00, 0xFF, 0xFF, 0x00, 0xFF, 0xFF, 0x00, 0xFF, 0xFF, 0x00, 0xFF, 0x5A, 0x92,
		0x72, 0x7D, 0xDF, 0xA7, 0x1F, 0x2E, 0x24, 0xFF, 0x00, 0xFF, 0xFF, 0x00, 0xFF, 0xFF, 0x00, 0xFF,
		0xFF, 0x00, 0xFF, 0xFF, 0x00, 0xFF, 0xFF, 0x00, 0xFF, 0xFF, 0x00, 0xFF, 0xFF, 0x00, 0xFF, 0xFF,
		0x00, 0xFF, 0xFF, 0x00, 0xFF, 0xFF, 0x00, 0xFF, 0xFF, 0x00, 0xFF, 0xFF, 0x00, 0xFF, 0xFF, 0x00,
		0xFF, 0xFF, 0x00, 0xFF, 0xFF, 0x00, 0xFF, 0xFF, 0x00, 0xFF, 0xFF, 0x00, 0xFF, 0xFF, 0x00, 0xFF,
		0xFF, 0x00, 0xFF, 0xFF, 0x00, 0xFF, 0xFF, 0x00, 0xFF, 0xFF, 0x00, 0xFF, 0x3C, 0x3F, 0x2F, 0x4F,
		0xB4, 0x79, 0x61, 0xEA, 0x9B, 0x61, 0xEA, 0x9B, 0x61, 0xEA, 0x9B, 0x61, 0xEA, 0x9B, 0x61, 0xEA,
		0x9B, 0x61, 0xEA, 0x9B, 0x61, 0xEA, 0x9B, 0x4F, 0xB4, 0x79, 0x3C, 0x3F, 0x2F, 0xFF, 0x00, 0xFF,
		0xFF, 0x00, 0xFF, 0xFF, 0x00, 0xFF, 0xFF, 0x00, 0xFF, 0xFF, 0x00, 0xFF, 0x7D, 0xDF, 0xA7, 0x7D,
		0xDF, 0xA7, 0x7D, 0xDF, 0xA7, 0x7D, 0xDF, 0xA7, 0x7D, 0xDF, 0xA7, 0x7D, 0xDF, 0xA7, 0x7D, 0xDF,
		0xA7, 0x7D, 0xDF, 0xA7, 0x7D, 0xDF, 0xA7, 0x7D, 0xDF, 0xA7, 0x7D, 0xDF, 0xA7, 0x7D, 0xDF, 0xA7,
		0x1F, 0x2E, 0x24, 0x61, 0xEA, 0x9B, 0x61, 0xEA, 0x9B, 0x61, 0xEA, 0x9B, 0x61, 0xEA, 0x9B, 0x61,
		0xEA, 0x9B, 0x61, 0xEA, 0x9B, 0x61, 0xEA, 0x9B, 0x61, 0xEA, 0x9B, 0x61, 0xEA, 0x9B, 0x61, 0xEA,
		0x9B, 0x61, 0xEA, 0x9B, 0x61, 0xEA, 0x9B, 0x61, 0xEA, 0x9B, 0x1F, 0x2E, 0x24, 0xFF, 0x00, 0xFF,
		0xFF, 0x00, 0xFF, 0xFF, 0x00, 0xFF, 0xFF, 0x00, 0xFF, 0xFF, 0x00, 0xFF, 0xFF, 0x00, 0xFF, 0xFF,
		0x00, 0xFF, 0xFF, 0x00, 0xFF, 0xFF, 0x00, 0xFF, 0xFF, 0x00, 0xFF, 0xFF, 0x00, 0xFF, 0xFF, 0x00,
		0xFF, 0xFF, 0x00, 0xFF, 0x22, 0x30, 0x25, 0x5A, 0xD6, 0x8F, 0x61, 0xEA, 0x9B, 0x61, 0xEA, 0x9B,
		0x61, 0xEA, 0x9B, 0x61, 0xEA, 0x9B, 0x61, 0xEA, 0x9B, 0x61, 0xEA, 0x9B, 0x61, 0xEA, 0x9B, 0x61,
		0xEA, 0x9B, 0x61, 0xEA, 0x9B, 0x61, 0xEA, 0x9B, 0x61, 0xEA, 0x9B, 0x61, 0xEA, 0x9B, 0x61, 0xEA,
		0x9B, 0x61, 0xEA, 0x9B, 0x61, 0xEA, 0x9B, 0x5A, 0xD6, 0x8F, 0x22, 0x30, 0x25, 0xFF, 0x00, 0xFF,
		0xFF, 0x00, 0xFF, 0xFF, 0x00, 0xFF, 0xFF, 0x00, 0xFF, 0xFF, 0x00, 0xFF, 0xFF, 0x00, 0xFF, 0xFF,
		0x00, 0xFF, 0xFF, 0x00, 0xFF, 0xFF, 0x00, 0xFF, 0xFF, 0x00, 0xFF, 0xFF, 0x00, 0xFF, 0xFF, 0x00,
		0xFF, 0xFF, 0x00, 0xFF, 0xFF, 0x00, 0xFF, 0xFF, 0x00, 0xFF, 0xFF, 0x00, 0xFF, 0xFF, 0x00, 0xFF,
		0xFF, 0x00, 0xFF, 0xFF, 0x00, 0xFF, 0xFF, 0x00, 0xFF, 0xFF, 0x00, 0xFF, 0xFF, 0x00, 0xFF, 0xFF,
		0x00, 0xFF, 0xFF, 0x00, 0xFF, 0xFF, 0x00, 0xFF, 0xFF, 0x00, 0xFF, 0xFF, 0x00, 0xFF, 0x5A, 0x92,
		0x72, 0x7D, 0xDF, 0xA7, 0x1F, 0x2E, 0x24, 0xFF, 0x00, 0xFF, 0xFF, 0x00, 0xFF, 0xFF, 0x00, 0xFF,
		0xFF, 0x00, 0xFF, 0xFF, 0x00, 0xFF, 0xFF, 0x00, 0xFF, 0xFF, 0x00, 0xFF, 0xFF, 0x00, 0xFF, 0xFF,
		0x00, 0xFF, 0xFF, 0x00, 0xFF, 0xFF, 0x00, 0xFF, 0xFF, 0x00, 0xFF, 0xFF, 0x00, 0xFF, 0xFF, 0x00,
		0xFF, 0xFF, 0x00, 0xFF, 0xFF, 0x00, 0xFF, 0xFF, 0x00, 0xFF, 0xFF, 0x00, 0xFF, 0xFF, 0x00, 0xFF,
		0xFF, 0x00, 0xFF, 0xFF, 0x00, 0xFF, 0xFF, 0x00, 0xFF, 0xFF, 0x00, 0xFF, 0xFF, 0x00, 0xFF, 0xFF,
		0x00, 0xFF, 0xFF, 0x00, 0xFF, 0xFF, 0x00, 0xFF, 0xFF, 0x00, 0xFF, 0xFF, 0x00, 0xFF, 0x5A, 0x92,
		0x72, 0x7D, 0xDF, 0xA7, 0x1F, 0x2E, 0x24, 0xFF, 0x00, 0xFF, 0xFF, 0x00, 0xFF, 0xFF, 0x00, 0xFF,
		0xFF, 0x00, 0xFF, 0xFF, 0x00, 0xFF, 0xFF, 0x00, 0xFF, 0xFF, 0x00, 0xFF, 0xFF, 0x00, 0xFF, 0xFF,
		0x00, 0xFF, 0xFF, 0x00, 0xFF, 0xFF, 0x00, 0xFF, 0xFF, 0x00, 0xFF, 0xFF, 0x00, 0xFF, 0xFF, 0x00,
		0xFF, 0xFF, 0x00, 0xFF, 0xFF, 0x00, 0xFF, 0xFF, 0x00, 0xFF, 0xFF, 0x00, 0xFF, 0xFF, 0x00, 0xFF,
		0xFF, 0x00, 0xFF, 0xFF, 0x00, 0xFF, 0xFF, 0x00, 0xFF, 0xFF, 0x00, 0xFF, 0x00, 0x00, 0x00, 0x61,
		0xEA, 0x9B, 0x61, 0xEA, 0x9B, 0x61, 0xEA, 0x9B, 0x61, 0xEA, 0x9B, 0x61, 0xEA, 0x9B, 0x61, 0xEA,
		0x9B, 0x61, 0xEA, 0x9B, 0x61, 0xEA, 0x9B, 0x61, 0xEA, 0x9B, 0x15, 0x24, 0x16, 0xFF, 0x00, 0xFF,
		0xFF, 0x00, 0xFF, 0xFF, 0x00, 0xFF, 0xFF, 0x00, 0xFF, 0xFF, 0x00, 0xFF, 0x7D, 0xDF, 0xA7, 0x7D,
		0xDF, 0xA7, 0x7D, 0xDF, 0xA7, 0x7D, 0xDF, 0xA7, 0x7D, 0xDF, 0xA7, 0x7D, 0xDF, 0xA7, 0x7D, 0xDF,
		0xA7, 0x7D, 0xDF, 0xA7, 0x7D, 0xDF, 0xA7, 0x7D, 0xDF, 0xA7, 0x7D, 0xDF, 0xA7, 0x7D, 0xDF, 0xA7,
		0x15, 0x24, 0x16, 0x61, 0xEA, 0x9B, 0x61, 0xEA, 0x9B, 0x61, 0xEA, 0x9B, 0x61, 0xEA, 0x9B, 0x61,
		0xEA, 0x9B, 0x61, 0xEA, 0x9B, 0x61, 0xEA, 0x9B, 0x61, 0xEA, 0x9B, 0x61, 0xEA, 0x9B, 0x61, 0xEA,
		0x9B, 0x61, 0xEA, 0x9B, 0x61, 0xEA, 0x9B, 0x61, 0xEA, 0x9B, 0x15, 0x24, 0x16, 0xFF, 0x00, 0xFF,
		0xFF, 0x00, 0xFF, 0xFF, 0x00, 0xFF, 0xFF, 0x00, 0xFF, 0xFF, 0x00, 0xFF, 0xFF, 0x00, 0xFF, 0xFF,
		0x00, 0xFF, 0xFF, 0x00, 0xFF, 0xFF, 0x00, 0xFF, 0xFF, 0x00, 0xFF, 0xFF, 0x00, 0xFF, 0xFF, 0x00,
		0xFF, 0xFF, 0x00, 0xFF, 0x1F, 0x2E, 0x24, 0x61, 0xEA, 0x9B, 0x61, 0xEA, 0x9B, 0x61, 0xEA, 0x9B,
		0x61, 0xEA, 0x9B, 0x61, 0xEA, 0x9B, 0x61, 0xEA, 0x9B, 0x61, 0xEA, 0x9B, 0x61, 0xEA, 0x9B, 0x61,
		0xEA, 0x9B, 0x61, 0xEA, 0x9B, 0x61, 0xEA, 0x9B, 0x61, 0xEA, 0x9B, 0x61, 0xEA, 0x9B, 0x61, 0xEA,
		0x9B, 0x61, 0xEA, 0x9B, 0x61, 0xEA, 0x9B, 0x61, 0xEA, 0x9B, 0x1F, 0x2E, 0x24, 0xFF, 0x00, 0xFF,
		0xFF, 0x00, 0xFF, 0xFF, 0x00, 0xFF, 0xFF, 0x00, 0xFF, 0xFF, 0x00, 0xFF, 0xFF, 0x00, 0xFF, 0xFF,
		0x00, 0xFF, 0xFF, 0x00, 0xFF, 0xFF, 0x00, 0xFF, 0xFF, 0x00, 0xFF, 0xFF, 0x00, 0xFF, 0xFF, 0x00,
		0xFF, 0xFF, 0x00, 0xFF, 0xFF, 0x00, 0xFF, 0xFF, 0x00, 0xFF, 0xFF, 0x00, 0xFF, 0x85, 0xCB, 0xE5,
		0x41, 0xA6, 0xCB, 0x41, 0xA6, 0xCB, 0x41, 0xA6, 0xCB, 0x21, 0x2B, 0x2E, 0xFF, 0x00, 0xFF, 0xFF,
		0x00, 0xFF, 0xFF, 0x00, 0xFF, 0xFF, 0x00, 0xFF, 0xFF, 0x00, 0xFF, 0xFF, 0x00, 0xFF, 0xFF, 0x00,
		0xFF, 0xFF, 0x00, 0xFF, 0xFF, 0x00, 0xFF, 0xFF, 0x00, 0xFF, 0xFF, 0x00, 0xFF, 0xFF, 0x00, 0xFF,
		0xFF, 0x00, 0xFF, 0xFF, 0x00, 0xFF, 0xFF, 0x00, 0xFF, 0xFF, 0x00, 0xFF, 0xFF, 0x00, 0xFF, 0xFF,
		0x00, 0xFF, 0xFF, 0x00, 0xFF, 0xFF, 0x00, 0xFF, 0xFF, 0x00, 0xFF, 0xFF, 0x00, 0xFF, 0xFF, 0x00,
		0xFF, 0xFF, 0x00, 0xFF, 0x4F, 0x96, 0x6E, 0x6B, 0xE6, 0x9F, 0x15, 0x22, 0x17, 0xFF, 0x00, 0xFF,
		0xFF, 0x00, 0xFF, 0xFF, 0x00, 0xFF, 0xFF, 0x00, 0xFF, 0xFF, 0x00, 0xFF, 0xFF, 0x00, 0xFF, 0x15,
		0x22, 0x17, 0x6B, 0xE6, 0x9F, 0x4F, 0x96, 0x6E, 0xFF, 0x00, 0xFF, 0xFF, 0x00, 0xFF, 0xFF, 0x00,
		0xFF, 0xFF, 0x00, 0xFF, 0xFF, 0x00, 0xFF, 0xFF, 0x00, 0xFF, 0xFF, 0x00, 0xFF, 0xFF, 0x00, 0xFF,
		0xFF, 0x00, 0xFF, 0xFF, 0x00, 0xFF, 0xFF, 0x00, 0xFF, 0xFF, 0x00, 0xFF, 0xFF, 0x00, 0xFF, 0xFF,
		0x00, 0xFF, 0xFF, 0x00, 0xFF, 0xFF, 0x00, 0xFF, 0xFF, 0x00, 0xFF, 0xFF, 0x00, 0xFF, 0xFF, 0x00,
		0xFF, 0xFF, 0x00, 0xFF, 0xFF, 0x00, 0xFF, 0xFF, 0x00, 0xFF, 0xFF, 0x00, 0xFF, 0x85, 0xCB, 0xE5,
		0x41, 0xA6, 0xCB, 0x41, 0xA6, 0xCB, 0x41, 0xA6, 0xCB, 0x21, 0x2B, 0x2E, 0xFF, 0x00, 0xFF, 0xFF,
		0x00, 0xFF, 0xFF, 0x00, 0xFF, 0xFF, 0x00, 0xFF, 0xFF, 0x00, 0xFF, 0xFF, 0x00, 0xFF, 0xFF, 0x00,
		0xFF, 0xFF, 0x00, 0xFF, 0xFF, 0x00, 0xFF, 0xFF, 0x00, 0xFF, 0xFF, 0x00, 0xFF, 0xFF, 0x00, 0xFF,
		0xFF, 0x00, 0xFF, 0xFF, 0x00, 0xFF, 0xFF, 0x00, 0xFF, 0xFF, 0x00, 0xFF, 0xFF, 0x00, 0xFF, 0xFF,
		0x00, 0xFF, 0xFF, 0x00, 0xFF, 0xFF, 0x00, 0xFF, 0xFF, 0x00, 0xFF, 0xFF, 0x00, 0xFF, 0xFF, 0x00,
		0xFF, 0xFF, 0x00, 0xFF, 0xFF, 0x00, 0xFF, 0xFF, 0x00, 0xFF, 0xFF, 0x00, 0xFF, 0x85, 0xCB, 0xE5,
		0x41, 0xA6, 0xCB, 0x41, 0xA6, 0xCB, 0x41, 0xA6, 0xCB, 0x21, 0x2B, 0x2E, 0xFF, 0x00, 0xFF, 0xFF,
		0x00, 0xFF, 0xFF, 0x00, 0xFF, 0xFF, 0x00, 0xFF, 0xFF, 0x00, 0xFF, 0xFF, 0x00, 0xFF, 0xFF, 0x00,
		0xFF, 0xFF, 0x00, 0xFF, 0xFF, 0x00, 0xFF, 0xFF, 0x00, 0xFF, 0xFF, 0x00, 0xFF, 0xFF, 0x00, 0xFF,
		0xFF, 0x00, 0xFF, 0xFF, 0x00, 0xFF, 0xFF, 0x00, 0xFF, 0xFF, 0x00, 0xFF, 0xFF, 0x00, 0xFF, 0xFF,
		0x00, 0xFF, 0xFF, 0x00, 0xFF, 0xFF, 0x00, 0xFF, 0xFF, 0x00, 0xFF, 0xFF, 0x00, 0xFF, 0xFF, 0x00,
		0xFF, 0xFF, 0x00, 0xFF, 0xFF, 0x00, 0xFF, 0xFF, 0x00, 0xFF, 0xFF, 0x00, 0xFF, 0x85, 0xCB, 0xE5,
		0x41, 0xA6, 0xCB, 0x41, 0xA6, 0xCB, 0x41, 0xA6, 0xCB, 0x21, 0x2B, 0x2E, 0xFF, 0x00, 0xFF, 0xFF,
		0x00, 0xFF, 0xFF, 0x00, 0xFF, 0xFF, 0x00, 0xFF, 0xFF, 0x00, 0xFF, 0xFF, 0x00, 0xFF, 0xFF, 0x00,
		0xFF, 0xFF, 0x00, 0xFF, 0xFF, 0x00, 0xFF, 0xFF, 0x00, 0xFF, 0xFF, 0x00, 0xFF, 0xFF, 0x00, 0xFF,
		0xFF, 0x00, 0xFF, 0xFF, 0x00, 0xFF, 0xFF, 0x00, 0xFF, 0xFF, 0x00, 0xFF, 0xFF, 0x00, 0xFF, 0xFF,
		0x00, 0xFF, 0xFF, 0x00, 0xFF, 0xFF, 0x00, 0xFF, 0xFF, 0x00, 0xFF, 0xFF, 0x00, 0xFF, 0x65, 0x55,
		0x3B, 0x2E, 0x50, 0x39, 0x4D, 0xB0, 0x77, 0x61, 0xE8, 0x9A, 0x61, 0xEA, 0x9B, 0x61, 0xEA, 0x9B,
		0x61, 0xEA, 0x9B, 0x61, 0xEA, 0x9B, 0x61, 0xEA, 0x9B, 0x61, 0xEA, 0x9B, 0x61, 0xEA, 0x9B, 0x61,
		0xEA, 0x9B, 0x61, 0xE8, 0x9A, 0x4D, 0xB0, 0x77, 0x2E, 0x50, 0x39, 0x65, 0x55, 0x3B, 0xFF, 0x00,
		0xFF, 0xFF, 0x00, 0xFF, 0xFF, 0x00, 0xFF, 0xFF, 0x00, 0xFF, 0xFF, 0x00, 0xFF, 0xFF, 0x00, 0xFF,
		0xFF, 0x00, 0xFF, 0xFF, 0x00, 0xFF, 0xFF, 0x00, 0xFF, 0xFF, 0x00, 0xFF, 0xFF, 0x00, 0xFF, 0xFF,
		0x00, 0xFF, 0xFF, 0x00, 0xFF, 0xFF, 0x00, 0xFF, 0x1F, 0x2E, 0x24, 0x61, 0xEA, 0x9B, 0x61, 0xEA,
		0x9B, 0x61, 0xEA, 0x9B, 0x61, 0xEA, 0x9B, 0x61, 0xEA, 0x9B, 0x61, 0xEA, 0x9B, 0x61, 0xEA, 0x9B,
		0x61, 0xEA, 0x9B, 0x61, 0xEA, 0x9B, 0x61, 0xEA, 0x9B, 0x61, 0xEA, 0x9B, 0x61, 0xEA, 0x9B, 0x61,
		0xEA, 0x9B, 0x61, 0xEA, 0x9B, 0x61, 0xEA, 0x9B, 0x61, 0xEA, 0x9B, 0x61, 0xEA, 0x9B, 0x61, 0xEA,
		0x9B, 0x1F, 0x2E, 0x24, 0xFF, 0x00, 0xFF, 0xFF, 0x00, 0xFF, 0xFF, 0x00, 0xFF, 0xFF, 0x00, 0xFF,
		0xFF, 0x00, 0xFF, 0xFF, 0x00, 0xFF, 0xFF, 0x00, 0xFF, 0xFF, 0x00, 0xFF, 0xFF, 0x00, 0xFF, 0xFF,
		0x00, 0xFF, 0xFF, 0x00, 0xFF, 0xFF, 0x00, 0xFF, 0xFF, 0x00, 0xFF, 0xFF, 0x00, 0xFF, 0xFF, 0x00,
		0xFF, 0xFF, 0x00, 0xFF, 0xFF, 0x00, 0xFF, 0xFF, 0x00, 0xFF, 0xFF, 0x00, 0xFF, 0xFF, 0x00, 0xFF,
		0xFF, 0x00, 0xFF, 0xFF, 0x00, 0xFF, 0xFF, 0x00, 0xFF, 0xFF, 0x00, 0xFF, 0xFF, 0x00, 0xFF, 0xFF,
		0x00, 0xFF, 0xFF, 0x00, 0xFF, 0xFF, 0x00, 0xFF, 0xFF, 0x00, 0xFF, 0xFF, 0x00, 0xFF, 0x5A, 0x92,
		0x72, 0x7D, 0xDF, 0xA7, 0x1F, 0x2E, 0x24, 0xFF, 0x00, 0xFF, 0xFF, 0x00, 0xFF, 0xFF, 0x00, 0xFF,
		0xFF, 0x00, 0xFF, 0xFF, 0x00, 0xFF, 0xFF, 0x00, 0xFF, 0xFF, 0x00, 0xFF, 0xFF, 0x00, 0xFF, 0xFF,
		0x00, 0xFF, 0xFF, 0x00, 0xFF, 0xFF, 0x00, 0xFF, 0xFF, 0x00, 0xFF, 0xFF, 0x00, 0xFF, 0xFF, 0x00,
		0xFF, 0xFF, 0x00, 0xFF, 0xFF, 0x00, 0xFF, 0xFF, 0x00, 0xFF, 0xFF, 0x00, 0xFF, 0xFF, 0x00, 0xFF,
		0xFF, 0x00, 0xFF, 0xFF, 0x00, 0xFF, 0xFF, 0x00, 0xFF, 0xFF, 0x00, 0xFF, 0xFF, 0x00, 0xFF, 0xFF,
		0x00, 0xFF, 0xFF, 0x00, 0xFF, 0xFF, 0x00, 0xFF, 0xFF, 0x00, 0xFF, 0x57, 0x4F, 0x39, 0x24, 0x36,
		0x2A, 0x1F, 0x2E, 0x24, 0x1F, 0x2E, 0x24, 0x57, 0x4F, 0x39, 0xFF, 0x00, 0xFF, 0xFF, 0x00, 0xFF,
		0xFF, 0x00, 0xFF, 0xFF, 0x00, 0xFF, 0xFF, 0x00, 0xFF, 0xFF, 0x00, 0xFF, 0x1F, 0x2E, 0x24, 0x1F,
		0x2E, 0x24, 0x1F, 0x2E, 0x24, 0x1F, 0x2E, 0x24, 0x1F, 0x2E, 0x24, 0x1F, 0x2E, 0x24, 0x1F, 0x2E,
		0x24, 0x1F, 0x2E, 0x24, 0x1F, 0x2E, 0x24, 0x1F, 0x2E, 0x24, 0x1F, 0x2E, 0x24, 0x1F, 0x2E, 0x24,
		0x1F, 0x2E, 0x24, 0x1F, 0x2E, 0x24, 0x1F, 0x2E, 0x24, 0x1F, 0x2E, 0x24, 0x1F, 0x2E, 0x24, 0x5F,
		0xE3, 0x97, 0x61, 0xEA, 0x9B, 0x61, 0xEA, 0x9B, 0x61, 0xEA, 0x9B, 0x61, 0xEA, 0x9B, 0x61, 0xEA,
		0x9B, 0x61, 0xEA, 0x9B, 0x61, 0xEA, 0x9B, 0x5F, 0xE3, 0x97, 0x24, 0x31, 0x26, 0xFF, 0x00, 0xFF,
		0xFF, 0x00, 0xFF, 0xFF, 0x00, 0xFF, 0xFF, 0x00, 0xFF, 0xFF, 0x00, 0xFF, 0x5A, 0x92, 0x72, 0x5A,
		0x92, 0x72, 0x5A, 0x92, 0x72, 0x5A, 0x92, 0x72, 0x5A, 0x92, 0x72, 0x5A, 0x92, 0x72, 0x5A, 0x92,
		0x72, 0x5A, 0x92, 0x72, 0x5A, 0x92, 0x72, 0x5A, 0x92, 0x72, 0x5A, 0x92, 0x72, 0x5A, 0x92, 0x72,
		0x20, 0x30, 0x25, 0x5F, 0xE6, 0x99, 0x61, 0xEA, 0x9B, 0x61, 0xEA, 0x9B, 0x61, 0xEA, 0x9B, 0x61,
		0xEA, 0x9B, 0x61, 0xEA, 0x9B, 0x61, 0xEA, 0x9B, 0x61, 0xEA, 0x9B, 0x61, 0xEA, 0x9B, 0x61, 0xEA,
		0x9B, 0x61, 0xEA, 0x9B, 0x61, 0xEA, 0x9B, 0x5F, 0xE6, 0x99, 0x22, 0x30, 0x25, 0xFF, 0x00, 0xFF,
		0xFF, 0x00, 0xFF, 0xFF, 0x00, 0xFF, 0xFF, 0x00, 0xFF, 0xFF, 0x00, 0xFF, 0xFF, 0x00, 0xFF, 0xFF,
		0x00, 0xFF, 0xFF, 0x00, 0xFF, 0xFF, 0x00, 0xFF, 0xFF, 0x00, 0xFF, 0xFF, 0x00, 0xFF, 0xFF, 0x00,
		0xFF, 0xFF, 0x00, 0xFF, 0x33, 0x39, 0x2B, 0x4A, 0xA7, 0x70, 0x61, 0xEA, 0x9B, 0x61, 0xEA, 0x9B,
		0x61, 0xEA, 0x9B, 0x61, 0xEA, 0x9B, 0x61, 0xEA, 0x9B, 0x61, 0xEA, 0x9B, 0x61, 0xEA, 0x9B, 0x61,
		0xEA, 0x9B, 0x61, 0xEA, 0x9B, 0x61, 0xEA, 0x9B, 0x61, 0xEA, 0x9B, 0x61, 0xEA, 0x9B, 0x61, 0xEA,
		0x9B, 0x61, 0xEA, 0x9B, 0x61, 0xEA, 0x9B, 0x4A, 0xA7, 0x70, 0x33, 0x39, 0x2B, 0xFF, 0x00, 0xFF,
		0xFF, 0x00, 0xFF, 0xFF, 0x00, 0xFF, 0xFF, 0x00, 0xFF, 0xFF, 0x00, 0xFF, 0xFF, 0x00, 0xFF, 0xFF,
		0x00, 0xFF, 0xFF, 0x00, 0xFF, 0xFF, 0x00, 0xFF, 0xFF, 0x00, 0xFF, 0xFF, 0x00, 0xFF, 0xFF, 0x00,
		0xFF, 0xFF, 0x00, 0xFF, 0xFF, 0x00, 0xFF, 0xFF, 0x00, 0xFF, 0xFF, 0x00, 0xFF, 0xFF, 0x00, 0xFF,
		0xFF, 0x00, 0xFF, 0xFF, 0x00, 0xFF, 0xFF, 0x00, 0xFF, 0xFF, 0x00, 0xFF, 0xFF, 0x00, 0xFF, 0xFF,
		0x00, 0xFF, 0xFF, 0x00, 0xFF, 0xFF, 0x00, 0xFF, 0xFF, 0x00, 0xFF, 0xFF, 0x00, 0xFF, 0x5A, 0x92,
		0x72, 0x7D, 0xDF, 0xA7, 0x1F, 0x2E, 0x24, 0xFF, 0x00, 0xFF, 0xFF, 0x00, 0xFF, 0xFF, 0x00, 0xFF,
		0xFF, 0x00, 0xFF, 0xFF, 0x00, 0xFF, 0xFF, 0x00, 0xFF, 0xFF, 0x00, 0xFF, 0xFF, 0x00, 0xFF, 0xFF,
		0x00, 0xFF, 0xFF, 0x00, 0xFF, 0xFF, 0x00, 0xFF, 0xFF, 0x00, 0xFF, 0xFF, 0x00, 0xFF, 0xFF, 0x00,
		0xFF, 0xFF, 0x00, 0xFF, 0xFF, 0x00, 0xFF, 0xFF, 0x00, 0xFF, 0xFF, 0x00, 0xFF, 0xFF, 0x00, 0xFF,
		0xFF, 0x00, 0xFF, 0xFF, 0x00, 0xFF, 0xFF, 0x00, 0xFF, 0xFF, 0x00, 0xFF, 0xFF, 0x00, 0xFF, 0xFF,
		0x00, 0xFF, 0xFF, 0x00, 0xFF, 0xFF, 0x00, 0xFF, 0x1F, 0x2E, 0x24, 0x1F, 0x2E, 0x24, 0x1F, 0x2E,
		0x24, 0x1F, 0x2E, 0x24, 0x1F, 0x2E, 0x24, 0x1F, 0x2E, 0x24, 0x1F, 0x2E, 0x24, 0xFF, 0x00, 0xFF,
		0xFF, 0x00, 0xFF, 0xFF, 0x00, 0xFF, 0xFF, 0x00, 0xFF, 0xFF, 0x00, 0xFF, 0x1F, 0x2E, 0x24, 0x1F,
		0x2E, 0x24, 0x1F, 0x2E, 0x24, 0x1F, 0x2E, 0x24, 0x1F, 0x2E, 0x24, 0x1F, 0x2E, 0x24, 0x1F, 0x2E,
		0x24, 0x1F, 0x2E, 0x24, 0x1F, 0x2E, 0x24, 0x1F, 0x2E, 0x24, 0x1F, 0x2E, 0x24, 0x1F, 0x2E, 0x24,
		0x1F, 0x2E, 0x24, 0x1F, 0x2E, 0x24, 0x1F, 0x2E, 0x24, 0x1F, 0x2E, 0x24, 0x00, 0x00, 0x00, 0x61,
		0xEA, 0x9B, 0x61, 0xEA, 0x9B, 0x61, 0xEA, 0x9B, 0x61, 0xEA, 0x9B, 0x61, 0xEA, 0x9B, 0x61, 0xEA,
		0x9B, 0x61, 0xEA, 0x9B, 0x61, 0xEA, 0x9B, 0x61, 0xEA, 0x9B, 0x15, 0x24, 0x16, 0xFF, 0x00, 0xFF,
		0xFF, 0x00, 0xFF, 0xFF, 0x00, 0xFF, 0xFF, 0x00, 0xFF, 0xFF, 0x00, 0xFF, 0x5A, 0x92, 0x72, 0x5A,
		0x92, 0x72, 0x5A, 0x92, 0x72, 0x5A, 0x92, 0x72, 0x5A, 0x92, 0x72, 0x5A, 0x92, 0x72, 0x5A, 0x92,
		0x72, 0x5A, 0x92, 0x72, 0x5A, 0x92, 0x72, 0x5A, 0x92, 0x72, 0x5A, 0x92, 0x72, 0x5A, 0x92, 0x72,
		0x15, 0x24, 0x16, 0x61, 0xEA, 0x9B, 0x61, 0xEA, 0x9B, 0x61, 0xEA, 0x9B, 0x61, 0xEA, 0x9B, 0x61,
		0xEA, 0x9B, 0x61, 0xEA, 0x9B, 0x61, 0xEA, 0x9B, 0x61, 0xEA, 0x9B, 0x61, 0xEA, 0x9B, 0x61, 0xEA,
		0x9B, 0x61, 0xEA, 0x9B, 0x61, 0xEA, 0x9B, 0x61, 0xEA, 0x9B, 0x15, 0x24, 0x16, 0xFF, 0x00, 0xFF,
		0xFF, 0x00, 0xFF, 0xFF, 0x00, 0xFF, 0xFF, 0x00, 0xFF, 0xFF, 0x00, 0xFF, 0xFF, 0x00, 0xFF, 0xFF,
		0x00, 0xFF, 0xFF, 0x00, 0xFF, 0xFF, 0x00, 0xFF, 0xFF, 0x00, 0xFF, 0xFF, 0x00, 0xFF, 0xFF, 0x00,
		0xFF, 0xFF, 0x00, 0xFF, 0x1F, 0x2E, 0x24, 0x61, 0xEA, 0x9B, 0x61, 0xEA, 0x9B, 0x61, 0xEA, 0x9B,
		0x61, 0xEA, 0x9B, 0x61, 0xEA, 0x9B, 0x61, 0xEA, 0x9B, 0x61, 0xEA, 0x9B, 0x61, 0xEA, 0x9B, 0x61,
		0xEA, 0x9B, 0x61, 0xEA, 0x9B, 0x61, 0xEA, 0x9B, 0x61, 0xEA, 0x9B, 0x61, 0xEA, 0x9B, 0x61, 0xEA,
		0x9B, 0x61, 0xEA, 0x9B, 0x61, 0xEA, 0x9B, 0x61, 0xEA, 0x9B, 0x1F, 0x2E, 0x24, 0xFF, 0x00, 0xFF,
		0xFF, 0x00, 0xFF, 0xFF, 0x00, 0xFF, 0xFF, 0x00, 0xFF, 0xFF, 0x00, 0xFF, 0xFF, 0x00, 0xFF, 0xFF,
		0x00, 0xFF, 0xFF, 0x00, 0xFF, 0xFF, 0x00, 0xFF, 0xFF, 0x00, 0xFF, 0xFF, 0x00, 0xFF, 0xFF, 0x00,
		0xFF, 0xFF, 0x00, 0xFF, 0xFF, 0x00, 0xFF, 0xFF, 0x00, 0xFF, 0xFF, 0x00, 0xFF, 0x85, 0xCB, 0xE5,
		0x41, 0xA6, 0xCB, 0x41, 0xA6, 0xCB, 0x41, 0xA6, 0xCB, 0x21, 0x2B, 0x2E, 0xFF, 0x00, 0xFF, 0xFF,
		0x00, 0xFF, 0xFF, 0x00, 0xFF, 0xFF, 0x00, 0xFF, 0xFF, 0x00, 0xFF, 0xFF, 0x00, 0xFF, 0xFF, 0x00,
		0xFF, 0xFF, 0x00, 0xFF, 0xFF, 0x00, 0xFF, 0xFF, 0x00, 0xFF, 0xFF, 0x00, 0xFF, 0xFF, 0x00, 0xFF,
		0xFF, 0x00, 0xFF, 0xFF, 0x00, 0xFF, 0xFF, 0x00, 0xFF, 0xFF, 0x00, 0xFF, 0xFF, 0x00, 0xFF, 0xFF,
		0x00, 0xFF, 0xFF, 0x00, 0xFF, 0xFF, 0x00, 0xFF, 0xFF, 0x00, 0xFF, 0xFF, 0x00, 0xFF, 0xFF, 0x00,
		0xFF, 0xFF, 0x00, 0xFF, 0xFF, 0x00, 0xFF, 0x4F, 0x96, 0x6E, 0x6B, 0xE6, 0x9F, 0x15, 0x22, 0x17,
		0xFF, 0x00, 0xFF, 0xFF, 0x00, 0xFF, 0xFF, 0x00, 0xFF, 0xFF, 0x00, 0xFF, 0x15, 0x22, 0x17, 0x6B,
		0xE6, 0x9F, 0x4F, 0x96, 0x6E, 0xFF, 0x00, 0xFF, 0xFF, 0x00, 0xFF, 0xFF, 0x00, 0xFF, 0xFF, 0x00,
		0xFF, 0xFF, 0x00, 0xFF, 0xFF, 0x00, 0xFF, 0xFF, 0x00, 0xFF, 0xFF, 0x00, 0xFF, 0xFF, 0x00, 0xFF,
		0xFF, 0x00, 0xFF, 0xFF, 0x00, 0xFF, 0xFF, 0x00, 0xFF, 0xFF, 0x00, 0xFF, 0xFF, 0x00, 0xFF, 0xFF,
		0x00, 0xFF, 0xFF, 0x00, 0xFF, 0xFF, 0x00, 0xFF, 0xFF, 0x00, 0xFF, 0xFF, 0x00, 0xFF, 0xFF, 0x00,
		0xFF, 0xFF, 0x00, 0xFF, 0xFF, 0x00, 0xFF, 0xFF, 0x00, 0xFF, 0xFF, 0x00, 0xFF, 0x85, 0xCB, 0xE5,
		0x41, 0xA6, 0xCB, 0x41, 0xA6, 0xCB, 0x41, 0xA6, 0xCB, 0x21, 0x2B, 0x2E, 0xFF, 0x00, 0xFF, 0xFF,
		0x00, 0xFF, 0xFF, 0x00, 0xFF, 0xFF, 0x00, 0xFF, 0xFF, 0x00, 0xFF, 0xFF, 0x00, 0xFF, 0xFF, 0x00,
		0xFF, 0xFF, 0x00, 0xFF, 0xFF, 0x00, 0xFF, 0xFF, 0x00, 0xFF, 0xFF, 0x00, 0xFF, 0xFF, 0x00, 0xFF,
		0xFF, 0x00, 0xFF, 0xFF, 0x00, 0xFF, 0xFF, 0x00, 0xFF, 0xFF, 0x00, 0xFF, 0xFF, 0x00, 0xFF, 0xFF,
		0x00, 0xFF, 0xFF, 0x00, 0xFF, 0xFF, 0x00, 0xFF, 0xFF, 0x00, 0xFF, 0xFF, 0x00, 0xFF, 0xFF, 0x00,
		0xFF, 0xFF, 0x00, 0xFF, 0xFF, 0x00, 0xFF, 0xFF, 0x00, 0xFF, 0xFF, 0x00, 0xFF, 0x85, 0xCB, 0xE5,
		0x41, 0xA6, 0xCB, 0x41, 0xA6, 0xCB, 0x41, 0xA6, 0xCB, 0x21, 0x2B, 0x2E, 0xFF, 0x00, 0xFF, 0xFF,
		0x00, 0xFF, 0xFF, 0x00, 0xFF, 0xFF, 0x00, 0xFF, 0xFF, 0x00, 0xFF, 0xFF, 0x00, 0xFF, 0xFF, 0x00,
		0xFF, 0xFF, 0x00, 0xFF, 0xFF, 0x00, 0xFF, 0xFF, 0x00, 0xFF, 0xFF, 0x00, 0xFF, 0xFF, 0x00, 0xFF,
		0xFF, 0x00, 0xFF, 0xFF, 0x00, 0xFF, 0xFF, 0x00, 0xFF, 0xFF, 0x00, 0xFF, 0xFF, 0x00, 0xFF, 0xFF,
		0x00, 0xFF, 0xFF, 0x00, 0xFF, 0xFF, 0x00, 0xFF, 0xFF, 0x00, 0xFF, 0xFF, 0x00, 0xFF, 0xFF, 0x00,
		0xFF, 0xFF, 0x00, 0xFF, 0xFF, 0x00, 0xFF, 0xFF, 0x00, 0xFF, 0xFF, 0x00, 0xFF, 0x85, 0xCB, 0xE5,
		0x41, 0xA6, 0xCB, 0x41, 0xA6, 0xCB, 0x41, 0xA6, 0xCB, 0x21, 0x2B, 0x2E, 0xFF, 0x00, 0xFF, 0xFF,
		0x00, 0xFF, 0xFF, 0x00, 0xFF, 0xFF, 0x00, 0xFF, 0xFF, 0x00, 0xFF, 0xFF, 0x00, 0xFF, 0xFF, 0x00,
		0xFF, 0xFF, 0x00, 0xFF, 0xFF, 0x00, 0xFF, 0xFF, 0x00, 0xFF, 0xFF, 0x00, 0xFF, 0xFF, 0x00, 0xFF,
		0xFF, 0x00, 0xFF, 0xFF, 0x00, 0xFF, 0xFF, 0x00, 0xFF, 0xFF, 0x00, 0xFF, 0xFF, 0x00, 0xFF, 0xFF,
		0x00, 0xFF, 0xFF, 0x00, 0xFF, 0xFF, 0x00, 0xFF, 0xFF, 0x00, 0xFF, 0xFF, 0x00, 0xFF, 0xFF, 0x00,
		0xFF, 0x79, 0x60, 0x42, 0x2D, 0x36, 0x28, 0x32, 0x63, 0x45, 0x4A, 0xA7, 0x70, 0x5A, 0xD6, 0x8F,
		0x61, 0xE8, 0x9A, 0x61, 0xEA, 0x9B, 0x61, 0xEA, 0x9B, 0x61, 0xE8, 0x9A, 0x5A, 0xD6, 0x8F, 0x4A,
		0xA7, 0x70, 0x32, 0x63, 0x45, 0x2D, 0x36, 0x29, 0x79, 0x60, 0x42, 0xFF, 0x00, 0xFF, 0xFF, 0x00,
		0xFF, 0xFF, 0x00, 0xFF, 0xFF, 0x00, 0xFF, 0xFF, 0x00, 0xFF, 0xFF, 0x00, 0xFF, 0xFF, 0x00, 0xFF,
		0xFF, 0x00, 0xFF, 0xFF, 0x00, 0xFF, 0xFF, 0x00, 0xFF, 0xFF, 0x00, 0xFF, 0xFF, 0x00, 0xFF, 0xFF,
		0x00, 0xFF, 0xFF, 0x00, 0xFF, 0xFF, 0x00, 0xFF, 0x1F, 0x2E, 0x24, 0x61, 0xEA, 0x9B, 0x61, 0xEA,
		0x9B, 0x61, 0xEA, 0x9B, 0x61, 0xEA, 0x9B, 0x61, 0xEA, 0x9B, 0x61, 0xEA, 0x9B, 0x61, 0xEA, 0x9B,
		0x61, 0xEA, 0x9B, 0x61, 0xEA, 0x9B, 0x61, 0xEA, 0x9B, 0x61, 0xEA, 0x9B, 0x61, 0xEA, 0x9B, 0x61,
		0xEA, 0x9B, 0x61, 0xEA, 0x9B, 0x61, 0xEA, 0x9B, 0x61, 0xEA, 0x9B, 0x61, 0xEA, 0x9B, 0x61, 0xEA,
		0x9B, 0x1F, 0x2E, 0x24, 0xFF, 0x00, 0xFF, 0xFF, 0x00, 0xFF, 0xFF, 0x00, 0xFF, 0xFF, 0x00, 0xFF,
		0xFF, 0x00, 0xFF, 0xFF, 0x00, 0xFF, 0xFF, 0x00, 0xFF, 0xFF, 0x00, 0xFF, 0xFF, 0x00, 0xFF, 0xFF,
		0x00, 0xFF, 0xFF, 0x00, 0xFF, 0xFF, 0x00, 0xFF, 0xFF, 0x00, 0xFF, 0xFF, 0x00, 0xFF, 0xFF, 0x00,
		0xFF, 0xFF, 0x00, 0xFF, 0xFF, 0x00, 0xFF, 0xFF, 0x00, 0xFF, 0xFF, 0x00, 0xFF, 0xFF, 0x00, 0xFF,
		0xFF, 0x00, 0xFF, 0xFF, 0x00, 0xFF, 0xFF, 0x00, 0xFF, 0xFF, 0x00, 0xFF, 0xFF, 0x00, 0xFF, 0xFF,
		0x00, 0xFF, 0xFF, 0x00, 0xFF, 0xFF, 0x00, 0xFF, 0xFF, 0x00, 0xFF, 0xFF, 0x00, 0xFF, 0x5A, 0x92,
		0x72, 0x7D, 0xDF, 0xA7, 0x1F, 0x2E, 0x24, 0xFF, 0x00, 0xFF, 0xFF, 0x00, 0xFF, 0xFF, 0x00, 0xFF,
		0xFF, 0x00, 0xFF, 0xFF, 0x00, 0xFF, 0xFF, 0x00, 0xFF, 0xFF, 0x00, 0xFF, 0xFF, 0x00, 0xFF, 0xFF,
		0x00, 0xFF, 0xFF, 0x00, 0xFF, 0xFF, 0x00, 0xFF, 0xFF, 0x00, 0xFF, 0xFF, 0x00, 0xFF, 0xFF, 0x00,
		0xFF, 0xFF, 0x00, 0xFF, 0xFF, 0x00, 0xFF, 0xFF, 0x00, 0xFF, 0xFF, 0x00, 0xFF, 0xFF, 0x00, 0xFF,
		0xFF, 0x00, 0xFF, 0xFF, 0x00, 0xFF, 0xFF, 0x00, 0xFF, 0xFF, 0x00, 0xFF, 0xFF, 0x00, 0xFF, 0xFF,
		0x00, 0xFF, 0xFF, 0x00, 0xFF, 0xFF, 0x00, 0xFF, 0x56, 0x4D, 0x37, 0x40, 0x8D, 0x60, 0x5F, 0xE4,
		0x97, 0x61, 0xEA, 0x9B, 0x5F, 0xE4, 0x97, 0x40, 0x8D, 0x60, 0x56, 0x4D, 0x37, 0xFF, 0x00, 0xFF,
		0xFF, 0x00, 0xFF, 0xFF, 0x00, 0xFF, 0xFF, 0x00, 0xFF, 0xFF, 0x00, 0xFF, 0x7D, 0xDF, 0xA7, 0x7D,
		0xDF, 0xA7, 0x7D, 0xDF, 0xA7, 0x7D, 0xDF, 0xA7, 0x7D, 0xDF, 0xA7, 0x7D, 0xDF, 0xA7, 0x7D, 0xDF,
		0xA7, 0x7D, 0xDF, 0xA7, 0x7D, 0xDF, 0xA7, 0x7D, 0xDF, 0xA7, 0x7D, 0xDF, 0xA7, 0x7D, 0xDF, 0xA7,
		0x7D, 0xDF, 0xA7, 0x7D, 0xDF, 0xA7, 0x7D, 0xDF, 0xA7, 0x7D, 0xDF, 0xA7, 0x1F, 0x2E, 0x24, 0x61,
		0xEA, 0x9B, 0x61, 0xEA, 0x9B, 0x61, 0xEA, 0x9B, 0x61, 0xEA, 0x9B, 0x61, 0xEA, 0x9B, 0x61, 0xEA,
		0x9B, 0x61, 0xEA, 0x9B, 0x61, 0xEA, 0x9B, 0x61, 0xEA, 0x9B, 0x1F, 0x2E, 0x24, 0xFF, 0x00, 0xFF,
		0xFF, 0x00, 0xFF, 0xFF, 0x00, 0xFF, 0xFF, 0x00, 0xFF, 0xFF, 0x00, 0xFF, 0xFF, 0x00, 0xFF, 0xFF,
		0x00, 0xFF, 0xFF, 0x00, 0xFF, 0xFF, 0x00, 0xFF, 0xFF, 0x00, 0xFF, 0xFF, 0x00, 0xFF, 0xFF, 0x00,
		0xFF, 0xFF, 0x00, 0xFF, 0xFF, 0x00, 0xFF, 0xFF, 0x00, 0xFF, 0xFF, 0x00, 0xFF, 0xFF, 0x00, 0xFF,
		0x30, 0x38, 0x2A, 0x56, 0xCA, 0x87, 0x61, 0xEA, 0x9B, 0x61, 0xEA, 0x9B, 0x61, 0xEA, 0x9B, 0x61,
		0xEA, 0x9B, 0x61, 0xEA, 0x9B, 0x61, 0xEA, 0x9B, 0x61, 0xEA, 0x9B, 0x61, 0xEA, 0x9B, 0x61, 0xEA,
		0x9B, 0x61, 0xEA, 0x9B, 0x61, 0xEA, 0x9B, 0x56, 0xCA, 0x87, 0x30, 0x38, 0x2A, 0xFF, 0x00, 0xFF,
		0xFF, 0x00, 0xFF, 0xFF, 0x00, 0xFF, 0xFF, 0x00, 0xFF, 0xFF, 0x00, 0xFF, 0xFF, 0x00, 0xFF, 0xFF,
		0x00, 0xFF, 0xFF, 0x00, 0xFF, 0xFF, 0x00, 0xFF, 0xFF, 0x00, 0xFF, 0xFF, 0x00, 0xFF, 0xFF, 0x00,
		0xFF, 0xFF, 0x00, 0xFF, 0x63, 0x55, 0x3C, 0x32, 0x63, 0x45, 0x61, 0xE8, 0x9A, 0x61, 0xEA, 0x9B,
		0x61, 0xEA, 0x9B, 0x61, 0xEA, 0x9B, 0x61, 0xEA, 0x9B, 0x61, 0xEA, 0x9B, 0x61, 0xEA, 0x9B, 0x61,
		0xEA, 0x9B, 0x61, 0xEA, 0x9B, 0x61, 0xEA, 0x9B, 0x61, 0xEA, 0x9B, 0x61, 0xEA, 0x9B, 0x61, 0xEA,
		0x9B, 0x61, 0xEA, 0x9B, 0x61, 0xE8, 0x9A, 0x32, 0x63, 0x45, 0x62, 0x54, 0x3C, 0xFF, 0x00, 0xFF,
		0xFF, 0x00, 0xFF, 0xFF, 0x00, 0xFF, 0xFF, 0x00, 0xFF, 0xFF, 0x00, 0xFF, 0xFF, 0x00, 0xFF, 0xFF,
		0x00, 0xFF, 0xFF, 0x00, 0xFF, 0xFF, 0x00, 0xFF, 0xFF, 0x00, 0xFF, 0xFF, 0x00, 0xFF, 0xFF, 0x00,
		0xFF, 0xFF, 0x00, 0xFF, 0xFF, 0x00, 0xFF, 0xFF, 0x00, 0xFF, 0xFF, 0x00, 0xFF, 0xFF, 0x00, 0xFF,
		0xFF, 0x00, 0xFF, 0xFF, 0x00, 0xFF, 0xFF, 0x00, 0xFF, 0xFF, 0x00, 0xFF, 0xFF, 0x00, 0xFF, 0xFF,
		0x00, 0xFF, 0xFF, 0x00, 0xFF, 0xFF, 0x00, 0xFF, 0xFF, 0x00, 0xFF, 0xFF, 0x00, 0xFF, 0x5A, 0x92,
		0x72, 0x7D, 0xDF, 0xA7, 0x1F, 0x2E, 0x24, 0xFF, 0x00, 0xFF, 0xFF, 0x00, 0xFF, 0xFF, 0x00, 0xFF,
		0xFF, 0x00, 0xFF, 0xFF, 0x00, 0xFF, 0xFF, 0x00, 0xFF, 0xFF, 0x00, 0xFF, 0xFF, 0x00, 0xFF, 0xFF,
		0x00, 0xFF, 0xFF, 0x00, 0xFF, 0xFF, 0x00, 0xFF, 0xFF, 0x00, 0xFF, 0xFF, 0x00, 0xFF, 0xFF, 0x00,
		0xFF, 0xFF, 0x00, 0xFF, 0xFF, 0x00, 0xFF, 0xFF, 0x00, 0xFF, 0xFF, 0x00, 0xFF, 0xFF, 0x00, 0xFF,
		0xFF, 0x00, 0xFF, 0xFF, 0x00, 0xFF, 0xFF, 0x00, 0xFF, 0xFF, 0x00, 0xFF, 0xFF, 0x00, 0xFF, 0xFF,
		0x00, 0xFF, 0xFF, 0x00, 0xFF, 0xFF, 0x00, 0xFF, 0x1F, 0x2E, 0x24, 0x61, 0xEA, 0x9B, 0x61, 0xEA,
		0x9B, 0x61, 0xEA, 0x9B, 0x61, 0xEA, 0x9B, 0x61, 0xEA, 0x9B, 0x1F, 0x2E, 0x24, 0xFF, 0x00, 0xFF,
		0xFF, 0x00, 0xFF, 0xFF, 0x00, 0xFF, 0xFF, 0x00, 0xFF, 0xFF, 0x00, 0xFF, 0x7D, 0xDF, 0xA7, 0x7D,
		0xDF, 0xA7, 0x7D, 0xDF, 0xA7, 0x7D, 0xDF, 0xA7, 0x7D, 0xDF, 0xA7, 0x7D, 0xDF, 0xA7, 0x7D, 0xDF,
		0xA7, 0x7D, 0xDF, 0xA7, 0x7D, 0xDF, 0xA7, 0x7D, 0xDF, 0xA7, 0x7D, 0xDF, 0xA7, 0x7D, 0xDF, 0xA7,
		0x7D, 0xDF, 0xA7, 0x7D, 0xDF, 0xA7, 0x7D, 0xDF, 0xA7, 0x7D, 0xDF, 0xA7, 0x00, 0x00, 0x00, 0x61,
		0xEA, 0x9B, 0x61, 0xEA, 0x9B, 0x61, 0xEA, 0x9B, 0x61, 0xEA, 0x9B, 0x61, 0xEA, 0x9B, 0x61, 0xEA,
		0x9B, 0x61, 0xEA, 0x9B, 0x61, 0xEA, 0x9B, 0x61, 0xEA, 0x9B, 0x15, 0x24, 0x16, 0xFF, 0x00, 0xFF,
		0xFF, 0x00, 0xFF, 0xFF, 0x00, 0xFF, 0xFF, 0x00, 0xFF, 0xFF, 0x00, 0xFF, 0xFF, 0x00, 0xFF, 0xFF,
		0x00, 0xFF, 0xFF, 0x00, 0xFF, 0xFF, 0x00, 0xFF, 0xFF, 0x00, 0xFF, 0xFF, 0x00, 0xFF, 0xFF, 0x00,
		0xFF, 0xFF, 0x00, 0xFF, 0xFF, 0x00, 0xFF, 0xFF, 0x00, 0xFF, 0xFF, 0x00, 0xFF, 0xFF, 0x00, 0xFF,
		0x15, 0x24, 0x16, 0x61, 0xEA, 0x9B, 0x61, 0xEA, 0x9B, 0x61, 0xEA, 0x9B, 0x61, 0xEA, 0x9B, 0x61,
		0xEA, 0x9B, 0x61, 0xEA, 0x9B, 0x61, 0xEA, 0x9B, 0x61, 0xEA, 0x9B, 0x61, 0xEA, 0x9B, 0x61, 0xEA,
		0x9B, 0x61, 0xEA, 0x9B, 0x61, 0xEA, 0x9B, 0x61, 0xEA, 0x9B, 0x15, 0x24, 0x16, 0xFF, 0x00, 0xFF,
		0xFF, 0x00, 0xFF, 0xFF, 0x00, 0xFF, 0xFF, 0x00, 0xFF, 0xFF, 0x00, 0xFF, 0xFF, 0x00, 0xFF, 0xFF,
		0x00, 0xFF, 0xFF, 0x00, 0xFF, 0xFF, 0x00, 0xFF, 0xFF, 0x00, 0xFF, 0xFF, 0x00, 0xFF, 0xFF, 0x00,
		0xFF, 0xFF, 0x00, 0xFF, 0x1F, 0x2E, 0x24, 0x61, 0xEA, 0x9B, 0x61, 0xEA, 0x9B, 0x61, 0xEA, 0x9B,
		0x61, 0xEA, 0x9B, 0x61, 0xEA, 0x9B, 0x61, 0xEA, 0x9B, 0x61, 0xEA, 0x9B, 0x61, 0xEA, 0x9B, 0x61,
		0xEA, 0x9B, 0x61, 0xEA, 0x9B, 0x61, 0xEA, 0x9B, 0x61, 0xEA, 0x9B, 0x61, 0xEA, 0x9B, 0x61, 0xEA,
		0x9B, 0x61, 0xEA, 0x9B, 0x61, 0xEA, 0x9B, 0x61, 0xEA, 0x9B, 0x1F, 0x2E, 0x24, 0xFF, 0x00, 0xFF,
		0xFF, 0x00, 0xFF, 0xFF, 0x00, 0xFF, 0xFF, 0x00, 0xFF, 0xFF, 0x00, 0xFF, 0xFF, 0x00, 0xFF, 0xFF,
		0x00, 0xFF, 0xFF, 0x00, 0xFF, 0xFF, 0x00, 0xFF, 0xFF, 0x00, 0xFF, 0xFF, 0x00, 0xFF, 0xFF, 0x00,
		0xFF, 0xFF, 0x00, 0xFF, 0xFF, 0x00, 0xFF, 0xFF, 0x00, 0xFF, 0xFF, 0x00, 0xFF, 0x85, 0xCB, 0xE5,
		0x41, 0xA6, 0xCB, 0x41, 0xA6, 0xCB, 0x41, 0xA6, 0xCB, 0x21, 0x2B, 0x2E, 0xFF, 0x00, 0xFF, 0xFF,
		0x00, 0xFF, 0xFF, 0x00, 0xFF, 0xFF, 0x00, 0xFF, 0xFF, 0x00, 0xFF, 0xFF, 0x00, 0xFF, 0xFF, 0x00,
		0xFF, 0xFF, 0x00, 0xFF, 0xFF, 0x00, 0xFF, 0xFF, 0x00, 0xFF, 0xFF, 0x00, 0xFF, 0xFF, 0x00, 0xFF,
		0xFF, 0x00, 0xFF, 0xFF, 0x00, 0xFF, 0xFF, 0x00, 0xFF, 0xFF, 0x00, 0xFF, 0xFF, 0x00, 0xFF, 0xFF,
		0x00, 0xFF, 0xFF, 0x00, 0xFF, 0xFF, 0x00, 0xFF, 0xFF, 0x00, 0xFF, 0xFF, 0x00, 0xFF, 0xFF, 0x00,
		0xFF, 0xFF, 0x00, 0xFF, 0xFF, 0x00, 0xFF, 0x4F, 0x96, 0x6E, 0x6B, 0xE6, 0x9F, 0x15, 0x22, 0x17,
		0xFF, 0x00, 0xFF, 0xFF, 0x00, 0xFF, 0xFF, 0x00, 0xFF, 0xFF, 0x00, 0xFF, 0x15, 0x22, 0x17, 0x6B,
		0xE6, 0x9F, 0x4F, 0x96, 0x6E, 0xFF, 0x00, 0xFF, 0xFF, 0x00, 0xFF, 0xFF, 0x00, 0xFF, 0xFF, 0x00,
		0xFF, 0xFF, 0x00, 0xFF, 0xFF, 0x00, 0xFF, 0xFF, 0x00, 0xFF, 0xFF, 0x00, 0xFF, 0xFF, 0x00, 0xFF,
		0xFF, 0x00, 0xFF, 0xFF, 0x00, 0xFF, 0xFF, 0x00, 0xFF, 0xFF, 0x00, 0xFF, 0xFF, 0x00, 0xFF, 0xFF,
		0x00, 0xFF, 0xFF, 0x00, 0xFF, 0xFF, 0x00, 0xFF, 0xFF, 0x00, 0xFF, 0xFF, 0x00, 0xFF, 0xFF, 0x00,
		0xFF, 0xFF, 0x00, 0xFF, 0xFF, 0x00, 0xFF, 0xFF, 0x00, 0xFF, 0xFF, 0x00, 0xFF, 0x85, 0xCB, 0xE5,
		0x41, 0xA6, 0xCB, 0x41, 0xA6, 0xCB, 0x41, 0xA6, 0xCB, 0x21, 0x2B, 0x2E, 0xFF, 0x00, 0xFF, 0xFF,
		0x00, 0xFF, 0xFF, 0x00, 0xFF, 0xFF, 0x00, 0xFF, 0xFF, 0x00, 0xFF, 0xFF, 0x00, 0xFF, 0xFF, 0x00,
		0xFF, 0xFF, 0x00, 0xFF, 0xFF, 0x00, 0xFF, 0xFF, 0x00, 0xFF, 0xFF, 0x00, 0xFF, 0xFF, 0x00, 0xFF,
		0xFF, 0x00, 0xFF, 0xFF, 0x00, 0xFF, 0xFF, 0x00, 0xFF, 0xFF, 0x00, 0xFF, 0xFF, 0x00, 0xFF, 0xFF,
		0x00, 0xFF, 0xFF, 0x00, 0xFF, 0xFF, 0x00, 0xFF, 0xFF, 0x00, 0xFF, 0xFF, 0x00, 0xFF, 0xFF, 0x00,
		0xFF, 0xFF, 0x00, 0xFF, 0xFF, 0x00, 0xFF, 0xFF, 0x00, 0xFF, 0xFF, 0x00, 0xFF, 0x85, 0xCB, 0xE5,
		0x41, 0xA6, 0xCB, 0x41, 0xA6, 0xCB, 0x41, 0xA6, 0xCB, 0x21, 0x2B, 0x2E, 0xFF, 0x00, 0xFF, 0xFF,
		0x00, 0xFF, 0xFF, 0x00, 0xFF, 0xFF, 0x00, 0xFF, 0xFF, 0x00, 0xFF, 0xFF, 0x00, 0xFF, 0xFF, 0x00,
		0xFF, 0xFF, 0x00, 0xFF, 0xFF, 0x00, 0xFF, 0xFF, 0x00, 0xFF, 0xFF, 0x00, 0xFF, 0xFF, 0x00, 0xFF,
		0xFF, 0x00, 0xFF, 0xFF, 0x00, 0xFF, 0xFF, 0x00, 0xFF, 0xFF, 0x00, 0xFF, 0xFF, 0x00, 0xFF, 0xFF,
		0x00, 0xFF, 0xFF, 0x00, 0xFF, 0xFF, 0x00, 0xFF, 0xFF, 0x00, 0xFF, 0xFF, 0x00, 0xFF, 0xFF, 0x00,
		0xFF, 0xFF, 0x00, 0xFF, 0xFF, 0x00, 0xFF, 0xFF, 0x00, 0xFF, 0xFF, 0x00, 0xFF, 0x85, 0xCB, 0xE5,
		0x41, 0xA6, 0xCB, 0x41, 0xA6, 0xCB, 0x41, 0xA6, 0xCB, 0x21, 0x2B, 0x2E, 0xFF, 0x00, 0xFF, 0xFF,
		0x00, 0xFF, 0xFF, 0x00, 0xFF, 0xFF, 0x00, 0xFF, 0xFF, 0x00, 0xFF, 0xFF, 0x00, 0xFF, 0xFF, 0x00,
		0xFF, 0xFF, 0x00, 0xFF, 0xFF, 0x00, 0xFF, 0xFF, 0x00, 0xFF, 0xFF, 0x00, 0xFF, 0xFF, 0x00, 0xFF,
		0xFF, 0x00, 0xFF, 0xFF, 0x00, 0xFF, 0xFF, 0x00, 0xFF, 0xFF, 0x00, 0xFF, 0xFF, 0x00, 0xFF, 0xFF,
		0x00, 0xFF, 0xFF, 0x00, 0xFF, 0xFF, 0x00, 0xFF, 0xFF, 0x00, 0xFF, 0xFF, 0x00, 0xFF, 0xFF, 0x00,
		0xFF, 0xFF, 0x00, 0xFF, 0xFF, 0x00, 0xFF, 0x62, 0x53, 0x3A, 0x32, 0x39, 0x2B, 0x22, 0x30, 0x25,
		0x1F, 0x2E, 0x24, 0x1F, 0x2E, 0x24, 0x1F, 0x2E, 0x24, 0x1F, 0x2E, 0x24, 0x22, 0x30, 0x25, 0x32,
		0x39, 0x2B, 0x62, 0x53, 0x3A, 0xFF, 0x00, 0xFF, 0xFF, 0x00, 0xFF, 0xFF, 0x00, 0xFF, 0xFF, 0x00,
		0xFF, 0xFF, 0x00, 0xFF, 0xFF, 0x00, 0xFF, 0xFF, 0x00, 0xFF, 0xFF, 0x00, 0xFF, 0xFF, 0x00, 0xFF,
		0xFF, 0x00, 0xFF, 0xFF, 0x00, 0xFF, 0xFF, 0x00, 0xFF, 0xFF, 0x00, 0xFF, 0xFF, 0x00, 0xFF, 0xFF,
		0x00, 0xFF, 0xFF, 0x00, 0xFF, 0xFF, 0x00, 0xFF, 0x1F, 0x2E, 0x24, 0x1F, 0x2E, 0x24, 0x1F, 0x2E,
		0x24, 0x1F, 0x2E, 0x24, 0x1F, 0x2E, 0x24, 0x1F, 0x2E, 0x24, 0x1F, 0x2E, 0x24, 0x1F, 0x2E, 0x24,
		0x1F, 0x2E, 0x24, 0x1F, 0x2E, 0x24, 0x1F, 0x2E, 0x24, 0x1F, 0x2E, 0x24, 0x1F, 0x2E, 0x24, 0x1F,
		0x2E, 0x24, 0x1F, 0x2E, 0x24, 0x1F, 0x2E, 0x24, 0x1F, 0x2E, 0x24, 0x1F, 0x2E, 0x24, 0x1F, 0x2E,
		0x24, 0x1F, 0x2E, 0x24, 0xFF, 0x00, 0xFF, 0xFF, 0x00, 0xFF, 0xFF, 0x00, 0xFF, 0xFF, 0x00, 0xFF,
		0xFF, 0x00, 0xFF, 0xFF, 0x00, 0xFF, 0xFF, 0x00, 0xFF, 0xFF, 0x00, 0xFF, 0x1F, 0x2E, 0x24, 0x1F,
		0x2E, 0x24, 0x1F, 0x2E, 0x24, 0x1F, 0x2E, 0x24, 0x1F, 0x2E, 0x24, 0x1F, 0x2E, 0x24, 0x1F, 0x2E,
		0x24, 0x1F, 0x2E, 0x24, 0x1F, 0x2E, 0x24, 0x1F, 0x2E, 0x24, 0x1F, 0x2E, 0x24, 0x1F, 0x2E, 0x24,
		0x1F, 0x2E, 0x24, 0x1F, 0x2E, 0x24, 0x1F, 0x2E, 0x24, 0x1F, 0x2E, 0x24, 0x1F, 0x2E, 0x24, 0x1F,
		0x2E, 0x24, 0x1F, 0x2E, 0x24, 0x1F, 0x2E, 0x24, 0x1F, 0x2E, 0x24, 0x1F, 0x2E, 0x24, 0x59, 0x99,
		0x74, 0x1F, 0x2E, 0x24, 0x20, 0x2E, 0x24, 0x27, 0x32, 0x27, 0xFF, 0x00, 0xFF, 0xFF, 0x00, 0xFF,
		0xFF, 0x00, 0xFF, 0xFF, 0x00, 0xFF, 0xFF, 0x00, 0xFF, 0xFF, 0x00, 0xFF, 0x1F, 0x2E, 0x24, 0x1F,
		0x2E, 0x24, 0x1F, 0x2E, 0x24, 0x1F, 0x2E, 0x24, 0x1F, 0x2E, 0x24, 0x1F, 0x2E, 0x24, 0x1F, 0x2E,
		0x24, 0x1F, 0x2E, 0x24, 0x1F, 0x2E, 0x24, 0x1F, 0x2E, 0x24, 0x1F, 0x2E, 0x24, 0x1F, 0x2E, 0x24,
		0x1F, 0x2E, 0x24, 0x1F, 0x2E, 0x24, 0x1F, 0x2E, 0x24, 0x1F, 0x2E, 0x24, 0x1F, 0x2E, 0x24, 0x1F,
		0x2E, 0x24, 0x1F, 0x2E, 0x24, 0x1F, 0x2E, 0x24, 0x1F, 0x2E, 0x24, 0x5F, 0xE4, 0x97, 0x61, 0xEA,
		0x9B, 0x61, 0xEA, 0x9B, 0x61, 0xEA, 0x9B, 0x5F, 0xE4, 0x97, 0x2A, 0x34, 0x28, 0xFF, 0x00, 0xFF,
		0xFF, 0x00, 0xFF, 0xFF, 0x00, 0xFF, 0xFF, 0x00, 0xFF, 0xFF, 0x00, 0xFF, 0x5A, 0x92, 0x72, 0x5A,
		0x92, 0x72, 0x5A, 0x92, 0x72, 0x5A, 0x92, 0x72, 0x5A, 0x92, 0x72, 0x5A, 0x92, 0x72, 0x5A, 0x92,
		0x72, 0x5A, 0x92, 0x72, 0x5A, 0x92, 0x72, 0x5A, 0x92, 0x72, 0x5A, 0x92, 0x72, 0x5A, 0x92, 0x72,
		0x5A, 0x92, 0x72, 0x5A, 0x92, 0x72, 0x5A, 0x92, 0x72, 0x5A, 0x92, 0x72, 0x22, 0x32, 0x27, 0x5F,
		0xE3, 0x97, 0x61, 0xEA, 0x9B, 0x61, 0xEA, 0x9B, 0x61, 0xEA, 0x9B, 0x61, 0xEA, 0x9B, 0x61, 0xEA,
		0x9B, 0x61, 0xEA, 0x9B, 0x61, 0xEA, 0x9B, 0x5F, 0xE3, 0x97, 0x24, 0x31, 0x26, 0xFF, 0x00, 0xFF,
		0xFF, 0x00, 0xFF, 0xFF, 0x00, 0xFF, 0xFF, 0x00, 0xFF, 0xFF, 0x00, 0xFF, 0xFF, 0x00, 0xFF, 0xFF,
		0x00, 0xFF, 0xFF, 0x00, 0xFF, 0xFF, 0x00, 0xFF, 0xFF, 0x00, 0xFF, 0xFF, 0x00, 0xFF, 0xFF, 0x00,
		0xFF, 0xFF, 0x00, 0xFF, 0xFF, 0x00, 0xFF, 0xFF, 0x00, 0xFF, 0xFF, 0x00, 0xFF, 0xFF, 0x00, 0xFF,
		0x53, 0x4C, 0x36, 0x40, 0x8A, 0x5F, 0x61, 0xEA, 0x9B, 0x61, 0xEA, 0x9B, 0x61, 0xEA, 0x9B, 0x61,
		0xEA, 0x9B, 0x61, 0xEA, 0x9B, 0x61, 0xEA, 0x9B, 0x61, 0xEA, 0x9B, 0x61, 0xEA, 0x9B, 0x61, 0xEA,
		0x9B, 0x61, 0xEA, 0x9B, 0x61, 0xEA, 0x9B, 0x40, 0x8A, 0x5F, 0x53, 0x4B, 0x35, 0xFF, 0x00, 0xFF,
		0xFF, 0x00, 0xFF, 0xFF, 0x00, 0xFF, 0xFF, 0x00, 0xFF, 0xFF, 0x00, 0xFF, 0xFF, 0x00, 0xFF, 0xFF,
		0x00, 0xFF, 0xFF, 0x00, 0xFF, 0xFF, 0x00, 0xFF, 0xFF, 0x00, 0xFF, 0xFF, 0x00, 0xFF, 0xFF, 0x00,
		0xFF, 0xFF, 0x00, 0xFF, 0xFF, 0x00, 0xFF, 0x2D, 0x36, 0x28, 0x4D, 0xB0, 0x77, 0x61, 0xEA, 0x9B,
		0x61, 0xEA, 0x9B, 0x61, 0xEA, 0x9B, 0x61, 0xEA, 0x9B, 0x61, 0xEA, 0x9B, 0x61, 0xEA, 0x9B, 0x61,
		0xEA, 0x9B, 0x61, 0xEA, 0x9B, 0x61, 0xEA, 0x9B, 0x61, 0xEA, 0x9B, 0x61, 0xEA, 0x9B, 0x61, 0xEA,
		0x9B, 0x61, 0xEA, 0x9B, 0x4D, 0xB0, 0x77, 0x2D, 0x36, 0x29, 0xFF, 0x00, 0xFF, 0xFF, 0x00, 0xFF,
		0xFF, 0x00, 0xFF, 0xFF, 0x00, 0xFF, 0xFF, 0x00, 0xFF, 0xFF, 0x00, 0xFF, 0x1F, 0x2E, 0x24, 0x1F,
		0x2E, 0x24, 0x1F, 0x2E, 0x24, 0x1F, 0x2E, 0x24, 0x1F, 0x2E, 0x24, 0x1F, 0x2E, 0x24, 0x1F, 0x2E,
		0x24, 0x1F, 0x2E, 0x24, 0x1F, 0x2E, 0x24, 0x1F, 0x2E, 0x24, 0x1F, 0x2E, 0x24, 0x1F, 0x2E, 0x24,
		0x1F, 0x2E, 0x24, 0x1F, 0x2E, 0x24, 0x1F, 0x2E, 0x24, 0x1F, 0x2E, 0x24, 0x1F, 0x2E, 0x24, 0x1F,
		0x2E, 0x24, 0x1F, 0x2E, 0x24, 0x1F, 0x2E, 0x24, 0x1F, 0x2E, 0x24, 0x1F, 0x2E, 0x24, 0x00, 0x00,
		0x00, 0x00, 0x00, 0x00, 0x00, 0x00, 0x00, 0x00, 0x00, 0x00, 0x00, 0x00, 0x00, 0xFF, 0x00, 0xFF,
		0xFF, 0x00, 0xFF, 0xFF, 0x00, 0xFF, 0xFF, 0x00, 0xFF, 0xFF, 0x00, 0xFF, 0x1F, 0x2E, 0x24, 0x1F,
		0x2E, 0x24, 0x1F, 0x2E, 0x24, 0x1F, 0x2E, 0x24, 0x1F, 0x2E, 0x24, 0x1F, 0x2E, 0x24, 0x1F, 0x2E,
		0x24, 0x1F, 0x2E, 0x24, 0x1F, 0x2E, 0x24, 0x1F, 0x2E, 0x24, 0x1F, 0x2E, 0x24, 0x1F, 0x2E, 0x24,
		0x1F, 0x2E, 0x24, 0x1F, 0x2E, 0x24, 0x1F, 0x2E, 0x24, 0x1F, 0x2E, 0x24, 0x1F, 0x2E, 0x24, 0x1F,
		0x2E, 0x24, 0x1F, 0x2E, 0x24, 0x1F, 0x2E, 0x24, 0x1F, 0x2E, 0x24, 0x61, 0xEA, 0x9B, 0x61, 0xEA,
		0x9B, 0x61, 0xEA, 0x9B, 0x61, 0xEA, 0x9B, 0x61, 0xEA, 0x9B, 0x1F, 0x2E, 0x24, 0xFF, 0x00, 0xFF,
		0xFF, 0x00, 0xFF, 0xFF, 0x00, 0xFF, 0xFF, 0x00, 0xFF, 0xFF, 0x00, 0xFF, 0x5A, 0x92, 0x72, 0x5A,
		0x92, 0x72, 0x5A, 0x92, 0x72, 0x5A, 0x92, 0x72, 0x5A, 0x92, 0x72, 0x5A, 0x92, 0x72, 0x5A, 0x92,
		0x72, 0x5A, 0x92, 0x72, 0x5A, 0x92, 0x72, 0x5A, 0x92, 0x72, 0x5A, 0x92, 0x72, 0x5A, 0x92, 0x72,
		0x5A, 0x92, 0x72, 0x5A, 0x92, 0x72, 0x5A, 0x92, 0x72, 0x5A, 0x92, 0x72, 0x00, 0x00, 0x00, 0x61,
		0xEA, 0x9B, 0x61, 0xEA, 0x9B, 0x61, 0xEA, 0x9B, 0x61, 0xEA, 0x9B, 0x61, 0xEA, 0x9B, 0x61, 0xEA,
		0x9B, 0x61, 0xEA, 0x9B, 0x61, 0xEA, 0x9B, 0x61, 0xEA, 0x9B, 0x15, 0x24, 0x16, 0xFF, 0x00, 0xFF,
		0xFF, 0x00, 0xFF, 0xFF, 0x00, 0xFF, 0xFF, 0x00, 0xFF, 0xFF, 0x00, 0xFF, 0xFF, 0x00, 0xFF, 0xFF,
		0x00, 0xFF, 0xFF, 0x00, 0xFF, 0xFF, 0x00, 0xFF, 0xFF, 0x00, 0xFF, 0xFF, 0x00, 0xFF, 0xFF, 0x00,
		0xFF, 0xFF, 0x00, 0xFF, 0xFF, 0x00, 0xFF, 0xFF, 0x00, 0xFF, 0xFF, 0x00, 0xFF, 0xFF, 0x00, 0xFF,
		0x15, 0x24, 0x16, 0x61, 0xEA, 0x9B, 0x61, 0xEA, 0x9B, 0x61, 0xEA, 0x9B, 0x61, 0xEA, 0x9B, 0x61,
		0xEA, 0x9B, 0x61, 0xEA, 0x9B, 0x61, 0xEA, 0x9B, 0x61, 0xEA, 0x9B, 0x61, 0xEA, 0x9B, 0x61, 0xEA,
		0x9B, 0x61, 0xEA, 0x9B, 0x61, 0xEA, 0x9B, 0x61, 0xEA, 0x9B, 0x15, 0x24, 0x16, 0xFF, 0x00, 0xFF,
		0xFF, 0x00, 0xFF, 0xFF, 0x00, 0xFF, 0xFF, 0x00, 0xFF, 0xFF, 0x00, 0xFF, 0xFF, 0x00, 0xFF, 0xFF,
		0x00, 0xFF, 0xFF, 0x00, 0xFF, 0xFF, 0x00, 0xFF, 0xFF, 0x00, 0xFF, 0xFF, 0x00, 0xFF, 0xFF, 0x00,
		0xFF, 0xFF, 0x00, 0xFF, 0x1F, 0x2E, 0x24, 0x61, 0xEA, 0x9B, 0x61, 0xEA, 0x9B, 0x61, 0xEA, 0x9B,
		0x61, 0xEA, 0x9B, 0x61, 0xEA, 0x9B, 0x61, 0xEA, 0x9B, 0x61, 0xEA, 0x9B, 0x61, 0xEA, 0x9B, 0x61,
		0xEA, 0x9B, 0x61, 0xEA, 0x9B, 0x61, 0xEA, 0x9B, 0x61, 0xEA, 0x9B, 0x61, 0xEA, 0x9B, 0x61, 0xEA,
		0x9B, 0x61, 0xEA, 0x9B, 0x61, 0xEA, 0x9B, 0x61, 0xEA, 0x9B, 0x1F, 0x2E, 0x24, 0xFF, 0x00, 0xFF,
		0xFF, 0x00, 0xFF, 0xFF, 0x00, 0xFF, 0xFF, 0x00, 0xFF, 0xFF, 0x00, 0xFF, 0xFF, 0x00, 0xFF, 0xFF,
		0x00, 0xFF, 0xFF, 0x00, 0xFF, 0xFF, 0x00, 0xFF, 0xFF, 0x00, 0xFF, 0xFF, 0x00, 0xFF, 0xFF, 0x00,
		0xFF, 0xFF, 0x00, 0xFF, 0xFF, 0x00, 0xFF, 0xFF, 0x00, 0xFF, 0xFF, 0x00, 0xFF, 0x85, 0xCB, 0xE5,
		0x41, 0xA6, 0xCB, 0x41, 0xA6, 0xCB, 0x41, 0xA6, 0xCB, 0x21, 0x2B, 0x2E, 0xFF, 0x00, 0xFF, 0xFF,
		0x00, 0xFF, 0xFF, 0x00, 0xFF, 0xFF, 0x00, 0xFF, 0xFF, 0x00, 0xFF, 0xFF, 0x00, 0xFF, 0xFF, 0x00,
		0xFF, 0xFF, 0x00, 0xFF, 0xFF, 0x00, 0xFF, 0xFF, 0x00, 0xFF, 0xFF, 0x00, 0xFF, 0xFF, 0x00, 0xFF,
		0xFF, 0x00, 0xFF, 0xFF, 0x00, 0xFF, 0xFF, 0x00, 0xFF, 0xFF, 0x00, 0xFF, 0xFF, 0x00, 0xFF, 0xFF,
		0x00, 0xFF, 0xFF, 0x00, 0xFF, 0xFF, 0x00, 0xFF, 0xFF, 0x00, 0xFF, 0xFF, 0x00, 0xFF, 0xFF, 0x00,
		0xFF, 0xFF, 0x00, 0xFF, 0xFF, 0x00, 0xFF, 0xFF, 0x00, 0xFF, 0x4F, 0x96, 0x6E, 0x6B, 0xE6, 0x9F,
		0x15, 0x22, 0x17, 0xFF, 0x00, 0xFF, 0xFF, 0x00, 0xFF, 0x15, 0x22, 0x17, 0x6B, 0xE6, 0x9F, 0x4F,
		0x96, 0x6E, 0xFF, 0x00, 0xFF, 0xFF, 0x00, 0xFF, 0xFF, 0x00, 0xFF, 0xFF, 0x00, 0xFF, 0xFF, 0x00,
		0xFF, 0xFF, 0x00, 0xFF, 0xFF, 0x00, 0xFF, 0xFF, 0x00, 0xFF, 0xFF, 0x00, 0xFF, 0xFF, 0x00, 0xFF,
		0xFF, 0x00, 0xFF, 0xFF, 0x00, 0xFF, 0xFF, 0x00, 0xFF, 0xFF, 0x00, 0xFF, 0xFF, 0x00, 0xFF, 0xFF,
		0x00, 0xFF, 0xFF, 0x00, 0xFF, 0xFF, 0x00, 0xFF, 0xFF, 0x00, 0xFF, 0xFF, 0x00, 0xFF, 0xFF, 0x00,
		0xFF, 0xFF, 0x00, 0xFF, 0xFF, 0x00, 0xFF, 0xFF, 0x00, 0xFF, 0xFF, 0x00, 0xFF, 0x85, 0xCB, 0xE5,
		0x41, 0xA6, 0xCB, 0x41, 0xA6, 0xCB, 0x41, 0xA6, 0xCB, 0x21, 0x2B, 0x2E, 0xFF, 0x00, 0xFF, 0xFF,
		0x00, 0xFF, 0xFF, 0x00, 0xFF, 0xFF, 0x00, 0xFF, 0xFF, 0x00, 0xFF, 0xFF, 0x00, 0xFF, 0xFF, 0x00,
		0xFF, 0xFF, 0x00, 0xFF, 0xFF, 0x00, 0xFF, 0xFF, 0x00, 0xFF, 0xFF, 0x00, 0xFF, 0xFF, 0x00, 0xFF,
		0xFF, 0x00, 0xFF, 0xFF, 0x00, 0xFF, 0xFF, 0x00, 0xFF, 0xFF, 0x00, 0xFF, 0xFF, 0x00, 0xFF, 0xFF,
		0x00, 0xFF, 0xFF, 0x00, 0xFF, 0xFF, 0x00, 0xFF, 0xFF, 0x00, 0xFF, 0xFF, 0x00, 0xFF, 0xFF, 0x00,
		0xFF, 0xFF, 0x00, 0xFF, 0xFF, 0x00, 0xFF, 0xFF, 0x00, 0xFF, 0xFF, 0x00, 0xFF, 0x85, 0xCB, 0xE5,
		0x41, 0xA6, 0xCB, 0x41, 0xA6, 0xCB, 0x41, 0xA6, 0xCB, 0x21, 0x2B, 0x2E, 0xFF, 0x00, 0xFF, 0xFF,
		0x00, 0xFF, 0xFF, 0x00, 0xFF, 0xFF, 0x00, 0xFF, 0xFF, 0x00, 0xFF, 0xFF, 0x00, 0xFF, 0xFF, 0x00,
		0xFF, 0xFF, 0x00, 0xFF, 0xFF, 0x00, 0xFF, 0xFF, 0x00, 0xFF, 0xFF, 0x00, 0xFF, 0xFF, 0x00, 0xFF,
		0xFF, 0x00, 0xFF, 0xFF, 0x00, 0xFF, 0xFF, 0x00, 0xFF, 0xFF, 0x00, 0xFF, 0xFF, 0x00, 0xFF, 0xFF,
		0x00, 0xFF, 0xFF, 0x00, 0xFF, 0xFF, 0x00, 0xFF, 0xFF, 0x00, 0xFF, 0xFF, 0x00, 0xFF, 0xFF, 0x00,
		0xFF, 0xFF, 0x00, 0xFF, 0xFF, 0x00, 0xFF, 0xFF, 0x00, 0xFF, 0xFF, 0x00, 0xFF, 0x85, 0xCB, 0xE5,
		0x41, 0xA6, 0xCB, 0x41, 0xA6, 0xCB, 0x41, 0xA6, 0xCB, 0x21, 0x2B, 0x2E, 0xFF, 0x00, 0xFF, 0xFF,
		0x00, 0xFF, 0xFF, 0x00, 0xFF, 0xFF, 0x00, 0xFF, 0xFF, 0x00, 0xFF, 0xFF, 0x00, 0xFF, 0xFF, 0x00,
		0xFF, 0xFF, 0x00, 0xFF, 0xFF, 0x00, 0xFF, 0xFF, 0x00, 0xFF, 0xFF, 0x00, 0xFF, 0xFF, 0x00, 0xFF,
		0xFF, 0x00, 0xFF, 0xFF, 0x00, 0xFF, 0xFF, 0x00, 0xFF, 0xFF, 0x00, 0xFF, 0xFF, 0x00, 0xFF, 0xFF,
		0x00, 0xFF, 0xFF, 0x00, 0xFF, 0xFF, 0x00, 0xFF, 0xFF, 0x00, 0xFF, 0xFF, 0x00, 0xFF, 0xFF, 0x00,
		0xFF, 0xFF, 0x00, 0xFF, 0xFF, 0x00, 0xFF, 0xFF, 0x00, 0xFF, 0xFF, 0x00, 0xFF, 0xFF, 0x00, 0xFF,
		0xFF, 0x00, 0xFF, 0xFF, 0x00, 0xFF, 0xFF, 0x00, 0xFF, 0xFF, 0x00, 0xFF, 0xFF, 0x00, 0xFF, 0xFF,
		0x00, 0xFF, 0xFF, 0x00, 0xFF, 0xFF, 0x00, 0xFF, 0xFF, 0x00, 0xFF, 0xFF, 0x00, 0xFF, 0xFF, 0x00,
		0xFF, 0xFF, 0x00, 0xFF, 0xFF, 0x00, 0xFF, 0xFF, 0x00, 0xFF, 0xFF, 0x00, 0xFF, 0xFF, 0x00, 0xFF,
		0xFF, 0x00, 0xFF, 0xFF, 0x00, 0xFF, 0xFF, 0x00, 0xFF, 0xFF, 0x00, 0xFF, 0xFF, 0x00, 0xFF, 0xFF,
		0x00, 0xFF, 0xFF, 0x00, 0xFF, 0xFF, 0x00, 0xFF, 0xFF, 0x00, 0xFF, 0xFF, 0x00, 0xFF, 0xFF, 0x00,
		0xFF, 0xFF, 0x00, 0xFF, 0xFF, 0x00, 0xFF, 0xFF, 0x00, 0xFF, 0xFF, 0x00, 0xFF, 0xFF, 0x00, 0xFF,
		0xFF, 0x00, 0xFF, 0xFF, 0x00, 0xFF, 0xFF, 0x00, 0xFF, 0xFF, 0x00, 0xFF, 0xFF, 0x00, 0xFF, 0xFF,
		0x00, 0xFF, 0xFF, 0x00, 0xFF, 0xFF, 0x00, 0xFF, 0xFF, 0x00, 0xFF, 0xFF, 0x00, 0xFF, 0xFF, 0x00,
		0xFF, 0xFF, 0x00, 0xFF, 0xFF, 0x00, 0xFF, 0xFF, 0x00, 0xFF, 0xFF, 0x00, 0xFF, 0xFF, 0x00, 0xFF,
		0xFF, 0x00, 0xFF, 0xFF, 0x00, 0xFF, 0xFF, 0x00, 0xFF, 0xFF, 0x00, 0xFF, 0x7D, 0xDF, 0xA7, 0x7D,
		0xDF, 0xA7, 0x7D, 0xDF, 0xA7, 0x7D, 0xDF, 0xA7, 0x7D, 0xDF, 0xA7, 0x7D, 0xDF, 0xA7, 0x7D, 0xDF,
		0xA7, 0x7D, 0xDF, 0xA7, 0x7D, 0xDF, 0xA7, 0x7D, 0xDF, 0xA7, 0x7D, 0xDF, 0xA7, 0x7D, 0xDF, 0xA7,
		0x7D, 0xDF, 0xA7, 0x7D, 0xDF, 0xA7, 0x7D, 0xDF, 0xA7, 0x7D, 0xDF, 0xA7, 0x7D, 0xDF, 0xA7, 0x7D,
		0xDF, 0xA7, 0x7D, 0xDF, 0xA7, 0x7D, 0xDF, 0xA7, 0x7D, 0xDF, 0xA7, 0x7D, 0xDF, 0xA7, 0x27, 0x3B,
		0x2F, 0x2A, 0x4C, 0x37, 0x61, 0xEA, 0x9B, 0x2A, 0x4B, 0x36, 0x33, 0x39, 0x2B, 0xFF, 0x00, 0xFF,
		0xFF, 0x00, 0xFF, 0xFF, 0x00, 0xFF, 0xFF, 0x00, 0xFF, 0xFF, 0x00, 0xFF, 0x7D, 0xDF, 0xA7, 0x7D,
		0xDF, 0xA7, 0x7D, 0xDF, 0xA7, 0x7D, 0xDF, 0xA7, 0x7D, 0xDF, 0xA7, 0x7D, 0xDF, 0xA7, 0x7D, 0xDF,
		0xA7, 0x7D, 0xDF, 0xA7, 0x7D, 0xDF, 0xA7, 0x7D, 0xDF, 0xA7, 0x7D, 0xDF, 0xA7, 0x7D, 0xDF, 0xA7,
		0x7D, 0xDF, 0xA7, 0x7D, 0xDF, 0xA7, 0x7D, 0xDF, 0xA7, 0x7D, 0xDF, 0xA7, 0x7D, 0xDF, 0xA7, 0x7D,
		0xDF, 0xA7, 0x7D, 0xDF, 0xA7, 0x7D, 0xDF, 0xA7, 0x1F, 0x2E, 0x24, 0x61, 0xEA, 0x9B, 0x61, 0xEA,
		0x9B, 0x61, 0xEA, 0x9B, 0x61, 0xEA, 0x9B, 0x61, 0xEA, 0x9B, 0x1F, 0x2E, 0x24, 0xFF, 0x00, 0xFF,
		0xFF, 0x00, 0xFF, 0xFF, 0x00, 0xFF, 0xFF, 0x00, 0xFF, 0xFF, 0x00, 0xFF, 0xFF, 0x00, 0xFF, 0xFF,
		0x00, 0xFF, 0xFF, 0x00, 0xFF, 0xFF, 0x00, 0xFF, 0xFF, 0x00, 0xFF, 0xFF, 0x00, 0xFF, 0xFF, 0x00,
		0xFF, 0xFF, 0x00, 0xFF, 0xFF, 0x00, 0xFF, 0xFF, 0x00, 0xFF, 0xFF, 0x00, 0xFF, 0xFF, 0x00, 0xFF,
		0xFF, 0x00, 0xFF, 0xFF, 0x00, 0xFF, 0xFF, 0x00, 0xFF, 0xFF, 0x00, 0xFF, 0x3B, 0x3D, 0x2D, 0x4F,
		0xB4, 0x79, 0x61, 0xEA, 0x9B, 0x61, 0xEA, 0x9B, 0x61, 0xEA, 0x9B, 0x61, 0xEA, 0x9B, 0x61, 0xEA,
		0x9B, 0x61, 0xEA, 0x9B, 0x61, 0xEA, 0x9B, 0x4F, 0xB4, 0x79, 0x3B, 0x3E, 0x2E, 0xFF, 0x00, 0xFF,
		0xFF, 0x00, 0xFF, 0xFF, 0x00, 0xFF, 0xFF, 0x00, 0xFF, 0xFF, 0x00, 0xFF, 0xFF, 0x00, 0xFF, 0xFF,
		0x00, 0xFF, 0xFF, 0x00, 0xFF, 0xFF, 0x00, 0xFF, 0xFF, 0x00, 0xFF, 0xFF, 0x00, 0xFF, 0xFF, 0x00,
		0xFF, 0xFF, 0x00, 0xFF, 0xFF, 0x00, 0xFF, 0xFF, 0x00, 0xFF, 0xFF, 0x00, 0xFF, 0xFF, 0x00, 0xFF,
		0xFF, 0x00, 0xFF, 0x31, 0x45, 0x32, 0x58, 0xD0, 0x8B, 0x61, 0xEA, 0x9B, 0x61, 0xEA, 0x9B, 0x61,
		0xEA, 0x9B, 0x61, 0xEA, 0x9B, 0x61, 0xEA, 0x9B, 0x61, 0xEA, 0x9B, 0x61, 0xEA, 0x9B, 0x61, 0xEA,
		0x9B, 0x61, 0xEA, 0x9B, 0x58, 0xD0, 0x8B, 0x31, 0x45, 0x32, 0xFF, 0x00, 0xFF, 0xFF, 0x00, 0xFF,
		0xFF, 0x00, 0xFF, 0xFF, 0x00, 0xFF, 0xFF, 0x00, 0xFF, 0xFF, 0x00, 0xFF, 0xFF, 0x00, 0xFF, 0xFF,
		0x00, 0xFF, 0xFF, 0x00, 0xFF, 0xFF, 0x00, 0xFF, 0xFF, 0x00, 0xFF, 0xFF, 0x00, 0xFF, 0xFF, 0x00,
		0xFF, 0xFF, 0x00, 0xFF, 0xFF, 0x00, 0xFF, 0x79, 0x60, 0x42, 0x2E, 0x50, 0x39, 0x58, 0xD1, 0x8C,
		0x61, 0xEA, 0x9B, 0x61, 0xEA, 0x9B, 0x61, 0xEA, 0x9B, 0x61, 0xEA, 0x9B, 0x61, 0xEA, 0x9B, 0x61,
		0xEA, 0x9B, 0x61, 0xEA, 0x9B, 0x61, 0xEA, 0x9B, 0x61, 0xEA, 0x9B, 0x61, 0xEA, 0x9B, 0x61, 0xEA,
		0x9B, 0x58, 0xD1, 0x8C, 0x2E, 0x50, 0x39, 0x79, 0x60, 0x43, 0xFF, 0x00, 0xFF, 0xFF, 0x00, 0xFF,
		0xFF, 0x00, 0xFF, 0xFF, 0x00, 0xFF, 0xFF, 0x00, 0xFF, 0xFF, 0x00, 0xFF, 0x7D, 0xDF, 0xA7, 0x7D,
		0xDF, 0xA7, 0x7D, 0xDF, 0xA7, 0x7D, 0xDF, 0xA7, 0x7D, 0xDF, 0xA7, 0x7D, 0xDF, 0xA7, 0x7D, 0xDF,
		0xA7, 0x7D, 0xDF, 0xA7, 0x7D, 0xDF, 0xA7, 0x7D, 0xDF, 0xA7, 0x7D, 0xDF, 0xA7, 0x7D, 0xDF, 0xA7,
		0x7D, 0xDF, 0xA7, 0x7D, 0xDF, 0xA7, 0x7D, 0xDF, 0xA7, 0x7D, 0xDF, 0xA7, 0x7D, 0xDF, 0xA7, 0x7D,
		0xDF, 0xA7, 0x7D, 0xDF, 0xA7, 0x7D, 0xDF, 0xA7, 0x7D, 0xDF, 0xA7, 0x7D, 0xDF, 0xA7, 0x00, 0x00,
		0x00, 0x7D, 0xDF, 0xA7, 0x7D, 0xDF, 0xA7, 0x7D, 0xDF, 0xA7, 0x00, 0x00, 0x00, 0xFF, 0x00, 0xFF,
		0xFF, 0x00, 0xFF, 0xFF, 0x00, 0xFF, 0xFF, 0x00, 0xFF, 0xFF, 0x00, 0xFF, 0x7D, 0xDF, 0xA7, 0x7D,
		0xDF, 0xA7, 0x7D, 0xDF, 0xA7, 0x7D, 0xDF, 0xA7, 0x7D, 0xDF, 0xA7, 0x7D, 0xDF, 0xA7, 0x7D, 0xDF,
		0xA7, 0x7D, 0xDF, 0xA7, 0x7D, 0xDF, 0xA7, 0x7D, 0xDF, 0xA7, 0x7D, 0xDF, 0xA7, 0x7D, 0xDF, 0xA7,
		0x7D, 0xDF, 0xA7, 0x7D, 0xDF, 0xA7, 0x7D, 0xDF, 0xA7, 0x7D, 0xDF, 0xA7, 0x7D, 0xDF, 0xA7, 0x7D,
		0xDF, 0xA7, 0x7D, 0xDF, 0xA7, 0x7D, 0xDF, 0xA7, 0x1F, 0x2E, 0x24, 0x61, 0xEA, 0x9B, 0x61, 0xEA,
		0x9B, 0x61, 0xEA, 0x9B, 0x61, 0xEA, 0x9B, 0x61, 0xEA, 0x9B, 0x1F, 0x2E, 0x24, 0xFF, 0x00, 0xFF,
		0xFF, 0x00, 0xFF, 0xFF, 0x00, 0xFF, 0xFF, 0x00, 0xFF, 0xFF, 0x00, 0xFF, 0xFF, 0x00, 0xFF, 0xFF,
		0x00, 0xFF, 0xFF, 0x00, 0xFF, 0xFF, 0x00, 0xFF, 0xFF, 0x00, 0xFF, 0xFF, 0x00, 0xFF, 0xFF, 0x00,
		0xFF, 0xFF, 0x00, 0xFF, 0xFF, 0x00, 0xFF, 0xFF, 0x00, 0xFF, 0xFF, 0x00, 0xFF, 0xFF, 0x00, 0xFF,
		0xFF, 0x00, 0xFF, 0xFF, 0x00, 0xFF, 0xFF, 0x00, 0xFF, 0xFF, 0x00, 0xFF, 0x00, 0x00, 0x00, 0x61,
		0xEA, 0x9B, 0x61, 0xEA, 0x9B, 0x61, 0xEA, 0x9B, 0x61, 0xEA, 0x9B, 0x61, 0xEA, 0x9B, 0x61, 0xEA,
		0x9B, 0x61, 0xEA, 0x9B, 0x61, 0xEA, 0x9B, 0x61, 0xEA, 0x9B, 0x15, 0x24, 0x16, 0xFF, 0x00, 0xFF,
		0xFF, 0x00, 0xFF, 0xFF, 0x00, 0xFF, 0xFF, 0x00, 0xFF, 0xFF, 0x00, 0xFF, 0xFF, 0x00, 0xFF, 0xFF,
		0x00, 0xFF, 0xFF, 0x00, 0xFF, 0xFF, 0x00, 0xFF, 0xFF, 0x00, 0xFF, 0xFF, 0x00, 0xFF, 0xFF, 0x00,
		0xFF, 0xFF, 0x00, 0xFF, 0xFF, 0x00, 0xFF, 0xFF, 0x00, 0xFF, 0xFF, 0x00, 0xFF, 0xFF, 0x00, 0xFF,
		0x15, 0x24, 0x16, 0x61, 0xEA, 0x9B, 0x61, 0xEA, 0x9B, 0x61, 0xEA, 0x9B, 0x61, 0xEA, 0x9B, 0x61,
		0xEA, 0x9B, 0x61, 0xEA, 0x9B, 0x61, 0xEA, 0x9B, 0x61, 0xEA, 0x9B, 0x61, 0xEA, 0x9B, 0x61, 0xEA,
		0x9B, 0x61, 0xEA, 0x9B, 0x61, 0xEA, 0x9B, 0x61, 0xEA, 0x9B, 0x15, 0x24, 0x16, 0xFF, 0x00, 0xFF,
		0xFF, 0x00, 0xFF, 0xFF, 0x00, 0xFF, 0xFF, 0x00, 0xFF, 0xFF, 0x00, 0xFF, 0xFF, 0x00, 0xFF, 0xFF,
		0x00, 0xFF, 0xFF, 0x00, 0xFF, 0xFF, 0x00, 0xFF, 0xFF, 0x00, 0xFF, 0xFF, 0x00, 0xFF, 0xFF, 0x00,
		0xFF, 0xFF, 0x00, 0xFF, 0x1F, 0x2E, 0x24, 0x61, 0xEA, 0x9B, 0x61, 0xEA, 0x9B, 0x61, 0xEA, 0x9B,
		0x61, 0xEA, 0x9B, 0x61, 0xEA, 0x9B, 0x61, 0xEA, 0x9B, 0x61, 0xEA, 0x9B, 0x61, 0xEA, 0x9B, 0x61,
		0xEA, 0x9B, 0x61, 0xEA, 0x9B, 0x61, 0xEA, 0x9B, 0x61, 0xEA, 0x9B, 0x61, 0xEA, 0x9B, 0x61, 0xEA,
		0x9B, 0x61, 0xEA, 0x9B, 0x61, 0xEA, 0x9B, 0x61, 0xEA, 0x9B, 0x1F, 0x2E, 0x24, 0xFF, 0x00, 0xFF,
		0xFF, 0x00, 0xFF, 0xFF, 0x00, 0xFF, 0xFF, 0x00, 0xFF, 0xFF, 0x00, 0xFF, 0xFF, 0x00, 0xFF, 0xFF,
		0x00, 0xFF, 0xFF, 0x00, 0xFF, 0xFF, 0x00, 0xFF, 0xFF, 0x00, 0xFF, 0xFF, 0x00, 0xFF, 0xFF, 0x00,
		0xFF, 0xFF, 0x00, 0xFF, 0xFF, 0x00, 0xFF, 0xFF, 0x00, 0xFF, 0xFF, 0x00, 0xFF, 0x85, 0xCB, 0xE5,
		0x41, 0xA6, 0xCB, 0x41, 0xA6, 0xCB, 0x41, 0xA6, 0xCB, 0x21, 0x2B, 0x2E, 0xFF, 0x00, 0xFF, 0xFF,
		0x00, 0xFF, 0xFF, 0x00, 0xFF, 0xFF, 0x00, 0xFF, 0xFF, 0x00, 0xFF, 0xFF, 0x00, 0xFF, 0xFF, 0x00,
		0xFF, 0xFF, 0x00, 0xFF, 0xFF, 0x00, 0xFF, 0xFF, 0x00, 0xFF, 0xFF, 0x00, 0xFF, 0xFF, 0x00, 0xFF,
		0xFF, 0x00, 0xFF, 0xFF, 0x00, 0xFF, 0xFF, 0x00, 0xFF, 0xFF, 0x00, 0xFF, 0xFF, 0x00, 0xFF, 0xFF,
		0x00, 0xFF, 0xFF, 0x00, 0xFF, 0xFF, 0x00, 0xFF, 0xFF, 0x00, 0xFF, 0xFF, 0x00, 0xFF, 0xFF, 0x00,
		0xFF, 0xFF, 0x00, 0xFF, 0xFF, 0x00, 0xFF, 0xFF, 0x00, 0xFF, 0x4F, 0x96, 0x6E, 0x6B, 0xE6, 0x9F,
		0x15, 0x22, 0x17, 0xFF, 0x00, 0xFF, 0xFF, 0x00, 0xFF, 0x15, 0x22, 0x17, 0x6B, 0xE6, 0x9F, 0x4F,
		0x96, 0x6E, 0xFF, 0x00, 0xFF, 0xFF, 0x00, 0xFF, 0xFF, 0x00, 0xFF, 0xFF, 0x00, 0xFF, 0xFF, 0x00,
		0xFF, 0xFF, 0x00, 0xFF, 0xFF, 0x00, 0xFF, 0xFF, 0x00, 0xFF, 0xFF, 0x00, 0xFF, 0xFF, 0x00, 0xFF,
		0xFF, 0x00, 0xFF, 0xFF, 0x00, 0xFF, 0xFF, 0x00, 0xFF, 0xFF, 0x00, 0xFF, 0xFF, 0x00, 0xFF, 0xFF,
		0x00, 0xFF, 0xFF, 0x00, 0xFF, 0xFF, 0x00, 0xFF, 0xFF, 0x00, 0xFF, 0xFF, 0x00, 0xFF, 0xFF, 0x00,
		0xFF, 0xFF, 0x00, 0xFF, 0xFF, 0x00, 0xFF, 0xFF, 0x00, 0xFF, 0xFF, 0x00, 0xFF, 0x85, 0xCB, 0xE5,
		0x41, 0xA6, 0xCB, 0x41, 0xA6, 0xCB, 0x41, 0xA6, 0xCB, 0x21, 0x2B, 0x2E, 0xFF, 0x00, 0xFF, 0xFF,
		0x00, 0xFF, 0xFF, 0x00, 0xFF, 0xFF, 0x00, 0xFF, 0xFF, 0x00, 0xFF, 0xFF, 0x00, 0xFF, 0xFF, 0x00,
		0xFF, 0xFF, 0x00, 0xFF, 0xFF, 0x00, 0xFF, 0xFF, 0x00, 0xFF, 0xFF, 0x00, 0xFF, 0xFF, 0x00, 0xFF,
		0xFF, 0x00, 0xFF, 0xFF, 0x00, 0xFF, 0xFF, 0x00, 0xFF, 0xFF, 0x00, 0xFF, 0xFF, 0x00, 0xFF, 0xFF,
		0x00, 0xFF, 0xFF, 0x00, 0xFF, 0xFF, 0x00, 0xFF, 0xFF, 0x00, 0xFF, 0xFF, 0x00, 0xFF, 0xFF, 0x00,
		0xFF, 0xFF, 0x00, 0xFF, 0xFF, 0x00, 0xFF, 0xFF, 0x00, 0xFF, 0xFF, 0x00, 0xFF, 0x85, 0xCB, 0xE5,
		0x41, 0xA6, 0xCB, 0x41, 0xA6, 0xCB, 0x41, 0xA6, 0xCB, 0x21, 0x2B, 0x2E, 0xFF, 0x00, 0xFF, 0xFF,
		0x00, 0xFF, 0xFF, 0x00, 0xFF, 0xFF, 0x00, 0xFF, 0xFF, 0x00, 0xFF, 0xFF, 0x00, 0xFF, 0xFF, 0x00,
		0xFF, 0xFF, 0x00, 0xFF, 0xFF, 0x00, 0xFF, 0xFF, 0x00, 0xFF, 0xFF, 0x00, 0xFF, 0xFF, 0x00, 0xFF,
		0xFF, 0x00, 0xFF, 0xFF, 0x00, 0xFF, 0xFF, 0x00, 0xFF, 0xFF, 0x00, 0xFF, 0xFF, 0x00, 0xFF, 0xFF,
		0x00, 0xFF, 0xFF, 0x00, 0xFF, 0xFF, 0x00, 0xFF, 0xFF, 0x00, 0xFF, 0xFF, 0x00, 0xFF, 0xFF, 0x00,
		0xFF, 0xFF, 0x00, 0xFF, 0xFF, 0x00, 0xFF, 0xFF, 0x00, 0xFF, 0xFF, 0x00, 0xFF, 0x85, 0xCB, 0xE5,
		0x41, 0xA6, 0xCB, 0x41, 0xA6, 0xCB, 0x41, 0xA6, 0xCB, 0x21, 0x2B, 0x2E, 0xFF, 0x00, 0xFF, 0xFF,
		0x00, 0xFF, 0xFF, 0x00, 0xFF, 0xFF, 0x00, 0xFF, 0xFF, 0x00, 0xFF, 0xFF, 0x00, 0xFF, 0xFF, 0x00,
		0xFF, 0xFF, 0x00, 0xFF, 0xFF, 0x00, 0xFF, 0xFF, 0x00, 0xFF, 0xFF, 0x00, 0xFF, 0xFF, 0x00, 0xFF,
		0xFF, 0x00, 0xFF, 0xFF, 0x00, 0xFF, 0xFF, 0x00, 0xFF, 0xFF, 0x00, 0xFF, 0xFF, 0x00, 0xFF, 0xFF,
		0x00, 0xFF, 0xFF, 0x00, 0xFF, 0xFF, 0x00, 0xFF, 0xFF, 0x00, 0xFF, 0xFF, 0x00, 0xFF, 0xFF, 0x00,
		0xFF, 0xFF, 0x00, 0xFF, 0xFF, 0x00, 0xFF, 0xFF, 0x00, 0xFF, 0xFF, 0x00, 0xFF, 0xFF, 0x00, 0xFF,
		0xFF, 0x00, 0xFF, 0xFF, 0x00, 0xFF, 0xFF, 0x00, 0xFF, 0xFF, 0x00, 0xFF, 0xFF, 0x00, 0xFF, 0xFF,
		0x00, 0xFF, 0xFF, 0x00, 0xFF, 0xFF, 0x00, 0xFF, 0xFF, 0x00, 0xFF, 0xFF, 0x00, 0xFF, 0xFF, 0x00,
		0xFF, 0xFF, 0x00, 0xFF, 0xFF, 0x00, 0xFF, 0xFF, 0x00, 0xFF, 0xFF, 0x00, 0xFF, 0xFF, 0x00, 0xFF,
		0xFF, 0x00, 0xFF, 0xFF, 0x00, 0xFF, 0xFF, 0x00, 0xFF, 0xFF, 0x00, 0xFF, 0xFF, 0x00, 0xFF, 0xFF,
		0x00, 0xFF, 0xFF, 0x00, 0xFF, 0xFF, 0x00, 0xFF, 0xFF, 0x00, 0xFF, 0xFF, 0x00, 0xFF, 0xFF, 0x00,
		0xFF, 0xFF, 0x00, 0xFF, 0xFF, 0x00, 0xFF, 0xFF, 0x00, 0xFF, 0xFF, 0x00, 0xFF, 0xFF, 0x00, 0xFF,
		0xFF, 0x00, 0xFF, 0xFF, 0x00, 0xFF, 0xFF, 0x00, 0xFF, 0xFF, 0x00, 0xFF, 0xFF, 0x00, 0xFF, 0xFF,
		0x00, 0xFF, 0xFF, 0x00, 0xFF, 0xFF, 0x00, 0xFF, 0xFF, 0x00, 0xFF, 0xFF, 0x00, 0xFF, 0xFF, 0x00,
		0xFF, 0xFF, 0x00, 0xFF, 0xFF, 0x00, 0xFF, 0xFF, 0x00, 0xFF, 0xFF, 0x00, 0xFF, 0xFF, 0x00, 0xFF,
		0xFF, 0x00, 0xFF, 0xFF, 0x00, 0xFF, 0xFF, 0x00, 0xFF, 0xFF, 0x00, 0xFF, 0x5A, 0x92, 0x72, 0x5A,
		0x92, 0x72, 0x5A, 0x92, 0x72, 0x5A, 0x92, 0x72, 0x5A, 0x92, 0x72, 0x5A, 0x92, 0x72, 0x5A, 0x92,
		0x72, 0x5A, 0x92, 0x72, 0x5A, 0x92, 0x72, 0x5A, 0x92, 0x72, 0x5A, 0x92, 0x72, 0x5A, 0x92, 0x72,
		0x5A, 0x92, 0x72, 0x5A, 0x92, 0x72, 0x5A, 0x92, 0x72, 0x5A, 0x92, 0x72, 0x5A, 0x92, 0x72, 0x5A,
		0x92, 0x72, 0x5A, 0x92, 0x72, 0x5A, 0x92, 0x72, 0x5A, 0x92, 0x72, 0x5A, 0x92, 0x72, 0x20, 0x2E,
		0x24, 0x61, 0xEA, 0x9B, 0x61, 0xEA, 0x9B, 0x61, 0xEA, 0x9B, 0x20, 0x2E, 0x24, 0xFF, 0x00, 0xFF,
		0xFF, 0x00, 0xFF, 0xFF, 0x00, 0xFF, 0xFF, 0x00, 0xFF, 0xFF, 0x00, 0xFF, 0x5A, 0x92, 0x72, 0x5A,
		0x92, 0x72, 0x5A, 0x92, 0x72, 0x5A, 0x92, 0x72, 0x5A, 0x92, 0x72, 0x5A, 0x92, 0x72, 0x5A, 0x92,
		0x72, 0x5A, 0x92, 0x72, 0x5A, 0x92, 0x72, 0x5A, 0x92, 0x72, 0x5A, 0x92, 0x72, 0x5A, 0x92, 0x72,
		0x5A, 0x92, 0x72, 0x5A, 0x92, 0x72, 0x5A, 0x92, 0x72, 0x5A, 0x92, 0x72, 0x5A, 0x92, 0x72, 0x5A,
		0x92, 0x72, 0x5A, 0x92, 0x72, 0x5A, 0x92, 0x72, 0x24, 0x36, 0x2A, 0x5F, 0xE4, 0x97, 0x61, 0xEA,
		0x9B, 0x61, 0xEA, 0x9B, 0x61, 0xEA, 0x9B, 0x5F, 0xE4, 0x97, 0x2A, 0x34, 0x28, 0xFF, 0x00, 0xFF,
		0xFF, 0x00, 0xFF, 0xFF, 0x00, 0xFF, 0xFF, 0x00, 0xFF, 0xFF, 0x00, 0xFF, 0xFF, 0x00, 0xFF, 0xFF,
		0x00, 0xFF, 0xFF, 0x00, 0xFF, 0xFF, 0x00, 0xFF, 0xFF, 0x00, 0xFF, 0xFF, 0x00, 0xFF, 0xFF, 0x00,
		0xFF, 0xFF, 0x00, 0xFF, 0xFF, 0x00, 0xFF, 0xFF, 0x00, 0xFF, 0xFF, 0x00, 0xFF, 0xFF, 0x00, 0xFF,
		0xFF, 0x00, 0xFF, 0xFF, 0x00, 0xFF, 0xFF, 0x00, 0xFF, 0xFF, 0x00, 0xFF, 0x71, 0x5B, 0x3F, 0x33,
		0x62, 0x45, 0x5F, 0xE6, 0x98, 0x61, 0xEA, 0x9B, 0x61, 0xEA, 0x9B, 0x61, 0xEA, 0x9B, 0x61, 0xEA,
		0x9B, 0x61, 0xEA, 0x9B, 0x5F, 0xE6, 0x98, 0x33, 0x62, 0x45, 0x72, 0x5C, 0x3F, 0xFF, 0x00, 0xFF,
		0xFF, 0x00, 0xFF, 0xFF, 0x00, 0xFF, 0xFF, 0x00, 0xFF, 0xFF, 0x00, 0xFF, 0xFF, 0x00, 0xFF, 0xFF,
		0x00, 0xFF, 0xFF, 0x00, 0xFF, 0xFF, 0x00, 0xFF, 0xFF, 0x00, 0xFF, 0xFF, 0x00, 0xFF, 0xFF, 0x00,
		0xFF, 0xFF, 0x00, 0xFF, 0xFF, 0x00, 0xFF, 0xFF, 0x00, 0xFF, 0xFF, 0x00, 0xFF, 0xFF, 0x00, 0xFF,
		0xFF, 0x00, 0xFF, 0x6C, 0x59, 0x3E, 0x38, 0x6D, 0x4B, 0x58, 0xD0, 0x8B, 0x61, 0xEA, 0x9B, 0x61,
		0xEA, 0x9B, 0x61, 0xEA, 0x9B, 0x61, 0xEA, 0x9B, 0x61, 0xEA, 0x9B, 0x61, 0xEA, 0x9B, 0x61, 0xEA,
		0x9B, 0x58, 0xD0, 0x8B, 0x38, 0x6D, 0x4B, 0x6C, 0x59, 0x3E, 0xFF, 0x00, 0xFF, 0xFF, 0x00, 0xFF,
		0xFF, 0x00, 0xFF, 0xFF, 0x00, 0xFF, 0xFF, 0x00, 0xFF, 0xFF, 0x00, 0xFF, 0xFF, 0x00, 0xFF, 0xFF,
		0x00, 0xFF, 0xFF, 0x00, 0xFF, 0xFF, 0x00, 0xFF, 0xFF, 0x00, 0xFF, 0xFF, 0x00, 0xFF, 0xFF, 0x00,
		0xFF, 0xFF, 0x00, 0xFF, 0xFF, 0x00, 0xFF, 0xFF, 0x00, 0xFF, 0x65, 0x55, 0x3B, 0x2E, 0x50, 0x39,
		0x4D, 0xB0, 0x77, 0x61, 0xE8, 0x9A, 0x61, 0xEA, 0x9B, 0x61, 0xEA, 0x9B, 0x61, 0xEA, 0x9B, 0x61,
		0xEA, 0x9B, 0x61, 0xEA, 0x9B, 0x61, 0xEA, 0x9B, 0x61, 0xEA, 0x9B, 0x61, 0xE8, 0x9A, 0x4D, 0xB0,
		0x77, 0x2E, 0x50, 0x39, 0x65, 0x55, 0x3B, 0xFF, 0x00, 0xFF, 0xFF, 0x00, 0xFF, 0xFF, 0x00, 0xFF,
		0xFF, 0x00, 0xFF, 0xFF, 0x00, 0xFF, 0xFF, 0x00, 0xFF, 0xFF, 0x00, 0xFF, 0x5A, 0x92, 0x72, 0x5A,
		0x92, 0x72, 0x5A, 0x92, 0x72, 0x5A, 0x92, 0x72, 0x5A, 0x92, 0x72, 0x5A, 0x92, 0x72, 0x5A, 0x92,
		0x72, 0x5A, 0x92, 0x72, 0x5A, 0x92, 0x72, 0x5A, 0x92, 0x72, 0x5A, 0x92, 0x72, 0x5A, 0x92, 0x72,
		0x5A, 0x92, 0x72, 0x5A, 0x92, 0x72, 0x5A, 0x92, 0x72, 0x5A, 0x92, 0x72, 0x5A, 0x92, 0x72, 0x5A,
		0x92, 0x72, 0x5A, 0x92, 0x72, 0x5A, 0x92, 0x72, 0x5A, 0x92, 0x72, 0x5A, 0x92, 0x72, 0x00, 0x00,
		0x00, 0x7D, 0xDF, 0xA7, 0x7D, 0xDF, 0xA7, 0x7D, 0xDF, 0xA7, 0x1F, 0x2E, 0x24, 0xFF, 0x00, 0xFF,
		0xFF, 0x00, 0xFF, 0xFF, 0x00, 0xFF, 0xFF, 0x00, 0xFF, 0xFF, 0x00, 0xFF, 0x5A, 0x92, 0x72, 0x5A,
		0x92, 0x72, 0x5A, 0x92, 0x72, 0x5A, 0x92, 0x72, 0x5A, 0x92, 0x72, 0x5A, 0x92, 0x72, 0x5A, 0x92,
		0x72, 0x5A, 0x92, 0x72, 0x5A, 0x92, 0x72, 0x5A, 0x92, 0x72, 0x5A, 0x92, 0x72, 0x5A, 0x92, 0x72,
		0x5A, 0x92, 0x72, 0x5A, 0x92, 0x72, 0x5A, 0x92, 0x72, 0x5A, 0x92, 0x72, 0x5A, 0x92, 0x72, 0x5A,
		0x92, 0x72, 0x5A, 0x92, 0x72, 0x5A, 0x92, 0x72, 0x1F, 0x2E, 0x24, 0x61, 0xEA, 0x9B, 0x61, 0xEA,
		0x9B, 0x61, 0xEA, 0x9B, 0x61, 0xEA, 0x9B, 0x61, 0xEA, 0x9B, 0x1F, 0x2E, 0x24, 0xFF, 0x00, 0xFF,
		0xFF, 0x00, 0xFF, 0xFF, 0x00, 0xFF, 0xFF, 0x00, 0xFF, 0xFF, 0x00, 0xFF, 0xFF, 0x00, 0xFF, 0xFF,
		0x00, 0xFF, 0xFF, 0x00, 0xFF, 0xFF, 0x00, 0xFF, 0xFF, 0x00, 0xFF, 0xFF, 0x00, 0xFF, 0xFF, 0x00,
		0xFF, 0xFF, 0x00, 0xFF, 0xFF, 0x00, 0xFF, 0xFF, 0x00, 0xFF, 0xFF, 0x00, 0xFF, 0xFF, 0x00, 0xFF,
		0xFF, 0x00, 0xFF, 0xFF, 0x00, 0xFF, 0xFF, 0x00, 0xFF, 0xFF, 0x00, 0xFF, 0x00, 0x00, 0x00, 0x61,
		0xEA, 0x9B, 0x61, 0xEA, 0x9B, 0x61, 0xEA, 0x9B, 0x61, 0xEA, 0x9B, 0x61, 0xEA, 0x9B, 0x61, 0xEA,
		0x9B, 0x61, 0xEA, 0x9B, 0x61, 0xEA, 0x9B, 0x61, 0xEA, 0x9B, 0x15, 0x24, 0x16, 0xFF, 0x00, 0xFF,
		0xFF, 0x00, 0xFF, 0xFF, 0x00, 0xFF, 0xFF, 0x00, 0xFF, 0xFF, 0x00, 0xFF, 0xFF, 0x00, 0xFF, 0xFF,
		0x00, 0xFF, 0xFF, 0x00, 0xFF, 0xFF, 0x00, 0xFF, 0xFF, 0x00, 0xFF, 0xFF, 0x00, 0xFF, 0xFF, 0x00,
		0xFF, 0xFF, 0x00, 0xFF, 0xFF, 0x00, 0xFF, 0xFF, 0x00, 0xFF, 0xFF, 0x00, 0xFF, 0xFF, 0x00, 0xFF,
		0x15, 0x24, 0x16, 0x61, 0xEA, 0x9B, 0x61, 0xEA, 0x9B, 0x61, 0xEA, 0x9B, 0x61, 0xEA, 0x9B, 0x61,
		0xEA, 0x9B, 0x61, 0xEA, 0x9B, 0x61, 0xEA, 0x9B, 0x61, 0xEA, 0x9B, 0x61, 0xEA, 0x9B, 0x61, 0xEA,
		0x9B, 0x61, 0xEA, 0x9B, 0x61, 0xEA, 0x9B, 0x61, 0xEA, 0x9B, 0x15, 0x24, 0x16, 0xFF, 0x00, 0xFF,
		0xFF, 0x00, 0xFF, 0xFF, 0x00, 0xFF, 0xFF, 0x00, 0xFF, 0xFF, 0x00, 0xFF, 0xFF, 0x00, 0xFF, 0xFF,
		0x00, 0xFF, 0xFF, 0x00, 0xFF, 0xFF, 0x00, 0xFF, 0xFF, 0x00, 0xFF, 0xFF, 0x00, 0xFF, 0xFF, 0x00,
		0xFF, 0xFF, 0x00, 0xFF, 0x1F, 0x2E, 0x24, 0x61, 0xEA, 0x9B, 0x61, 0xEA, 0x9B, 0x61, 0xEA, 0x9B,
		0x61, 0xEA, 0x9B, 0x61, 0xEA, 0x9B, 0x61, 0xEA, 0x9B, 0x61, 0xEA, 0x9B, 0x61, 0xEA, 0x9B, 0x61,
		0xEA, 0x9B, 0x61, 0xEA, 0x9B, 0x61, 0xEA, 0x9B, 0x61, 0xEA, 0x9B, 0x61, 0xEA, 0x9B, 0x61, 0xEA,
		0x9B, 0x61, 0xEA, 0x9B, 0x61, 0xEA, 0x9B, 0x61, 0xEA, 0x9B, 0x1F, 0x2E, 0x24, 0xFF, 0x00, 0xFF,
		0xFF, 0x00, 0xFF, 0xFF, 0x00, 0xFF, 0xFF, 0x00, 0xFF, 0xFF, 0x00, 0xFF, 0xFF, 0x00, 0xFF, 0xFF,
		0x00, 0xFF, 0xFF, 0x00, 0xFF, 0xFF, 0x00, 0xFF, 0xFF, 0x00, 0xFF, 0xFF, 0x00, 0xFF, 0xFF, 0x00,
		0xFF, 0xFF, 0x00, 0xFF, 0xFF, 0x00, 0xFF, 0xFF, 0x00, 0xFF, 0xFF, 0x00, 0xFF, 0x85, 0xCB, 0xE5,
		0x41, 0xA6, 0xCB, 0x41, 0xA6, 0xCB, 0x41, 0xA6, 0xCB, 0x21, 0x2B, 0x2E, 0xFF, 0x00, 0xFF, 0xFF,
		0x00, 0xFF, 0xFF, 0x00, 0xFF, 0xFF, 0x00, 0xFF, 0xFF, 0x00, 0xFF, 0xFF, 0x00, 0xFF, 0xFF, 0x00,
		0xFF, 0xFF, 0x00, 0xFF, 0xFF, 0x00, 0xFF, 0xFF, 0x00, 0xFF, 0xFF, 0x00, 0xFF, 0xFF, 0x00, 0xFF,
		0xFF, 0x00, 0xFF, 0xFF, 0x00, 0xFF, 0xFF, 0x00, 0xFF, 0xFF, 0x00, 0xFF, 0xFF, 0x00, 0xFF, 0xFF,
		0x00, 0xFF, 0xFF, 0x00, 0xFF, 0xFF, 0x00, 0xFF, 0xFF, 0x00, 0xFF, 0xFF, 0x00, 0xFF, 0xFF, 0x00,
		0xFF, 0xFF, 0x00, 0xFF, 0xFF, 0x00, 0xFF, 0xFF, 0x00, 0xFF, 0xFF, 0x00, 0xFF, 0x4F, 0x96, 0x6E,
		0x6B, 0xE6, 0x9F, 0x15, 0x22, 0x17, 0x15, 0x22, 0x17, 0x6B, 0xE6, 0x9F, 0x4F, 0x96, 0x6E, 0xFF,
		0x00, 0xFF, 0xFF, 0x00, 0xFF, 0xFF, 0x00, 0xFF, 0xFF, 0x00, 0xFF, 0xFF, 0x00, 0xFF, 0xFF, 0x00,
		0xFF, 0xFF, 0x00, 0xFF, 0xFF, 0x00, 0xFF, 0xFF, 0x00, 0xFF, 0xFF, 0x00, 0xFF, 0xFF, 0x00, 0xFF,
		0xFF, 0x00, 0xFF, 0xFF, 0x00, 0xFF, 0xFF, 0x00, 0xFF, 0xFF, 0x00, 0xFF, 0xFF, 0x00, 0xFF, 0xFF,
		0x00, 0xFF, 0xFF, 0x00, 0xFF, 0xFF, 0x00, 0xFF, 0xFF, 0x00, 0xFF, 0xFF, 0x00, 0xFF, 0xFF, 0x00,
		0xFF, 0xFF, 0x00, 0xFF, 0xFF, 0x00, 0xFF, 0xFF, 0x00, 0xFF, 0xFF, 0x00, 0xFF, 0x85, 0xCB, 0xE5,
		0x41, 0xA6, 0xCB, 0x41, 0xA6, 0xCB, 0x41, 0xA6, 0xCB, 0x21, 0x2B, 0x2E, 0xFF, 0x00, 0xFF, 0xFF,
		0x00, 0xFF, 0xFF, 0x00, 0xFF, 0xFF, 0x00, 0xFF, 0xFF, 0x00, 0xFF, 0xFF, 0x00, 0xFF, 0xFF, 0x00,
		0xFF, 0xFF, 0x00, 0xFF, 0xFF, 0x00, 0xFF, 0xFF, 0x00, 0xFF, 0xFF, 0x00, 0xFF, 0xFF, 0x00, 0xFF,
		0xFF, 0x00, 0xFF, 0xFF, 0x00, 0xFF, 0xFF, 0x00, 0xFF, 0xFF, 0x00, 0xFF, 0xFF, 0x00, 0xFF, 0xFF,
		0x00, 0xFF, 0xFF, 0x00, 0xFF, 0xFF, 0x00, 0xFF, 0xFF, 0x00, 0xFF, 0xFF, 0x00, 0xFF, 0xFF, 0x00,
		0xFF, 0xFF, 0x00, 0xFF, 0xFF, 0x00, 0xFF, 0xFF, 0x00, 0xFF, 0xFF, 0x00, 0xFF, 0x85, 0xCB, 0xE5,
		0x41, 0xA6, 0xCB, 0x41, 0xA6, 0xCB, 0x41, 0xA6, 0xCB, 0x21, 0x2B, 0x2E, 0xFF, 0x00, 0xFF, 0xFF,
		0x00, 0xFF, 0xFF, 0x00, 0xFF, 0xFF, 0x00, 0xFF, 0xFF, 0x00, 0xFF, 0xFF, 0x00, 0xFF, 0xFF, 0x00,
		0xFF, 0xFF, 0x00, 0xFF, 0xFF, 0x00, 0xFF, 0xFF, 0x00, 0xFF, 0xFF, 0x00, 0xFF, 0xFF, 0x00, 0xFF,
		0xFF, 0x00, 0xFF, 0xFF, 0x00, 0xFF, 0xFF, 0x00, 0xFF, 0xFF, 0x00, 0xFF, 0xFF, 0x00, 0xFF, 0xFF,
		0x00, 0xFF, 0xFF, 0x00, 0xFF, 0xFF, 0x00, 0xFF, 0xFF, 0x00, 0xFF, 0xFF, 0x00, 0xFF, 0xFF, 0x00,
		0xFF, 0xFF, 0x00, 0xFF, 0xFF, 0x00, 0xFF, 0xFF, 0x00, 0xFF, 0xFF, 0x00, 0xFF, 0x85, 0xCB, 0xE5,
		0x41, 0xA6, 0xCB, 0x41, 0xA6, 0xCB, 0x41, 0xA6, 0xCB, 0x21, 0x2B, 0x2E, 0xFF, 0x00, 0xFF, 0xFF,
		0x00, 0xFF, 0xFF, 0x00, 0xFF, 0xFF, 0x00, 0xFF, 0xFF, 0x00, 0xFF, 0xFF, 0x00, 0xFF, 0xFF, 0x00,
		0xFF, 0xFF, 0x00, 0xFF, 0xFF, 0x00, 0xFF, 0xFF, 0x00, 0xFF, 0xFF, 0x00, 0xFF, 0xFF, 0x00, 0xFF,
		0xFF, 0x00, 0xFF, 0xFF, 0x00, 0xFF, 0xFF, 0x00, 0xFF, 0xFF, 0x00, 0xFF, 0xFF, 0x00, 0xFF, 0xFF,
		0x00, 0xFF, 0xFF, 0x00, 0xFF, 0xFF, 0x00, 0xFF, 0xFF, 0x00, 0xFF, 0xFF, 0x00, 0xFF, 0xFF, 0x00,
		0xFF, 0xFF, 0x00, 0xFF, 0xFF, 0x00, 0xFF, 0xFF, 0x00, 0xFF, 0xFF, 0x00, 0xFF, 0xFF, 0x00, 0xFF,
		0xFF, 0x00, 0xFF, 0xFF, 0x00, 0xFF, 0xFF, 0x00, 0xFF, 0xFF, 0x00, 0xFF, 0xFF, 0x00, 0xFF, 0xFF,
		0x00, 0xFF, 0xFF, 0x00, 0xFF, 0xFF, 0x00, 0xFF, 0xFF, 0x00, 0xFF, 0xFF, 0x00, 0xFF, 0xFF, 0x00,
		0xFF, 0xFF, 0x00, 0xFF, 0xFF, 0x00, 0xFF, 0xFF, 0x00, 0xFF, 0xFF, 0x00, 0xFF, 0xFF, 0x00, 0xFF,
		0xFF, 0x00, 0xFF, 0xFF, 0x00, 0xFF, 0xFF, 0x00, 0xFF, 0xFF, 0x00, 0xFF, 0xFF, 0x00, 0xFF, 0xFF,
		0x00, 0xFF, 0xFF, 0x00, 0xFF, 0xFF, 0x00, 0xFF, 0xFF, 0x00, 0xFF, 0xFF, 0x00, 0xFF, 0xFF, 0x00,
		0xFF, 0xFF, 0x00, 0xFF, 0xFF, 0x00, 0xFF, 0xFF, 0x00, 0xFF, 0xFF, 0x00, 0xFF, 0xFF, 0x00, 0xFF,
		0xFF, 0x00, 0xFF, 0xFF, 0x00, 0xFF, 0xFF, 0x00, 0xFF, 0xFF, 0x00, 0xFF, 0xFF, 0x00, 0xFF, 0xFF,
		0x00, 0xFF, 0xFF, 0x00, 0xFF, 0xFF, 0x00, 0xFF, 0xFF, 0x00, 0xFF, 0xFF, 0x00, 0xFF, 0xFF, 0x00,
		0xFF, 0xFF, 0x00, 0xFF, 0xFF, 0x00, 0xFF, 0xFF, 0x00, 0xFF, 0xFF, 0x00, 0xFF, 0xFF, 0x00, 0xFF,
		0xFF, 0x00, 0xFF, 0xFF, 0x00, 0xFF, 0xFF, 0x00, 0xFF, 0xFF, 0x00, 0xFF, 0xFF, 0x00, 0xFF, 0xFF,
		0x00, 0xFF, 0xFF, 0x00, 0xFF, 0xFF, 0x00, 0xFF, 0xFF, 0x00, 0xFF, 0xFF, 0x00, 0xFF, 0xFF, 0x00,
		0xFF, 0xFF, 0x00, 0xFF, 0xFF, 0x00, 0xFF, 0xFF, 0x00, 0xFF, 0xFF, 0x00, 0xFF, 0xFF, 0x00, 0xFF,
		0xFF, 0x00, 0xFF, 0xFF, 0x00, 0xFF, 0xFF, 0x00, 0xFF, 0xFF, 0x00, 0xFF, 0xFF, 0x00, 0xFF, 0xFF,
		0x00, 0xFF, 0xFF, 0x00, 0xFF, 0xFF, 0x00, 0xFF, 0xFF, 0x00, 0xFF, 0xFF, 0x00, 0xFF, 0x33, 0x39,
		0x2B, 0x3A, 0x79, 0x54, 0x61, 0xEA, 0x9B, 0x2A, 0x4C, 0x37, 0x33, 0x39, 0x2B, 0xFF, 0x00, 0xFF,
		0xFF, 0x00, 0xFF, 0xFF, 0x00, 0xFF, 0xFF, 0x00, 0xFF, 0xFF, 0x00, 0xFF, 0xFF, 0x00, 0xFF, 0xFF,
		0x00, 0xFF, 0xFF, 0x00, 0xFF, 0xFF, 0x00, 0xFF, 0xFF, 0x00, 0xFF, 0xFF, 0x00, 0xFF, 0xFF, 0x00,
		0xFF, 0xFF, 0x00, 0xFF, 0xFF, 0x00, 0xFF, 0xFF, 0x00, 0xFF, 0xFF, 0x00, 0xFF, 0xFF, 0x00, 0xFF,
		0xFF, 0x00, 0xFF, 0xFF, 0x00, 0xFF, 0xFF, 0x00, 0xFF, 0xFF, 0x00, 0xFF, 0xFF, 0x00, 0xFF, 0xFF,
		0x00, 0xFF, 0xFF, 0x00, 0xFF, 0xFF, 0x00, 0xFF, 0x56, 0x4D, 0x37, 0x40, 0x8D, 0x60, 0x5F, 0xE4,
		0x97, 0x61, 0xEA, 0x9B, 0x5F, 0xE4, 0x97, 0x40, 0x8D, 0x60, 0x56, 0x4D, 0x36, 0xFF, 0x00, 0xFF,
		0xFF, 0x00, 0xFF, 0xFF, 0x00, 0xFF, 0xFF, 0x00, 0xFF, 0xFF, 0x00, 0xFF, 0xFF, 0x00, 0xFF, 0xFF,
		0x00, 0xFF, 0xFF, 0x00, 0xFF, 0xFF, 0x00, 0xFF, 0xFF, 0x00, 0xFF, 0xFF, 0x00, 0xFF, 0xFF, 0x00,
		0xFF, 0xFF, 0x00, 0xFF, 0xFF, 0x00, 0xFF, 0xFF, 0x00, 0xFF, 0xFF, 0x00, 0xFF, 0xFF, 0x00, 0xFF,
		0xFF, 0x00, 0xFF, 0xFF, 0x00, 0xFF, 0xFF, 0x00, 0xFF, 0xFF, 0x00, 0xFF, 0xFF, 0x00, 0xFF, 0x59,
		0x4F, 0x37, 0x33, 0x62, 0x45, 0x4F, 0xB4, 0x79, 0x5F, 0xE3, 0x97, 0x61, 0xEA, 0x9B, 0x5F, 0xE3,
		0x97, 0x4F, 0xB4, 0x79, 0x33, 0x62, 0x45, 0x58, 0x4E, 0x37, 0xFF, 0x00, 0xFF, 0xFF, 0x00, 0xFF,
		0xFF, 0x00, 0xFF, 0xFF, 0x00, 0xFF, 0xFF, 0x00, 0xFF, 0xFF, 0x00, 0xFF, 0xFF, 0x00, 0xFF, 0xFF,
		0x00, 0xFF, 0xFF, 0x00, 0xFF, 0xFF, 0x00, 0xFF, 0xFF, 0x00, 0xFF, 0xFF, 0x00, 0xFF, 0xFF, 0x00,
		0xFF, 0xFF, 0x00, 0xFF, 0xFF, 0x00, 0xFF, 0xFF, 0x00, 0xFF, 0xFF, 0x00, 0xFF, 0xFF, 0x00, 0xFF,
		0xFF, 0x00, 0xFF, 0xFF, 0x00, 0xFF, 0x6C, 0x59, 0x3E, 0x31, 0x45, 0x32, 0x40, 0x8A, 0x5F, 0x56,
		0xCA, 0x87, 0x5F, 0xE6, 0x99, 0x61, 0xEA, 0x9B, 0x5F, 0xE6, 0x99, 0x56, 0xCA, 0x87, 0x40, 0x8A,
		0x5F, 0x31, 0x45, 0x32, 0x6C, 0x59, 0x3E, 0xFF, 0x00, 0xFF, 0xFF, 0x00, 0xFF, 0xFF, 0x00, 0xFF,
		0xFF, 0x00, 0xFF, 0xFF, 0x00, 0xFF, 0xFF, 0x00, 0xFF, 0xFF, 0x00, 0xFF, 0xFF, 0x00, 0xFF, 0xFF,
		0x00, 0xFF, 0xFF, 0x00, 0xFF, 0xFF, 0x00, 0xFF, 0xFF, 0x00, 0xFF, 0xFF, 0x00, 0xFF, 0xFF, 0x00,
		0xFF, 0xFF, 0x00, 0xFF, 0xFF, 0x00, 0xFF, 0xFF, 0x00, 0xFF, 0xFF, 0x00, 0xFF, 0x79, 0x60, 0x42,
		0x2D, 0x36, 0x28, 0x32, 0x63, 0x45, 0x4A, 0xA7, 0x70, 0x5A, 0xD6, 0x8F, 0x61, 0xE8, 0x9A, 0x61,
		0xEA, 0x9B, 0x61, 0xE8, 0x9A, 0x5A, 0xD6, 0x8F, 0x4A, 0xA7, 0x70, 0x32, 0x63, 0x45, 0x2D, 0x36,
		0x29, 0x79, 0x60, 0x42, 0xFF, 0x00, 0xFF, 0xFF, 0x00, 0xFF, 0xFF, 0x00, 0xFF, 0xFF, 0x00, 0xFF,
		0xFF, 0x00, 0xFF, 0xFF, 0x00, 0xFF, 0xFF, 0x00, 0xFF, 0xFF, 0x00, 0xFF, 0xFF, 0x00, 0xFF, 0xFF,
		0x00, 0xFF, 0xFF, 0x00, 0xFF, 0xFF, 0x00, 0xFF, 0xFF, 0x00, 0xFF, 0xFF, 0x00, 0xFF, 0xFF, 0x00,
		0xFF, 0xFF, 0x00, 0xFF, 0xFF, 0x00, 0xFF, 0xFF, 0x00, 0xFF, 0xFF, 0x00, 0xFF, 0xFF, 0x00, 0xFF,
		0xFF, 0x00, 0xFF, 0xFF, 0x00, 0xFF, 0xFF, 0x00, 0xFF, 0xFF, 0x00, 0xFF, 0xFF, 0x00, 0xFF, 0xFF,
		0x00, 0xFF, 0xFF, 0x00, 0xFF, 0xFF, 0x00, 0xFF, 0xFF, 0x00, 0xFF, 0xFF, 0x00, 0xFF, 0x00, 0x00,
		0x00, 0x7D, 0xDF, 0xA7, 0x7D, 0xDF, 0xA7, 0x7D, 0xDF, 0xA7, 0x1F, 0x2E, 0x24, 0xFF, 0x00, 0xFF,
		0xFF, 0x00, 0xFF, 0xFF, 0x00, 0xFF, 0xFF, 0x00, 0xFF, 0xFF, 0x00, 0xFF, 0xFF, 0x00, 0xFF, 0xFF,
		0x00, 0xFF, 0xFF, 0x00, 0xFF, 0xFF, 0x00, 0xFF, 0xFF, 0x00, 0xFF, 0xFF, 0x00, 0xFF, 0xFF, 0x00,
		0xFF, 0xFF, 0x00, 0xFF, 0xFF, 0x00, 0xFF, 0xFF, 0x00, 0xFF, 0xFF, 0x00, 0xFF, 0xFF, 0x00, 0xFF,
		0xFF, 0x00, 0xFF, 0xFF, 0x00, 0xFF, 0xFF, 0x00, 0xFF, 0xFF, 0x00, 0xFF, 0xFF, 0x00, 0xFF, 0xFF,
		0x00, 0xFF, 0xFF, 0x00, 0xFF, 0xFF, 0x00, 0xFF, 0x1F, 0x2E, 0x24, 0x61, 0xEA, 0x9B, 0x61, 0xEA,
		0x9B, 0x61, 0xEA, 0x9B, 0x61, 0xEA, 0x9B, 0x61, 0xEA, 0x9B, 0x1F, 0x2E, 0x24, 0xFF, 0x00, 0xFF,
		0xFF, 0x00, 0xFF, 0xFF, 0x00, 0xFF, 0xFF, 0x00, 0xFF, 0xFF, 0x00, 0xFF, 0xFF, 0x00, 0xFF, 0xFF,
		0x00, 0xFF, 0xFF, 0x00, 0xFF, 0xFF, 0x00, 0xFF, 0xFF, 0x00, 0xFF, 0xFF, 0x00, 0xFF, 0xFF, 0x00,
		0xFF, 0xFF, 0x00, 0xFF, 0xFF, 0x00, 0xFF, 0xFF, 0x00, 0xFF, 0xFF, 0x00, 0xFF, 0xFF, 0x00, 0xFF,
		0xFF, 0x00, 0xFF, 0xFF, 0x00, 0xFF, 0xFF, 0x00, 0xFF, 0xFF, 0x00, 0xFF, 0x00, 0x00, 0x00, 0x61,
		0xEA, 0x9B, 0x61, 0xEA, 0x9B, 0x61, 0xEA, 0x9B, 0x61, 0xEA, 0x9B, 0x61, 0xEA, 0x9B, 0x61, 0xEA,
		0x9B, 0x61, 0xEA, 0x9B, 0x61, 0xEA, 0x9B, 0x61, 0xEA, 0x9B, 0x15, 0x24, 0x16, 0xFF, 0x00, 0xFF,
		0xFF, 0x00, 0xFF, 0xFF, 0x00, 0xFF, 0xFF, 0x00, 0xFF, 0xFF, 0x00, 0xFF, 0xFF, 0x00, 0xFF, 0xFF,
		0x00, 0xFF, 0xFF, 0x00, 0xFF, 0xFF, 0x00, 0xFF, 0xFF, 0x00, 0xFF, 0xFF, 0x00, 0xFF, 0xFF, 0x00,
		0xFF, 0xFF, 0x00, 0xFF, 0xFF, 0x00, 0xFF, 0xFF, 0x00, 0xFF, 0xFF, 0x00, 0xFF, 0xFF, 0x00, 0xFF,
		0x15, 0x24, 0x16, 0x61, 0xEA, 0x9B, 0x61, 0xEA, 0x9B, 0x61, 0xEA, 0x9B, 0x61, 0xEA, 0x9B, 0x61,
		0xEA, 0x9B, 0x61, 0xEA, 0x9B, 0x61, 0xEA, 0x9B, 0x61, 0xEA, 0x9B, 0x61, 0xEA, 0x9B, 0x61, 0xEA,
		0x9B, 0x61, 0xEA, 0x9B, 0x61, 0xEA, 0x9B, 0x61, 0xEA, 0x9B, 0x15, 0x24, 0x16, 0xFF, 0x00, 0xFF,
		0xFF, 0x00, 0xFF, 0xFF, 0x00, 0xFF, 0xFF, 0x00, 0xFF, 0xFF, 0x00, 0xFF, 0xFF, 0x00, 0xFF, 0xFF,
		0x00, 0xFF, 0xFF, 0x00, 0xFF, 0xFF, 0x00, 0xFF, 0xFF, 0x00, 0xFF, 0xFF, 0x00, 0xFF, 0xFF, 0x00,
		0xFF, 0xFF, 0x00, 0xFF, 0x1F, 0x2E, 0x24, 0x61, 0xEA, 0x9B, 0x61, 0xEA, 0x9B, 0x61, 0xEA, 0x9B,
		0x61, 0xEA, 0x9B, 0x61, 0xEA, 0x9B, 0x61, 0xEA, 0x9B, 0x61, 0xEA, 0x9B, 0x61, 0xEA, 0x9B, 0x61,
		0xEA, 0x9B, 0x61, 0xEA, 0x9B, 0x61, 0xEA, 0x9B, 0x61, 0xEA, 0x9B, 0x61, 0xEA, 0x9B, 0x61, 0xEA,
		0x9B, 0x61, 0xEA, 0x9B, 0x61, 0xEA, 0x9B, 0x61, 0xEA, 0x9B, 0x1F, 0x2E, 0x24, 0xFF, 0x00, 0xFF,
		0xFF, 0x00, 0xFF, 0xFF, 0x00, 0xFF, 0xFF, 0x00, 0xFF, 0xFF, 0x00, 0xFF, 0xFF, 0x00, 0xFF, 0xFF,
		0x00, 0xFF, 0xFF, 0x00, 0xFF, 0xFF, 0x00, 0xFF, 0xFF, 0x00, 0xFF, 0xFF, 0x00, 0xFF, 0xFF, 0x00,
		0xFF, 0xFF, 0x00, 0xFF, 0xFF, 0x00, 0xFF, 0xFF, 0x00, 0xFF, 0xFF, 0x00, 0xFF, 0x85, 0xCB, 0xE5,
		0x41, 0xA6, 0xCB, 0x41, 0xA6, 0xCB, 0x41, 0xA6, 0xCB, 0x21, 0x2B, 0x2E, 0xFF, 0x00, 0xFF, 0xFF,
		0x00, 0xFF, 0xFF, 0x00, 0xFF, 0xFF, 0x00, 0xFF, 0xFF, 0x00, 0xFF, 0xFF, 0x00, 0xFF, 0xFF, 0x00,
		0xFF, 0xFF, 0x00, 0xFF, 0xFF, 0x00, 0xFF, 0xFF, 0x00, 0xFF, 0xFF, 0x00, 0xFF, 0xFF, 0x00, 0xFF,
		0xFF, 0x00, 0xFF, 0xFF, 0x00, 0xFF, 0xFF, 0x00, 0xFF, 0xFF, 0x00, 0xFF, 0xFF, 0x00, 0xFF, 0xFF,
		0x00, 0xFF, 0xFF, 0x00, 0xFF, 0xFF, 0x00, 0xFF, 0xFF, 0x00, 0xFF, 0xFF, 0x00, 0xFF, 0xFF, 0x00,
		0xFF, 0xFF, 0x00, 0xFF, 0xFF, 0x00, 0xFF, 0xFF, 0x00, 0xFF, 0xFF, 0x00, 0xFF, 0x4F, 0x96, 0x6E,
		0x6B, 0xE6, 0x9F, 0x6B, 0xE6, 0x9F, 0x6B, 0xE6, 0x9F, 0x6B, 0xE6, 0x9F, 0x4F, 0x96, 0x6E, 0xFF,
		0x00, 0xFF, 0xFF, 0x00, 0xFF, 0xFF, 0x00, 0xFF, 0xFF, 0x00, 0xFF, 0xFF, 0x00, 0xFF, 0xFF, 0x00,
		0xFF, 0xFF, 0x00, 0xFF, 0xFF, 0x00, 0xFF, 0xFF, 0x00, 0xFF, 0xFF, 0x00, 0xFF, 0xFF, 0x00, 0xFF,
		0xFF, 0x00, 0xFF, 0xFF, 0x00, 0xFF, 0xFF, 0x00, 0xFF, 0xFF, 0x00, 0xFF, 0xFF, 0x00, 0xFF, 0xFF,
		0x00, 0xFF, 0xFF, 0x00, 0xFF, 0xFF, 0x00, 0xFF, 0xFF, 0x00, 0xFF, 0xFF, 0x00, 0xFF, 0xFF, 0x00,
		0xFF, 0xFF, 0x00, 0xFF, 0xFF, 0x00, 0xFF, 0xFF, 0x00, 0xFF, 0xFF, 0x00, 0xFF, 0x85, 0xCB, 0xE5,
		0x41, 0xA6, 0xCB, 0x41, 0xA6, 0xCB, 0x41, 0xA6, 0xCB, 0x21, 0x2B, 0x2E, 0xFF, 0x00, 0xFF, 0xFF,
		0x00, 0xFF, 0xFF, 0x00, 0xFF, 0xFF, 0x00, 0xFF, 0xFF, 0x00, 0xFF, 0xFF, 0x00, 0xFF, 0xFF, 0x00,
		0xFF, 0xFF, 0x00, 0xFF, 0xFF, 0x00, 0xFF, 0xFF, 0x00, 0xFF, 0xFF, 0x00, 0xFF, 0xFF, 0x00, 0xFF,
		0xFF, 0x00, 0xFF, 0xFF, 0x00, 0xFF, 0xFF, 0x00, 0xFF, 0xFF, 0x00, 0xFF, 0xFF, 0x00, 0xFF, 0xFF,
		0x00, 0xFF, 0xFF, 0x00, 0xFF, 0xFF, 0x00, 0xFF, 0xFF, 0x00, 0xFF, 0xFF, 0x00, 0xFF, 0xFF, 0x00,
		0xFF, 0xFF, 0x00, 0xFF, 0xFF, 0x00, 0xFF, 0xFF, 0x00, 0xFF, 0xFF, 0x00, 0xFF, 0x85, 0xCB, 0xE5,
		0x41, 0xA6, 0xCB, 0x41, 0xA6, 0xCB, 0x41, 0xA6, 0xCB, 0x21, 0x2B, 0x2E, 0xFF, 0x00, 0xFF, 0xFF,
		0x00, 0xFF, 0xFF, 0x00, 0xFF, 0xFF, 0x00, 0xFF, 0xFF, 0x00, 0xFF, 0xFF, 0x00, 0xFF, 0xFF, 0x00,
		0xFF, 0xFF, 0x00, 0xFF, 0xFF, 0x00, 0xFF, 0xFF, 0x00, 0xFF, 0xFF, 0x00, 0xFF, 0xFF, 0x00, 0xFF,
		0xFF, 0x00, 0xFF, 0xFF, 0x00, 0xFF, 0xFF, 0x00, 0xFF, 0xFF, 0x00, 0xFF, 0xFF, 0x00, 0xFF, 0xFF,
		0x00, 0xFF, 0xFF, 0x00, 0xFF, 0xFF, 0x00, 0xFF, 0xFF, 0x00, 0xFF, 0xFF, 0x00, 0xFF, 0xFF, 0x00,
		0xFF, 0xFF, 0x00, 0xFF, 0xFF, 0x00, 0xFF, 0xFF, 0x00, 0xFF, 0xFF, 0x00, 0xFF, 0x85, 0xCB, 0xE5,
		0x41, 0xA6, 0xCB, 0x41, 0xA6, 0xCB, 0x41, 0xA6, 0xCB, 0x21, 0x2B, 0x2E, 0xFF, 0x00, 0xFF, 0xFF,
		0x00, 0xFF, 0xFF, 0x00, 0xFF, 0xFF, 0x00, 0xFF, 0xFF, 0x00, 0xFF, 0xFF, 0x00, 0xFF, 0xFF, 0x00,
		0xFF, 0xFF, 0x00, 0xFF, 0xFF, 0x00, 0xFF, 0xFF, 0x00, 0xFF, 0xFF, 0x00, 0xFF, 0xFF, 0x00, 0xFF,
		0xFF, 0x00, 0xFF, 0xFF, 0x00, 0xFF, 0xFF, 0x00, 0xFF, 0xFF, 0x00, 0xFF, 0xFF, 0x00, 0xFF, 0xFF,
		0x00, 0xFF, 0xFF, 0x00, 0xFF, 0xFF, 0x00, 0xFF, 0xFF, 0x00, 0xFF, 0xFF, 0x00, 0xFF, 0xFF, 0x00,
		0xFF, 0xFF, 0x00, 0xFF, 0xFF, 0x00, 0xFF, 0xFF, 0x00, 0xFF, 0xFF, 0x00, 0xFF, 0xFF, 0x00, 0xFF,
		0xFF, 0x00, 0xFF, 0xFF, 0x00, 0xFF, 0xFF, 0x00, 0xFF, 0xFF, 0x00, 0xFF, 0xFF, 0x00, 0xFF, 0xFF,
		0x00, 0xFF, 0xFF, 0x00, 0xFF, 0xFF, 0x00, 0xFF, 0xFF, 0x00, 0xFF, 0xFF, 0x00, 0xFF, 0xFF, 0x00,
		0xFF, 0xFF, 0x00, 0xFF, 0xFF, 0x00, 0xFF, 0xFF, 0x00, 0xFF, 0xFF, 0x00, 0xFF, 0xFF, 0x00, 0xFF,
		0xFF, 0x00, 0xFF, 0xFF, 0x00, 0xFF, 0xFF, 0x00, 0xFF, 0xFF, 0x00, 0xFF, 0xFF, 0x00, 0xFF, 0xFF,
		0x00, 0xFF, 0xFF, 0x00, 0xFF, 0xFF, 0x00, 0xFF, 0xFF, 0x00, 0xFF, 0xFF, 0x00, 0xFF, 0xFF, 0x00,
		0xFF, 0xFF, 0x00, 0xFF, 0xFF, 0x00, 0xFF, 0xFF, 0x00, 0xFF, 0xFF, 0x00, 0xFF, 0xFF, 0x00, 0xFF,
		0xFF, 0x00, 0xFF, 0xFF, 0x00, 0xFF, 0xFF, 0x00, 0xFF, 0xFF, 0x00, 0xFF, 0xFF, 0x00, 0xFF, 0xFF,
		0x00, 0xFF, 0xFF, 0x00, 0xFF, 0xFF, 0x00, 0xFF, 0xFF, 0x00, 0xFF, 0xFF, 0x00, 0xFF, 0xFF, 0x00,
		0xFF, 0xFF, 0x00, 0xFF, 0xFF, 0x00, 0xFF, 0xFF, 0x00, 0xFF, 0xFF, 0x00, 0xFF, 0xFF, 0x00, 0xFF,
		0xFF, 0x00, 0xFF, 0xFF, 0x00, 0xFF, 0xFF, 0x00, 0xFF, 0xFF, 0x00, 0xFF, 0xFF, 0x00, 0xFF, 0xFF,
		0x00, 0xFF, 0xFF, 0x00, 0xFF, 0xFF, 0x00, 0xFF, 0xFF, 0x00, 0xFF, 0xFF, 0x00, 0xFF, 0xFF, 0x00,
		0xFF, 0xFF, 0x00, 0xFF, 0xFF, 0x00, 0xFF, 0xFF, 0x00, 0xFF, 0xFF, 0x00, 0xFF, 0xFF, 0x00, 0xFF,
		0xFF, 0x00, 0xFF, 0xFF, 0x00, 0xFF, 0xFF, 0x00, 0xFF, 0xFF, 0x00, 0xFF, 0xFF, 0x00, 0xFF, 0xFF,
		0x00, 0xFF, 0xFF, 0x00, 0xFF, 0xFF, 0x00, 0xFF, 0xFF, 0x00, 0xFF, 0xFF, 0x00, 0xFF, 0xFF, 0x00,
		0xFF, 0x33, 0x39, 0x2B, 0x20, 0x2E, 0x24, 0x33, 0x39, 0x2B, 0xFF, 0x00, 0xFF, 0xFF, 0x00, 0xFF,
		0xFF, 0x00, 0xFF, 0xFF, 0x00, 0xFF, 0xFF, 0x00, 0xFF, 0xFF, 0x00, 0xFF, 0xFF, 0x00, 0xFF, 0xFF,
		0x00, 0xFF, 0xFF, 0x00, 0xFF, 0xFF, 0x00, 0xFF, 0xFF, 0x00, 0xFF, 0xFF, 0x00, 0xFF, 0xFF, 0x00,
		0xFF, 0xFF, 0x00, 0xFF, 0xFF, 0x00, 0xFF, 0xFF, 0x00, 0xFF, 0xFF, 0x00, 0xFF, 0xFF, 0x00, 0xFF,
		0xFF, 0x00, 0xFF, 0xFF, 0x00, 0xFF, 0xFF, 0x00, 0xFF, 0xFF, 0x00, 0xFF, 0xFF, 0x00, 0xFF, 0xFF,
		0x00, 0xFF, 0xFF, 0x00, 0xFF, 0xFF, 0x00, 0xFF, 0xFF, 0x00, 0xFF, 0x56, 0x4D, 0x37, 0x2A, 0x34,
		0x28, 0x1F, 0x2E, 0x24, 0x2A, 0x34, 0x28, 0x56, 0x4D, 0x36, 0xFF, 0x00, 0xFF, 0xFF, 0x00, 0xFF,
		0xFF, 0x00, 0xFF, 0xFF, 0x00, 0xFF, 0xFF, 0x00, 0xFF, 0xFF, 0x00, 0xFF, 0xFF, 0x00, 0xFF, 0xFF,
		0x00, 0xFF, 0xFF, 0x00, 0xFF, 0xFF, 0x00, 0xFF, 0xFF, 0x00, 0xFF, 0xFF, 0x00, 0xFF, 0xFF, 0x00,
		0xFF, 0xFF, 0x00, 0xFF, 0xFF, 0x00, 0xFF, 0xFF, 0x00, 0xFF, 0xFF, 0x00, 0xFF, 0xFF, 0x00, 0xFF,
		0xFF, 0x00, 0xFF, 0xFF, 0x00, 0xFF, 0xFF, 0x00, 0xFF, 0xFF, 0x00, 0xFF, 0xFF, 0x00, 0xFF, 0xFF,
		0x00, 0xFF, 0x71, 0x5B, 0x3F, 0x3B, 0x3D, 0x2D, 0x24, 0x31, 0x26, 0x1F, 0x2E, 0x24, 0x24, 0x31,
		0x26, 0x3B, 0x3E, 0x2E, 0x72, 0x5C, 0x3F, 0xFF, 0x00, 0xFF, 0xFF, 0x00, 0xFF, 0xFF, 0x00, 0xFF,
		0xFF, 0x00, 0xFF, 0xFF, 0x00, 0xFF, 0xFF, 0x00, 0xFF, 0xFF, 0x00, 0xFF, 0xFF, 0x00, 0xFF, 0xFF,
		0x00, 0xFF, 0xFF, 0x00, 0xFF, 0xFF, 0x00, 0xFF, 0xFF, 0x00, 0xFF, 0xFF, 0x00, 0xFF, 0xFF, 0x00,
		0xFF, 0xFF, 0x00, 0xFF, 0xFF, 0x00, 0xFF, 0xFF, 0x00, 0xFF, 0xFF, 0x00, 0xFF, 0xFF, 0x00, 0xFF,
		0xFF, 0x00, 0xFF, 0xFF, 0x00, 0xFF, 0xFF, 0x00, 0xFF, 0xFF, 0x00, 0xFF, 0x53, 0x4C, 0x36, 0x30,
		0x37, 0x29, 0x22, 0x30, 0x25, 0x1F, 0x2E, 0x24, 0x22, 0x30, 0x25, 0x30, 0x37, 0x29, 0x53, 0x4C,
		0x36, 0xFF, 0x00, 0xFF, 0xFF, 0x00, 0xFF, 0xFF, 0x00, 0xFF, 0xFF, 0x00, 0xFF, 0xFF, 0x00, 0xFF,
		0xFF, 0x00, 0xFF, 0xFF, 0x00, 0xFF, 0xFF, 0x00, 0xFF, 0xFF, 0x00, 0xFF, 0xFF, 0x00, 0xFF, 0xFF,
		0x00, 0xFF, 0xFF, 0x00, 0xFF, 0xFF, 0x00, 0xFF, 0xFF, 0x00, 0xFF, 0xFF, 0x00, 0xFF, 0xFF, 0x00,
		0xFF, 0xFF, 0x00, 0xFF, 0xFF, 0x00, 0xFF, 0xFF, 0x00, 0xFF, 0xFF, 0x00, 0xFF, 0xFF, 0x00, 0xFF,
		0xFF, 0x00, 0xFF, 0x62, 0x53, 0x3A, 0x32, 0x39, 0x2B, 0x22, 0x30, 0x25, 0x1F, 0x2E, 0x24, 0x1F,
		0x2E, 0x24, 0x1F, 0x2E, 0x24, 0x22, 0x30, 0x25, 0x32, 0x39, 0x2B, 0x62, 0x53, 0x3A, 0xFF, 0x00,
		0xFF, 0xFF, 0x00, 0xFF, 0xFF, 0x00, 0xFF, 0xFF, 0x00, 0xFF, 0xFF, 0x00, 0xFF, 0xFF, 0x00, 0xFF,
		0xFF, 0x00, 0xFF, 0xFF, 0x00, 0xFF, 0xFF, 0x00, 0xFF, 0xFF, 0x00, 0xFF, 0xFF, 0x00, 0xFF, 0xFF,
		0x00, 0xFF, 0xFF, 0x00, 0xFF, 0xFF, 0x00, 0xFF, 0xFF, 0x00, 0xFF, 0xFF, 0x00, 0xFF, 0xFF, 0x00,
		0xFF, 0xFF, 0x00, 0xFF, 0xFF, 0x00, 0xFF, 0xFF, 0x00, 0xFF, 0xFF, 0x00, 0xFF, 0xFF, 0x00, 0xFF,
		0xFF, 0x00, 0xFF, 0xFF, 0x00, 0xFF, 0xFF, 0x00, 0xFF, 0xFF, 0x00, 0xFF, 0xFF, 0x00, 0xFF, 0xFF,
		0x00, 0xFF, 0xFF, 0x00, 0xFF, 0xFF, 0x00, 0xFF, 0xFF, 0x00, 0xFF, 0xFF, 0x00, 0xFF, 0x00, 0x00,
		0x00, 0x00, 0x00, 0x00, 0x1F, 0x2E, 0x24, 0x1F, 0x2E, 0x24, 0x1F, 0x2E, 0x24, 0xFF, 0x00, 0xFF,
		0xFF, 0x00, 0xFF, 0xFF, 0x00, 0xFF, 0xFF, 0x00, 0xFF, 0xFF, 0x00, 0xFF, 0xFF, 0x00, 0xFF, 0xFF,
		0x00, 0xFF, 0xFF, 0x00, 0xFF, 0xFF, 0x00, 0xFF, 0xFF, 0x00, 0xFF, 0xFF, 0x00, 0xFF, 0xFF, 0x00,
		0xFF, 0xFF, 0x00, 0xFF, 0xFF, 0x00, 0xFF, 0xFF, 0x00, 0xFF, 0xFF, 0x00, 0xFF, 0xFF, 0x00, 0xFF,
		0xFF, 0x00, 0xFF, 0xFF, 0x00, 0xFF, 0xFF, 0x00, 0xFF, 0xFF, 0x00, 0xFF, 0xFF, 0x00, 0xFF, 0xFF,
		0x00, 0xFF, 0xFF, 0x00, 0xFF, 0xFF, 0x00, 0xFF, 0x1F, 0x2E, 0x24, 0x1F, 0x2E, 0x24, 0x1F, 0x2E,
		0x24, 0x1F, 0x2E, 0x24, 0x1F, 0x2E, 0x24, 0x1F, 0x2E, 0x24, 0x1F, 0x2E, 0x24, 0xFF, 0x00, 0xFF,
		0xFF, 0x00, 0xFF, 0xFF, 0x00, 0xFF, 0xFF, 0x00, 0xFF, 0xFF, 0x00, 0xFF, 0xFF, 0x00, 0xFF, 0xFF,
		0x00, 0xFF, 0xFF, 0x00, 0xFF, 0xFF, 0x00, 0xFF, 0xFF, 0x00, 0xFF, 0xFF, 0x00, 0xFF, 0xFF, 0x00,
		0xFF, 0xFF, 0x00, 0xFF, 0xFF, 0x00, 0xFF, 0xFF, 0x00, 0xFF, 0xFF, 0x00, 0xFF, 0xFF, 0x00, 0xFF,
		0xFF, 0x00, 0xFF, 0xFF, 0x00, 0xFF, 0xFF, 0x00, 0xFF, 0xFF, 0x00, 0xFF, 0x00, 0x00, 0x00, 0x00,
		0x00, 0x00, 0x15, 0x24, 0x16, 0x15, 0x24, 0x16, 0x15, 0x24, 0x16, 0x15, 0x24, 0x16, 0x15, 0x24,
		0x16, 0x15, 0x24, 0x16, 0x15, 0x24, 0x16, 0x15, 0x24, 0x16, 0x15, 0x24, 0x16, 0xFF, 0x00, 0xFF,
		0xFF, 0x00, 0xFF, 0xFF, 0x00, 0xFF, 0xFF, 0x00, 0xFF, 0xFF, 0x00, 0xFF, 0xFF, 0x00, 0xFF, 0xFF,
		0x00, 0xFF, 0xFF, 0x00, 0xFF, 0xFF, 0x00, 0xFF, 0xFF, 0x00, 0xFF, 0xFF, 0x00, 0xFF, 0xFF, 0x00,
		0xFF, 0xFF, 0x00, 0xFF, 0xFF, 0x00, 0xFF, 0xFF, 0x00, 0xFF, 0xFF, 0x00, 0xFF, 0xFF, 0x00, 0xFF,
		0x15, 0x24, 0x16, 0x15, 0x24, 0x16, 0x15, 0x24, 0x16, 0x15, 0x24, 0x16, 0x15, 0x24, 0x16, 0x15,
		0x24, 0x16, 0x15, 0x24, 0x16, 0x15, 0x24, 0x16, 0x15, 0x24, 0x16, 0x15, 0x24, 0x16, 0x15, 0x24,
		0x16, 0x15, 0x24, 0x16, 0x15, 0x24, 0x16, 0x15, 0x24, 0x16, 0x15, 0x24, 0x16, 0xFF, 0x00, 0xFF,
		0xFF, 0x00, 0xFF, 0xFF, 0x00, 0xFF, 0xFF, 0x00, 0xFF, 0xFF, 0x00, 0xFF, 0xFF, 0x00, 0xFF, 0xFF,
		0x00, 0xFF, 0xFF, 0x00, 0xFF, 0xFF, 0x00, 0xFF, 0xFF, 0x00, 0xFF, 0xFF, 0x00, 0xFF, 0xFF, 0x00,
		0xFF, 0xFF, 0x00, 0xFF, 0x1F, 0x2E, 0x24, 0x1F, 0x2E, 0x24, 0x1F, 0x2E, 0x24, 0x1F, 0x2E, 0x24,
		0x1F, 0x2E, 0x24, 0x1F, 0x2E, 0x24, 0x1F, 0x2E, 0x24, 0x1F, 0x2E, 0x24, 0x1F, 0x2E, 0x24, 0x1F,
		0x2E, 0x24, 0x1F, 0x2E, 0x24, 0x1F, 0x2E, 0x24, 0x1F, 0x2E, 0x24, 0x1F, 0x2E, 0x24, 0x1F, 0x2E,
		0x24, 0x1F, 0x2E, 0x24, 0x1F, 0x2E, 0x24, 0x1F, 0x2E, 0x24, 0x1F, 0x2E, 0x24, 0xFF, 0x00, 0xFF,
		0xFF, 0x00, 0xFF, 0xFF, 0x00, 0xFF, 0xFF, 0x00, 0xFF, 0xFF, 0x00, 0xFF, 0xFF, 0x00, 0xFF, 0xFF,
		0x00, 0xFF, 0xFF, 0x00, 0xFF, 0xFF, 0x00, 0xFF, 0xFF, 0x00, 0xFF, 0xFF, 0x00, 0xFF, 0xFF, 0x00,
		0xFF, 0xFF, 0x00, 0xFF, 0xFF, 0x00, 0xFF, 0xFF, 0x00, 0xFF, 0xFF, 0x00, 0xFF, 0x85, 0xCB, 0xE5,
		0x21, 0x2B, 0x2E, 0x21, 0x2B, 0x2E, 0x21, 0x2B, 0x2E, 0x21, 0x2B, 0x2E, 0xFF, 0x00, 0xFF, 0xFF,
		0x00, 0xFF, 0xFF, 0x00, 0xFF, 0xFF, 0x00, 0xFF, 0xFF, 0x00, 0xFF, 0xFF, 0x00, 0xFF, 0xFF, 0x00,
		0xFF, 0xFF, 0x00, 0xFF, 0xFF, 0x00, 0xFF, 0xFF, 0x00, 0xFF, 0xFF, 0x00, 0xFF, 0xFF, 0x00, 0xFF,
		0xFF, 0x00, 0xFF, 0xFF, 0x00, 0xFF, 0xFF, 0x00, 0xFF, 0xFF, 0x00, 0xFF, 0xFF, 0x00, 0xFF, 0xFF,
		0x00, 0xFF, 0xFF, 0x00, 0xFF, 0xFF, 0x00, 0xFF, 0xFF, 0x00, 0xFF, 0xFF, 0x00, 0xFF, 0xFF, 0x00,
		0xFF, 0xFF, 0x00, 0xFF, 0xFF, 0x00, 0xFF, 0xFF, 0x00, 0xFF, 0xFF, 0x00, 0xFF, 0xFF, 0x00, 0xFF,
		0x4F, 0x96, 0x6E, 0x4F, 0x96, 0x6E, 0x4F, 0x96, 0x6E, 0x4F, 0x96, 0x6E, 0xFF, 0x00, 0xFF, 0xFF,
		0x00, 0xFF, 0xFF, 0x00, 0xFF, 0xFF, 0x00, 0xFF, 0xFF, 0x00, 0xFF, 0xFF, 0x00, 0xFF, 0xFF, 0x00,
		0xFF, 0xFF, 0x00, 0xFF, 0xFF, 0x00, 0xFF, 0xFF, 0x00, 0xFF, 0xFF, 0x00, 0xFF, 0xFF, 0x00, 0xFF,
		0xFF, 0x00, 0xFF, 0xFF, 0x00, 0xFF, 0xFF, 0x00, 0xFF, 0xFF, 0x00, 0xFF, 0xFF, 0x00, 0xFF, 0xFF,
		0x00, 0xFF, 0xFF, 0x00, 0xFF, 0xFF, 0x00, 0xFF, 0xFF, 0x00, 0xFF, 0xFF, 0x00, 0xFF, 0xFF, 0x00,
		0xFF, 0xFF, 0x00, 0xFF, 0xFF, 0x00, 0xFF, 0xFF, 0x00, 0xFF, 0xFF, 0x00, 0xFF, 0x85, 0xCB, 0xE5,
		0x21, 0x2B, 0x2E, 0x21, 0x2B, 0x2E, 0x21, 0x2B, 0x2E, 0x21, 0x2B, 0x2E, 0xFF, 0x00, 0xFF, 0xFF,
		0x00, 0xFF, 0xFF, 0x00, 0xFF, 0xFF, 0x00, 0xFF, 0xFF, 0x00, 0xFF, 0xFF, 0x00, 0xFF, 0xFF, 0x00,
		0xFF, 0xFF, 0x00, 0xFF, 0xFF, 0x00, 0xFF, 0xFF, 0x00, 0xFF, 0xFF, 0x00, 0xFF, 0xFF, 0x00, 0xFF,
		0xFF, 0x00, 0xFF, 0xFF, 0x00, 0xFF, 0xFF, 0x00, 0xFF, 0xFF, 0x00, 0xFF, 0xFF, 0x00, 0xFF, 0xFF,
		0x00, 0xFF, 0xFF, 0x00, 0xFF, 0xFF, 0x00, 0xFF, 0xFF, 0x00, 0xFF, 0xFF, 0x00, 0xFF, 0xFF, 0x00,
		0xFF, 0xFF, 0x00, 0xFF, 0xFF, 0x00, 0xFF, 0xFF, 0x00, 0xFF, 0xFF, 0x00, 0xFF, 0x85, 0xCB, 0xE5,
		0x21, 0x2B, 0x2E, 0x21, 0x2B, 0x2E, 0x21, 0x2B, 0x2E, 0x21, 0x2B, 0x2E, 0xFF, 0x00, 0xFF, 0xFF,
		0x00, 0xFF, 0xFF, 0x00, 0xFF, 0xFF, 0x00, 0xFF, 0xFF, 0x00, 0xFF, 0xFF, 0x00, 0xFF, 0xFF, 0x00,
		0xFF, 0xFF, 0x00, 0xFF, 0xFF, 0x00, 0xFF, 0xFF, 0x00, 0xFF, 0xFF, 0x00, 0xFF, 0xFF, 0x00, 0xFF,
		0xFF, 0x00, 0xFF, 0xFF, 0x00, 0xFF, 0xFF, 0x00, 0xFF, 0xFF, 0x00, 0xFF, 0xFF, 0x00, 0xFF, 0xFF,
		0x00, 0xFF, 0xFF, 0x00, 0xFF, 0xFF, 0x00, 0xFF, 0xFF, 0x00, 0xFF, 0xFF, 0x00, 0xFF, 0xFF, 0x00,
		0xFF, 0xFF, 0x00, 0xFF, 0xFF, 0x00, 0xFF, 0xFF, 0x00, 0xFF, 0xFF, 0x00, 0xFF, 0x85, 0xCB, 0xE5,
		0x21, 0x2B, 0x2E, 0x21, 0x2B, 0x2E, 0x21, 0x2B, 0x2E, 0x21, 0x2B, 0x2E, 0xFF, 0x00, 0xFF, 0xFF,
		0x00, 0xFF, 0xFF, 0x00, 0xFF, 0xFF, 0x00, 0xFF, 0xFF, 0x00, 0xFF, 0xFF, 0x00, 0xFF, 0xFF, 0x00,
		0xFF, 0xFF, 0x00, 0xFF, 0xFF, 0x00, 0xFF, 0xFF, 0x00, 0xFF, 0xFF, 0x00, 0xFF, 0xFF, 0x00, 0xFF,
		0xFF, 0x00, 0xFF, 0xFF, 0x00, 0xFF, 0xFF, 0x00, 0xFF, 0xFF, 0x00, 0xFF, 0xFF, 0x00, 0xFF, 0xFF,
		0x00, 0xFF, 0xFF, 0x00, 0xFF, 0xFF, 0x00, 0xFF, 0xFF, 0x00, 0xFF, 0xFF, 0x00, 0xFF, 0xFF, 0x00,
		0xFF, 0xFF, 0x00, 0xFF, 0xFF, 0x00, 0xFF, 0xFF, 0x00, 0xFF, 0xFF, 0x00, 0xFF, 0xFF, 0x00, 0xFF,
		0xFF, 0x00, 0xFF, 0xFF, 0x00, 0xFF, 0xFF, 0x00, 0xFF, 0xFF, 0x00, 0xFF, 0xFF, 0x00, 0xFF, 0xFF,
		0x00, 0xFF, 0xFF, 0x00, 0xFF, 0xFF, 0x00, 0xFF, 0xFF, 0x00, 0xFF, 0xFF, 0x00, 0xFF, 0xFF, 0x00,
		0xFF, 0xFF, 0x00, 0xFF, 0xFF, 0x00, 0xFF, 0xFF, 0x00, 0xFF, 0xFF, 0x00, 0xFF, 0xFF, 0x00, 0xFF,
		0xFF, 0x00, 0xFF, 0xFF, 0x00, 0xFF, 0xFF, 0x00, 0xFF, 0xFF, 0x00, 0xFF, 0xFF, 0x00, 0xFF, 0xFF,
		0x00, 0xFF, 0xFF, 0x00, 0xFF, 0xFF, 0x00, 0xFF, 0xFF, 0x00, 0xFF, 0xFF, 0x00, 0xFF, 0xFF, 0x00,
		0xFF, 0xFF, 0x00, 0xFF, 0xFF, 0x00, 0xFF, 0xFF, 0x00, 0xFF, 0xFF, 0x00, 0xFF, 0xFF, 0x00, 0xFF,
		0xFF, 0x00, 0xFF, 0xFF, 0x00, 0xFF, 0xFF, 0x00, 0xFF, 0xFF, 0x00, 0xFF, 0xFF, 0x00, 0xFF, 0xFF,
		0x00, 0xFF, 0xFF, 0x00, 0xFF, 0xFF, 0x00, 0xFF, 0xFF, 0x00, 0xFF, 0xFF, 0x00, 0xFF, 0xFF, 0x00,
		0xFF, 0xFF, 0x00, 0xFF, 0xFF, 0x00, 0xFF, 0xFF, 0x00, 0xFF, 0xFF, 0x00, 0xFF, 0xFF, 0x00, 0xFF,
		0xFF, 0x00, 0xFF, 0xFF, 0x00, 0xFF, 0xFF, 0x00, 0xFF, 0xFF, 0x00, 0xFF, 0xFF, 0x00, 0xFF, 0xFF,
		0x00, 0xFF, 0xFF, 0x00, 0xFF, 0xFF, 0x00, 0xFF, 0xFF, 0x00, 0xFF, 0xFF, 0x00, 0xFF, 0xFF, 0x00,
		0xFF, 0xFF, 0x00, 0xFF, 0xFF, 0x00, 0xFF, 0xFF, 0x00, 0xFF, 0xFF, 0x00, 0xFF, 0xFF, 0x00, 0xFF,
		0xFF, 0x00, 0xFF, 0xFF, 0x00, 0xFF, 0xFF, 0x00, 0xFF, 0xFF, 0x00, 0xFF, 0xFF, 0x00, 0xFF, 0xFF,
		0x00, 0xFF, 0xFF, 0x00, 0xFF, 0xFF, 0x00, 0xFF, 0xFF, 0x00, 0xFF, 0xFF, 0x00, 0xFF, 0xFF, 0x00,
		0xFF, 0xFF, 0x00, 0xFF, 0xFF, 0x00, 0xFF, 0xFF, 0x00, 0xFF, 0xFF, 0x00, 0xFF, 0xFF, 0x00, 0xFF,
		0xFF, 0x00, 0xFF, 0xFF, 0x00, 0xFF, 0xFF, 0x00, 0xFF, 0xFF, 0x00, 0xFF, 0xFF, 0x00, 0xFF, 0xFF,
		0x00, 0xFF, 0xFF, 0x00, 0xFF, 0xFF, 0x00, 0xFF, 0xFF, 0x00, 0xFF, 0xFF, 0x00, 0xFF, 0xFF, 0x00,
		0xFF, 0xFF, 0x00, 0xFF, 0xFF, 0x00, 0xFF, 0xFF, 0x00, 0xFF, 0xFF, 0x00, 0xFF, 0xFF, 0x00, 0xFF,
		0xFF, 0x00, 0xFF, 0xFF, 0x00, 0xFF, 0xFF, 0x00, 0xFF, 0xFF, 0x00, 0xFF, 0xFF, 0x00, 0xFF, 0xFF,
		0x00, 0xFF, 0xFF, 0x00, 0xFF, 0xFF, 0x00, 0xFF, 0xFF, 0x00, 0xFF, 0xFF, 0x00, 0xFF, 0xFF, 0x00,
		0xFF, 0xFF, 0x00, 0xFF, 0xFF, 0x00, 0xFF, 0xFF, 0x00, 0xFF, 0xFF, 0x00, 0xFF, 0xFF, 0x00, 0xFF,
		0xFF, 0x00, 0xFF, 0xFF, 0x00, 0xFF, 0xFF, 0x00, 0xFF, 0xFF, 0x00, 0xFF, 0xFF, 0x00, 0xFF, 0xFF,
		0x00, 0xFF, 0xFF, 0x00, 0xFF, 0xFF, 0x00, 0xFF, 0xFF, 0x00, 0xFF, 0xFF, 0x00, 0xFF, 0xFF, 0x00,
		0xFF, 0xFF, 0x00, 0xFF, 0xFF, 0x00, 0xFF, 0xFF, 0x00, 0xFF, 0xFF, 0x00, 0xFF, 0xFF, 0x00, 0xFF,
		0xFF, 0x00, 0xFF, 0xFF, 0x00, 0xFF, 0xFF, 0x00, 0xFF, 0xFF, 0x00, 0xFF, 0xFF, 0x00, 0xFF, 0xFF,
		0x00, 0xFF, 0xFF, 0x00, 0xFF, 0xFF, 0x00, 0xFF, 0xFF, 0x00, 0xFF, 0xFF, 0x00, 0xFF, 0xFF, 0x00,
		0xFF, 0xFF, 0x00, 0xFF, 0xFF, 0x00, 0xFF, 0xFF, 0x00, 0xFF, 0xFF, 0x00, 0xFF, 0xFF, 0x00, 0xFF,
		0xFF, 0x00, 0xFF, 0xFF, 0x00, 0xFF, 0xFF, 0x00, 0xFF, 0xFF, 0x00, 0xFF, 0xFF, 0x00, 0xFF, 0xFF,
		0x00, 0xFF, 0xFF, 0x00, 0xFF, 0xFF, 0x00, 0xFF, 0xFF, 0x00, 0xFF, 0xFF, 0x00, 0xFF, 0xFF, 0x00,
		0xFF, 0xFF, 0x00, 0xFF, 0xFF, 0x00, 0xFF, 0xFF, 0x00, 0xFF, 0xFF, 0x00, 0xFF, 0xFF, 0x00, 0xFF,
		0xFF, 0x00, 0xFF, 0xFF, 0x00, 0xFF, 0xFF, 0x00, 0xFF, 0xFF, 0x00, 0xFF, 0xFF, 0x00, 0xFF, 0xFF,
		0x00, 0xFF, 0xFF, 0x00, 0xFF, 0xFF, 0x00, 0xFF, 0xFF, 0x00, 0xFF, 0xFF, 0x00, 0xFF, 0xFF, 0x00,
		0xFF, 0xFF, 0x00, 0xFF, 0xFF, 0x00, 0xFF, 0xFF, 0x00, 0xFF, 0xFF, 0x00, 0xFF, 0xFF, 0x00, 0xFF,
		0xFF, 0x00, 0xFF, 0xFF, 0x00, 0xFF, 0xFF, 0x00, 0xFF, 0xFF, 0x00, 0xFF, 0xFF, 0x00, 0xFF, 0xFF,
		0x00, 0xFF, 0xFF, 0x00, 0xFF, 0xFF, 0x00, 0xFF, 0xFF, 0x00, 0xFF, 0xFF, 0x00, 0xFF, 0xFF, 0x00,
		0xFF, 0xFF, 0x00, 0xFF, 0xFF, 0x00, 0xFF, 0xFF, 0x00, 0xFF, 0xFF, 0x00, 0xFF, 0xFF, 0x00, 0xFF,
		0xFF, 0x00, 0xFF, 0xFF, 0x00, 0xFF, 0xFF, 0x00, 0xFF, 0xFF, 0x00, 0xFF, 0xFF, 0x00, 0xFF, 0xFF,
		0x00, 0xFF, 0xFF, 0x00, 0xFF, 0xFF, 0x00, 0xFF, 0xFF, 0x00, 0xFF, 0xFF, 0x00, 0xFF, 0xFF, 0x00,
		0xFF, 0xFF, 0x00, 0xFF, 0xFF, 0x00, 0xFF, 0xFF, 0x00, 0xFF, 0xFF, 0x00, 0xFF, 0xFF, 0x00, 0xFF,
		0xFF, 0x00, 0xFF, 0xFF, 0x00, 0xFF, 0xFF, 0x00, 0xFF, 0xFF, 0x00, 0xFF, 0xFF, 0x00, 0xFF, 0xFF,
		0x00, 0xFF, 0xFF, 0x00, 0xFF, 0xFF, 0x00, 0xFF, 0xFF, 0x00, 0xFF, 0xFF, 0x00, 0xFF, 0xFF, 0x00,
		0xFF, 0xFF, 0x00, 0xFF, 0xFF, 0x00, 0xFF, 0xFF, 0x00, 0xFF, 0xFF, 0x00, 0xFF, 0xFF, 0x00, 0xFF,
		0xFF, 0x00, 0xFF, 0xFF, 0x00, 0xFF, 0xFF, 0x00, 0xFF, 0xFF, 0x00, 0xFF, 0xFF, 0x00, 0xFF, 0xFF,
		0x00, 0xFF, 0xFF, 0x00, 0xFF, 0xFF, 0x00, 0xFF, 0xFF, 0x00, 0xFF, 0xFF, 0x00, 0xFF, 0xFF, 0x00,
		0xFF, 0xFF, 0x00, 0xFF, 0xFF, 0x00, 0xFF, 0xFF, 0x00, 0xFF, 0xFF, 0x00, 0xFF, 0xFF, 0x00, 0xFF,
		0xFF, 0x00, 0xFF, 0xFF, 0x00, 0xFF, 0xFF, 0x00, 0xFF, 0xFF, 0x00, 0xFF, 0xFF, 0x00, 0xFF, 0xFF,
		0x00, 0xFF, 0xFF, 0x00, 0xFF, 0xFF, 0x00, 0xFF, 0xFF, 0x00, 0xFF, 0xFF, 0x00, 0xFF, 0xFF, 0x00,
		0xFF, 0xFF, 0x00, 0xFF, 0xFF, 0x00, 0xFF, 0xFF, 0x00, 0xFF, 0xFF, 0x00, 0xFF, 0xFF, 0x00, 0xFF,
		0xFF, 0x00, 0xFF, 0xFF, 0x00, 0xFF, 0xFF, 0x00, 0xFF, 0xFF, 0x00, 0xFF, 0xFF, 0x00, 0xFF, 0xFF,
		0x00, 0xFF, 0xFF, 0x00, 0xFF, 0xFF, 0x00, 0xFF, 0xFF, 0x00, 0xFF, 0xFF, 0x00, 0xFF, 0xFF, 0x00,
		0xFF, 0xFF, 0x00, 0xFF, 0xFF, 0x00, 0xFF, 0xFF, 0x00, 0xFF, 0xFF, 0x00, 0xFF, 0xFF, 0x00, 0xFF,
		0xFF, 0x00, 0xFF, 0xFF, 0x00, 0xFF, 0xFF, 0x00, 0xFF, 0xFF, 0x00, 0xFF, 0xFF, 0x00, 0xFF, 0xFF,
		0x00, 0xFF, 0xFF, 0x00, 0xFF, 0xFF, 0x00, 0xFF, 0xFF, 0x00, 0xFF, 0xFF, 0x00, 0xFF, 0xFF, 0x00,
		0xFF, 0xFF, 0x00, 0xFF, 0xFF, 0x00, 0xFF, 0xFF, 0x00, 0xFF, 0xFF, 0x00, 0xFF, 0xFF, 0x00, 0xFF,
		0xFF, 0x00, 0xFF, 0xFF, 0x00, 0xFF, 0xFF, 0x00, 0xFF, 0xFF, 0x00, 0xFF, 0xFF, 0x00, 0xFF, 0xFF,
		0x00, 0xFF, 0xFF, 0x00, 0xFF, 0xFF, 0x00, 0xFF, 0xFF, 0x00, 0xFF, 0xFF, 0x00, 0xFF, 0xFF, 0x00,
		0xFF, 0xFF, 0x00, 0xFF, 0xFF, 0x00, 0xFF, 0xFF, 0x00, 0xFF, 0xFF, 0x00, 0xFF, 0xFF, 0x00, 0xFF,
		0xFF, 0x00, 0xFF, 0xFF, 0x00, 0xFF, 0xFF, 0x00, 0xFF, 0xFF, 0x00, 0xFF, 0xFF, 0x00, 0xFF, 0xFF,
		0x00, 0xFF, 0xFF, 0x00, 0xFF, 0xFF, 0x00, 0xFF, 0xFF, 0x00, 0xFF, 0xFF, 0x00, 0xFF, 0xFF, 0x00,
		0xFF, 0xFF, 0x00, 0xFF, 0xFF, 0x00, 0xFF, 0xFF, 0x00, 0xFF, 0xFF, 0x00, 0xFF, 0xFF, 0x00, 0xFF,
		0xFF, 0x00, 0xFF, 0xFF, 0x00, 0xFF, 0xFF, 0x00, 0xFF, 0xFF, 0x00, 0xFF, 0xFF, 0x00, 0xFF, 0xFF,
		0x00, 0xFF, 0xFF, 0x00, 0xFF, 0xFF, 0x00, 0xFF, 0xFF, 0x00, 0xFF, 0xFF, 0x00, 0xFF, 0xFF, 0x00,
		0xFF, 0xFF, 0x00, 0xFF, 0xFF, 0x00, 0xFF, 0xFF, 0x00, 0xFF, 0xFF, 0x00, 0xFF, 0xFF, 0x00, 0xFF,
		0xFF, 0x00, 0xFF, 0xFF, 0x00, 0xFF, 0xFF, 0x00, 0xFF, 0xFF, 0x00, 0xFF, 0xFF, 0x00, 0xFF, 0xFF,
		0x00, 0xFF, 0xFF, 0x00, 0xFF, 0xFF, 0x00, 0xFF, 0xFF, 0x00, 0xFF, 0xFF, 0x00, 0xFF, 0xFF, 0x00,
		0xFF, 0xFF, 0x00, 0xFF, 0xFF, 0x00, 0xFF, 0xFF, 0x00, 0xFF, 0xFF, 0x00, 0xFF, 0xFF, 0x00, 0xFF,
		0xFF, 0x00, 0xFF, 0xFF, 0x00, 0xFF, 0xFF, 0x00, 0xFF, 0xFF, 0x00, 0xFF, 0xFF, 0x00, 0xFF, 0xFF,
		0x00, 0xFF, 0xFF, 0x00, 0xFF, 0xFF, 0x00, 0xFF, 0xFF, 0x00, 0xFF, 0xFF, 0x00, 0xFF, 0xFF, 0x00,
		0xFF, 0xFF, 0x00, 0xFF, 0xFF, 0x00, 0xFF, 0xFF, 0x00, 0xFF, 0xFF, 0x00, 0xFF, 0xFF, 0x00, 0xFF,
		0xFF, 0x00, 0xFF, 0xFF, 0x00, 0xFF, 0xFF, 0x00, 0xFF, 0xFF, 0x00, 0xFF, 0xFF, 0x00, 0xFF, 0xFF,
		0x00, 0xFF, 0xFF, 0x00, 0xFF, 0xFF, 0x00, 0xFF, 0xFF, 0x00, 0xFF, 0xFF, 0x00, 0xFF, 0xFF, 0x00,
		0xFF, 0xFF, 0x00, 0xFF, 0xFF, 0x00, 0xFF, 0xFF, 0x00, 0xFF, 0xFF, 0x00, 0xFF, 0xFF, 0x00, 0xFF,
		0xFF, 0x00, 0xFF, 0xFF, 0x00, 0xFF, 0xFF, 0x00, 0xFF, 0xFF, 0x00, 0xFF, 0xFF, 0x00, 0xFF, 0xFF,
		0x00, 0xFF, 0xFF, 0x00, 0xFF, 0xFF, 0x00, 0xFF, 0xFF, 0x00, 0xFF, 0xFF, 0x00, 0xFF, 0xFF, 0x00,
		0xFF, 0xFF, 0x00, 0xFF, 0xFF, 0x00, 0xFF, 0xFF, 0x00, 0xFF, 0xFF, 0x00, 0xFF, 0xFF, 0x00, 0xFF,
		0xFF, 0x00, 0xFF, 0xFF, 0x00, 0xFF, 0xFF, 0x00, 0xFF, 0xFF, 0x00, 0xFF, 0xFF, 0x00, 0xFF, 0xFF,
		0x00, 0xFF, 0xFF, 0x00, 0xFF, 0xFF, 0x00, 0xFF, 0xFF, 0x00, 0xFF, 0xFF, 0x00, 0xFF, 0xFF, 0x00,
		0xFF, 0xFF, 0x00, 0xFF, 0xFF, 0x00, 0xFF, 0xFF, 0x00, 0xFF, 0xFF, 0x00, 0xFF, 0xFF, 0x00, 0xFF,
		0xFF, 0x00, 0xFF, 0xFF, 0x00, 0xFF, 0xFF, 0x00, 0xFF, 0xFF, 0x00, 0xFF, 0xFF, 0x00, 0xFF, 0xFF,
		0x00, 0xFF, 0xFF, 0x00, 0xFF, 0xFF, 0x00, 0xFF, 0xFF, 0x00, 0xFF, 0xFF, 0x00, 0xFF, 0xFF, 0x00,
		0xFF, 0xFF, 0x00, 0xFF, 0xFF, 0x00, 0xFF, 0xFF, 0x00, 0xFF, 0xFF, 0x00, 0xFF, 0xFF, 0x00, 0xFF,
		0xFF, 0x00, 0xFF, 0xFF, 0x00, 0xFF, 0xFF, 0x00, 0xFF, 0xFF, 0x00, 0xFF, 0xFF, 0x00, 0xFF, 0xFF,
		0x00, 0xFF, 0xFF, 0x00, 0xFF, 0xFF, 0x00, 0xFF, 0xFF, 0x00, 0xFF, 0xFF, 0x00, 0xFF, 0xFF, 0x00,
		0xFF, 0xFF, 0x00, 0xFF, 0xFF, 0x00, 0xFF, 0xFF, 0x00, 0xFF, 0xFF, 0x00, 0xFF, 0xFF, 0x00, 0xFF,
		0xFF, 0x00, 0xFF, 0xFF, 0x00, 0xFF, 0xFF, 0x00, 0xFF, 0xFF, 0x00, 0xFF, 0xFF, 0x00, 0xFF, 0xFF,
		0x00, 0xFF, 0xFF, 0x00, 0xFF, 0xFF, 0x00, 0xFF, 0xFF, 0x00, 0xFF, 0xFF, 0x00, 0xFF, 0xFF, 0x00,
		0xFF, 0xFF, 0x00, 0xFF, 0xFF, 0x00, 0xFF, 0xFF, 0x00, 0xFF, 0xFF, 0x00, 0xFF, 0xFF, 0x00, 0xFF,
		0xFF, 0x00, 0xFF, 0xFF, 0x00, 0xFF, 0xFF, 0x00, 0xFF, 0xFF, 0x00, 0xFF, 0xFF, 0x00, 0xFF, 0xFF,
		0x00, 0xFF, 0xFF, 0x00, 0xFF, 0xFF, 0x00, 0xFF, 0xFF, 0x00, 0xFF, 0xFF, 0x00, 0xFF, 0xFF, 0x00,
		0xFF, 0xFF, 0x00, 0xFF, 0xFF, 0x00, 0xFF, 0xFF, 0x00, 0xFF, 0xFF, 0x00, 0xFF, 0xFF, 0x00, 0xFF,
		0xFF, 0x00, 0xFF, 0xFF, 0x00, 0xFF, 0xFF, 0x00, 0xFF, 0xFF, 0x00, 0xFF, 0xFF, 0x00, 0xFF, 0xFF,
		0x00, 0xFF, 0xFF, 0x00, 0xFF, 0xFF, 0x00, 0xFF, 0xFF, 0x00, 0xFF, 0xFF, 0x00, 0xFF, 0xFF, 0x00,
		0xFF, 0xFF, 0x00, 0xFF, 0xFF, 0x00, 0xFF, 0xFF, 0x00, 0xFF, 0xFF, 0x00, 0xFF, 0xFF, 0x00, 0xFF,
		0xFF, 0x00, 0xFF, 0xFF, 0x00, 0xFF, 0xFF, 0x00, 0xFF, 0xFF, 0x00, 0xFF, 0xFF, 0x00, 0xFF, 0xFF,
		0x00, 0xFF, 0xFF, 0x00, 0xFF, 0xFF, 0x00, 0xFF, 0xFF, 0x00, 0xFF, 0xFF, 0x00, 0xFF, 0xFF, 0x00,
		0xFF, 0xFF, 0x00, 0xFF, 0xFF, 0x00, 0xFF, 0xFF, 0x00, 0xFF, 0xFF, 0x00, 0xFF, 0xFF, 0x00, 0xFF,
		0xFF, 0x00, 0xFF, 0xFF, 0x00, 0xFF, 0xFF, 0x00, 0xFF, 0xFF, 0x00, 0xFF, 0xFF, 0x00, 0xFF, 0xFF,
		0x00, 0xFF, 0xFF, 0x00, 0xFF, 0xFF, 0x00, 0xFF, 0xFF, 0x00, 0xFF, 0xFF, 0x00, 0xFF, 0xFF, 0x00,
		0xFF, 0xFF, 0x00, 0xFF, 0xFF, 0x00, 0xFF, 0xFF, 0x00, 0xFF, 0xFF, 0x00, 0xFF, 0xFF, 0x00, 0xFF,
		0xFF, 0x00, 0xFF, 0xFF, 0x00, 0xFF, 0xFF, 0x00, 0xFF, 0xFF, 0x00, 0xFF, 0xFF, 0x00, 0xFF, 0xFF,
		0x00, 0xFF, 0xFF, 0x00, 0xFF, 0xFF, 0x00, 0xFF, 0xFF, 0x00, 0xFF, 0xFF, 0x00, 0xFF, 0xFF, 0x00,
		0xFF, 0xFF, 0x00, 0xFF, 0xFF, 0x00, 0xFF, 0xFF, 0x00, 0xFF, 0xFF, 0x00, 0xFF, 0xFF, 0x00, 0xFF,
		0xFF, 0x00, 0xFF, 0xFF, 0x00, 0xFF, 0xFF, 0x00, 0xFF, 0xFF, 0x00, 0xFF, 0xFF, 0x00, 0xFF, 0xFF,
		0x00, 0xFF, 0xFF, 0x00, 0xFF, 0xFF, 0x00, 0xFF, 0xFF, 0x00, 0xFF, 0xFF, 0x00, 0xFF, 0xFF, 0x00,
		0xFF, 0xFF, 0x00, 0xFF, 0xFF, 0x00, 0xFF, 0xFF, 0x00, 0xFF, 0xFF, 0x00, 0xFF, 0xFF, 0x00, 0xFF,
		0xFF, 0x00, 0xFF, 0xFF, 0x00, 0xFF, 0xFF, 0x00, 0xFF, 0xFF, 0x00, 0xFF, 0xFF, 0x00, 0xFF, 0xFF,
		0x00, 0xFF, 0xFF, 0x00, 0xFF, 0xFF, 0x00, 0xFF, 0xFF, 0x00, 0xFF, 0xFF, 0x00, 0xFF, 0xFF, 0x00,
		0xFF, 0xFF, 0x00, 0xFF, 0xFF, 0x00, 0xFF, 0xFF, 0x00, 0xFF, 0xFF, 0x00, 0xFF, 0xFF, 0x00, 0xFF,
		0xFF, 0x00, 0xFF, 0xFF, 0x00, 0xFF, 0xFF, 0x00, 0xFF, 0xFF, 0x00, 0xFF, 0xFF, 0x00, 0xFF, 0xFF,
		0x00, 0xFF, 0xFF, 0x00, 0xFF, 0xFF, 0x00, 0xFF, 0xFF, 0x00, 0xFF, 0xFF, 0x00, 0xFF, 0xFF, 0x00,
		0xFF, 0xFF, 0x00, 0xFF, 0xFF, 0x00, 0xFF, 0xFF, 0x00, 0xFF, 0xFF, 0x00, 0xFF, 0xFF, 0x00, 0xFF,
		0xFF, 0x00, 0xFF, 0xFF, 0x00, 0xFF, 0xFF, 0x00, 0xFF, 0xFF, 0x00, 0xFF, 0xFF, 0x00, 0xFF, 0xFF,
		0x00, 0xFF, 0xFF, 0x00, 0xFF, 0xFF, 0x00, 0xFF, 0xFF, 0x00, 0xFF, 0xFF, 0x00, 0xFF, 0xFF, 0x00,
		0xFF, 0xFF, 0x00, 0xFF, 0xFF, 0x00, 0xFF, 0xFF, 0x00, 0xFF, 0xFF, 0x00, 0xFF, 0xFF, 0x00, 0xFF,
		0xFF, 0x00, 0xFF, 0xFF, 0x00, 0xFF, 0xFF, 0x00, 0xFF, 0xFF, 0x00, 0xFF, 0xFF, 0x00, 0xFF, 0xFF,
		0x00, 0xFF, 0xFF, 0x00, 0xFF, 0xFF, 0x00, 0xFF, 0xFF, 0x00, 0xFF, 0xFF, 0x00, 0xFF, 0xFF, 0x00,
		0xFF, 0xFF, 0x00, 0xFF, 0xFF, 0x00, 0xFF, 0xFF, 0x00, 0xFF, 0xFF, 0x00, 0xFF, 0xFF, 0x00, 0xFF,
		0xFF, 0x00, 0xFF, 0xFF, 0x00, 0xFF, 0xFF, 0x00, 0xFF, 0xFF, 0x00, 0xFF, 0xFF, 0x00, 0xFF, 0xFF,
		0x00, 0xFF, 0xFF, 0x00, 0xFF, 0xFF, 0x00, 0xFF, 0xFF, 0x00, 0xFF, 0xFF, 0x00, 0xFF, 0xFF, 0x00,
		0xFF, 0xFF, 0x00, 0xFF, 0xFF, 0x00, 0xFF, 0xFF, 0x00, 0xFF, 0xFF, 0x00, 0xFF, 0xFF, 0x00, 0xFF,
		0xFF, 0x00, 0xFF, 0xFF, 0x00, 0xFF, 0xFF, 0x00, 0xFF, 0xFF, 0x00, 0xFF, 0xFF, 0x00, 0xFF, 0xFF,
		0x00, 0xFF, 0xFF, 0x00, 0xFF, 0xFF, 0x00, 0xFF, 0xFF, 0x00, 0xFF, 0xFF, 0x00, 0xFF, 0xFF, 0x00,
		0xFF, 0xFF, 0x00, 0xFF, 0xFF, 0x00, 0xFF, 0xFF, 0x00, 0xFF, 0xFF, 0x00, 0xFF, 0xFF, 0x00, 0xFF,
		0xFF, 0x00, 0xFF, 0xFF, 0x00, 0xFF, 0xFF, 0x00, 0xFF, 0xFF, 0x00, 0xFF, 0xFF, 0x00, 0xFF, 0xFF,
		0x00, 0xFF, 0xFF, 0x00, 0xFF, 0xFF, 0x00, 0xFF, 0xFF, 0x00, 0xFF, 0xFF, 0x00, 0xFF, 0xFF, 0x00,
		0xFF, 0xFF, 0x00, 0xFF, 0xFF, 0x00, 0xFF, 0xFF, 0x00, 0xFF, 0xFF, 0x00, 0xFF, 0xFF, 0x00, 0xFF,
		0xFF, 0x00, 0xFF, 0xFF, 0x00, 0xFF, 0xFF, 0x00, 0xFF, 0xFF, 0x00, 0xFF, 0xFF, 0x00, 0xFF, 0xFF,
		0x00, 0xFF, 0xFF, 0x00, 0xFF, 0xFF, 0x00, 0xFF, 0xFF, 0x00, 0xFF, 0xFF, 0x00, 0xFF, 0xFF, 0x00,
		0xFF, 0xFF, 0x00, 0xFF, 0xFF, 0x00, 0xFF, 0xFF, 0x00, 0xFF, 0xFF, 0x00, 0xFF, 0xFF, 0x00, 0xFF,
		0xFF, 0x00, 0xFF, 0xFF, 0x00, 0xFF, 0xFF, 0x00, 0xFF, 0xFF, 0x00, 0xFF, 0xFF, 0x00, 0xFF, 0xFF,
		0x00, 0xFF, 0xFF, 0x00, 0xFF, 0xFF, 0x00, 0xFF, 0xFF, 0x00, 0xFF, 0xFF, 0x00, 0xFF, 0xFF, 0x00,
		0xFF, 0xFF, 0x00, 0xFF, 0xFF, 0x00, 0xFF, 0xFF, 0x00, 0xFF, 0xFF, 0x00, 0xFF, 0xFF, 0x00, 0xFF,
		0xFF, 0x00, 0xFF, 0xFF, 0x00, 0xFF, 0xFF, 0x00, 0xFF, 0xFF, 0x00, 0xFF, 0xFF, 0x00, 0xFF, 0xFF,
		0x00, 0xFF, 0xFF, 0x00, 0xFF, 0xFF, 0x00, 0xFF, 0xFF, 0x00, 0xFF, 0xFF, 0x00, 0xFF, 0xFF, 0x00,
		0xFF, 0xFF, 0x00, 0xFF, 0xFF, 0x00, 0xFF, 0xFF, 0x00, 0xFF, 0xFF, 0x00, 0xFF, 0xFF, 0x00, 0xFF,
		0xFF, 0x00, 0xFF, 0xFF, 0x00, 0xFF, 0xFF, 0x00, 0xFF, 0xFF, 0x00, 0xFF, 0xFF, 0x00, 0xFF, 0xFF,
		0x00, 0xFF, 0xFF, 0x00, 0xFF, 0xFF, 0x00, 0xFF, 0xFF, 0x00, 0xFF, 0xFF, 0x00, 0xFF, 0xFF, 0x00,
		0xFF, 0xFF, 0x00, 0xFF, 0xFF, 0x00, 0xFF, 0xFF, 0x00, 0xFF, 0xFF, 0x00, 0xFF, 0xFF, 0x00, 0xFF,
		0xFF, 0x00, 0xFF, 0xFF, 0x00, 0xFF, 0xFF, 0x00, 0xFF, 0xFF, 0x00, 0xFF, 0xFF, 0x00, 0xFF, 0xFF,
		0x00, 0xFF, 0xFF, 0x00, 0xFF, 0xFF, 0x00, 0xFF, 0xFF, 0x00, 0xFF, 0xFF, 0x00, 0xFF, 0xFF, 0x00,
		0xFF, 0xFF, 0x00, 0xFF, 0xFF, 0x00, 0xFF, 0xFF, 0x00, 0xFF, 0xFF, 0x00, 0xFF, 0xFF, 0x00, 0xFF,
		0xFF, 0x00, 0xFF, 0xFF, 0x00, 0xFF, 0xFF, 0x00, 0xFF, 0xFF, 0x00, 0xFF, 0xFF, 0x00, 0xFF, 0xFF,
		0x00, 0xFF, 0xFF, 0x00, 0xFF, 0xFF, 0x00, 0xFF, 0xFF, 0x00, 0xFF, 0xFF, 0x00, 0xFF, 0xFF, 0x00,
		0xFF, 0xFF, 0x00, 0xFF, 0xFF, 0x00, 0xFF, 0xFF, 0x00, 0xFF, 0xFF, 0x00, 0xFF, 0xFF, 0x00, 0xFF,
		0xFF, 0x00, 0xFF, 0xFF, 0x00, 0xFF, 0xFF, 0x00, 0xFF, 0xFF, 0x00, 0xFF, 0xFF, 0x00, 0xFF, 0xFF,
		0x00, 0xFF, 0xFF, 0x00, 0xFF, 0xFF, 0x00, 0xFF, 0xFF, 0x00, 0xFF, 0xFF, 0x00, 0xFF, 0xFF, 0x00,
		0xFF, 0xFF, 0x00, 0xFF, 0xFF, 0x00, 0xFF, 0xFF, 0x00, 0xFF, 0xFF, 0x00, 0xFF, 0xFF, 0x00, 0xFF,
		0xFF, 0x00, 0xFF, 0xFF, 0x00, 0xFF, 0xFF, 0x00, 0xFF, 0xFF, 0x00, 0xFF, 0xFF, 0x00, 0xFF, 0xFF,
		0x00, 0xFF, 0xFF, 0x00, 0xFF, 0xFF, 0x00, 0xFF, 0xFF, 0x00, 0xFF, 0xFF, 0x00, 0xFF, 0xFF, 0x00,
		0xFF, 0xFF, 0x00, 0xFF, 0xFF, 0x00, 0xFF, 0xFF, 0x00, 0xFF, 0xFF, 0x00, 0xFF, 0xFF, 0x00, 0xFF,
		0xFF, 0x00, 0xFF, 0xFF, 0x00, 0xFF, 0xFF, 0x00, 0xFF, 0xFF, 0x00, 0xFF, 0xFF, 0x00, 0xFF, 0xFF,
		0x00, 0xFF, 0xFF, 0x00, 0xFF, 0xFF, 0x00, 0xFF, 0xFF, 0x00, 0xFF, 0xFF, 0x00, 0xFF, 0xFF, 0x00,
		0xFF, 0xFF, 0x00, 0xFF, 0xFF, 0x00, 0xFF, 0xFF, 0x00, 0xFF, 0xFF, 0x00, 0xFF, 0xFF, 0x00, 0xFF,
		0xFF, 0x00, 0xFF, 0xFF, 0x00, 0xFF, 0xFF, 0x00, 0xFF, 0xFF, 0x00, 0xFF, 0xFF, 0x00, 0xFF, 0xFF,
		0x00, 0xFF, 0xFF, 0x00, 0xFF, 0xFF, 0x00, 0xFF, 0xFF, 0x00, 0xFF, 0xFF, 0x00, 0xFF, 0xFF, 0x00,
		0xFF, 0xFF, 0x00, 0xFF, 0xFF, 0x00, 0xFF, 0xFF, 0x00, 0xFF, 0xFF, 0x00, 0xFF, 0xFF, 0x00, 0xFF,
		0xFF, 0x00, 0xFF, 0xFF, 0x00, 0xFF, 0xFF, 0x00, 0xFF, 0xFF, 0x00, 0xFF, 0xFF, 0x00, 0xFF, 0xFF,
		0x00, 0xFF, 0xFF, 0x00, 0xFF, 0xFF, 0x00, 0xFF, 0xFF, 0x00, 0xFF, 0xFF, 0x00, 0xFF, 0xFF, 0x00,
		0xFF, 0xFF, 0x00, 0xFF, 0xFF, 0x00, 0xFF, 0xFF, 0x00, 0xFF, 0xFF, 0x00, 0xFF, 0xFF, 0x00, 0xFF,
		0xFF, 0x00, 0xFF, 0xFF, 0x00, 0xFF, 0xFF, 0x00, 0xFF, 0xFF, 0x00, 0xFF, 0xFF, 0x00, 0xFF, 0xFF,
		0x00, 0xFF, 0xFF, 0x00, 0xFF, 0xFF, 0x00, 0xFF, 0xFF, 0x00, 0xFF, 0xFF, 0x00, 0xFF, 0xFF, 0x00,
		0xFF, 0xFF, 0x00, 0xFF, 0xFF, 0x00, 0xFF, 0xFF, 0x00, 0xFF, 0xFF, 0x00, 0xFF, 0xFF, 0x00, 0xFF,
		0xFF, 0x00, 0xFF, 0xFF, 0x00, 0xFF, 0xFF, 0x00, 0xFF, 0xFF, 0x00, 0xFF, 0xFF, 0x00, 0xFF, 0xFF,
		0x00, 0xFF, 0xFF, 0x00, 0xFF, 0xFF, 0x00, 0xFF, 0xFF, 0x00, 0xFF, 0xFF, 0x00, 0xFF, 0xFF, 0x00,
		0xFF, 0xFF, 0x00, 0xFF, 0xFF, 0x00, 0xFF, 0xFF, 0x00, 0xFF, 0xFF, 0x00, 0xFF, 0xFF, 0x00, 0xFF,
		0xFF, 0x00, 0xFF, 0xFF, 0x00, 0xFF, 0xFF, 0x00, 0xFF, 0xFF, 0x00, 0xFF, 0xFF, 0x00, 0xFF, 0xFF,
		0x00, 0xFF, 0xFF, 0x00, 0xFF, 0xFF, 0x00, 0xFF, 0xFF, 0x00, 0xFF, 0xFF, 0x00, 0xFF, 0xFF, 0x00,
		0xFF, 0xFF, 0x00, 0xFF, 0xFF, 0x00, 0xFF, 0xFF, 0x00, 0xFF, 0xFF, 0x00, 0xFF, 0xFF, 0x00, 0xFF,
		0xFF, 0x00, 0xFF, 0xFF, 0x00, 0xFF, 0xFF, 0x00, 0xFF, 0xFF, 0x00, 0xFF, 0xFF, 0x00, 0xFF, 0xFF,
		0x00, 0xFF, 0xFF, 0x00, 0xFF, 0xFF, 0x00, 0xFF, 0xFF, 0x00, 0xFF, 0xFF, 0x00, 0xFF, 0xFF, 0x00,
		0xFF, 0xFF, 0x00, 0xFF, 0xFF, 0x00, 0xFF, 0xFF, 0x00, 0xFF, 0xFF, 0x00, 0xFF, 0xFF, 0x00, 0xFF,
		0xFF, 0x00, 0xFF, 0xFF, 0x00, 0xFF,
	};

	const NResources::SBinaryEntry ENTRIES[] =
	{
		{ IDB_DMOVED_JUMP_FIRST_KEY,   DATA_IDB_DMOVED_JUMP_FIRST_KEY,   sizeof( DATA_IDB_DMOVED_JUMP_FIRST_KEY ) },
		{ IDB_DMOVED_JUMP_LAST_KEY,    DATA_IDB_DMOVED_JUMP_LAST_KEY,    sizeof( DATA_IDB_DMOVED_JUMP_LAST_KEY ) },
		{ IDB_DMOVED_STEP_NEXT_KEY,    DATA_IDB_DMOVED_STEP_NEXT_KEY,    sizeof( DATA_IDB_DMOVED_STEP_NEXT_KEY ) },
		{ IDB_DMOVED_STEP_PREV_KEY,    DATA_IDB_DMOVED_STEP_PREV_KEY,    sizeof( DATA_IDB_DMOVED_STEP_PREV_KEY ) },
		{ IDB_DMOVED_STOP_MOVIE,       DATA_IDB_DMOVED_STOP_MOVIE,       sizeof( DATA_IDB_DMOVED_STOP_MOVIE ) },
		{ IDB_DMOVED_PLAY_MOVIE,       DATA_IDB_DMOVED_PLAY_MOVIE,       sizeof( DATA_IDB_DMOVED_PLAY_MOVIE ) },
		{ IDB_DMOVED_PAUSE_MOVIE,      DATA_IDB_DMOVED_PAUSE_MOVIE,      sizeof( DATA_IDB_DMOVED_PAUSE_MOVIE ) },
		{ IDB_DMOVED_ADD_SEQ,          DATA_IDB_DMOVED_ADD_SEQ,          sizeof( DATA_IDB_DMOVED_ADD_SEQ ) },
		{ IDB_DMOVED_DEL_SEQ,          DATA_IDB_DMOVED_DEL_SEQ,          sizeof( DATA_IDB_DMOVED_DEL_SEQ ) },
		{ IDB_DMOVED_SETTINGS,         DATA_IDB_DMOVED_SETTINGS,         sizeof( DATA_IDB_DMOVED_SETTINGS ) },
		{ IDB_DMOVED_CHECK_RESIZE_WND, DATA_IDB_DMOVED_CHECK_RESIZE_WND, sizeof( DATA_IDB_DMOVED_CHECK_RESIZE_WND ) },
		{ IDT_MODEL,                   DATA_IDT_MODEL,                   sizeof( DATA_IDT_MODEL ) },
		{ IDT_MAPINFO_TOOLS,           DATA_IDT_MAPINFO_TOOLS,           sizeof( DATA_IDT_MAPINFO_TOOLS ) },
		{ IDT_MAPINFO_VIEW,            DATA_IDT_MAPINFO_VIEW,            sizeof( DATA_IDT_MAPINFO_VIEW ) },
		{ IDB_TMITH_BITMAP,            DATA_IDB_TMITH_BITMAP,            sizeof( DATA_IDB_TMITH_BITMAP ) },
	};

	const NResources::CBinaryTable TABLE( ENTRIES, sizeof( ENTRIES ) / sizeof( ENTRIES[0] ) );
}
